# Blender 3.4.1
# www.blender.org
o Cube.004
v -0.252000 1.041360 0.184800
v -0.246238 1.047200 0.184800
v -0.251228 1.044280 0.184800
v -0.249119 1.046417 0.184800
v 0.246238 1.047200 0.184800
v 0.252000 1.041360 0.184800
v 0.249119 1.046417 0.184800
v 0.251228 1.044280 0.184800
v 0.252000 1.041363 0.167042
v 0.246238 1.041438 0.161280
v 0.246238 1.047200 0.167042
v 0.251230 1.041387 0.164165
v 0.251230 1.044264 0.167042
v 0.250483 1.044164 0.164286
v 0.246238 1.044329 0.162050
v 0.249115 1.041414 0.162050
v 0.248994 1.044183 0.162797
v 0.249115 1.046406 0.167042
v 0.246238 1.046444 0.164165
v 0.248994 1.045672 0.164286
v -0.252000 1.041363 0.167042
v -0.246238 1.047200 0.167042
v -0.246238 1.041438 0.161280
v -0.251144 1.044229 0.167042
v -0.251145 1.041387 0.164214
v -0.250504 1.044152 0.164303
v -0.246238 1.046345 0.164214
v -0.249065 1.046335 0.167042
v -0.248976 1.045695 0.164302
v -0.249066 1.041414 0.162135
v -0.246238 1.044266 0.162135
v -0.248977 1.044164 0.162775
v 0.252000 0.693444 0.184800
v 0.246238 0.687680 0.184800
v 0.251228 0.690562 0.184800
v 0.249119 0.688452 0.184800
v -0.246238 0.687680 0.184800
v -0.252000 0.693444 0.184800
v -0.249119 0.688452 0.184800
v -0.251228 0.690562 0.184800
v -0.246238 0.693441 0.161280
v -0.246238 0.687680 0.167042
v -0.252000 0.693444 0.167042
v -0.246238 0.690564 0.162050
v -0.249115 0.693442 0.162050
v -0.248994 0.690686 0.162797
v -0.249115 0.688450 0.167042
v -0.246238 0.688449 0.164165
v -0.248994 0.689198 0.164286
v -0.251230 0.693443 0.164165
v -0.251230 0.690566 0.167042
v -0.250483 0.690687 0.164286
v 0.246238 0.693441 0.161280
v 0.252000 0.693444 0.167042
v 0.246238 0.687680 0.167042
v 0.249066 0.693442 0.162135
v 0.246238 0.690614 0.162135
v 0.248977 0.690703 0.162775
v 0.251145 0.690615 0.167042
v 0.251145 0.693443 0.164214
v 0.250505 0.690703 0.164303
v 0.246238 0.688535 0.164214
v 0.249066 0.688535 0.167042
v 0.248977 0.689175 0.164303
v 0.246238 0.720617 0.190556
v 0.246238 0.719031 0.190405
v 0.252000 0.713425 0.189073
v 0.252000 0.726373 0.190303
v 0.246238 0.720197 0.188391
v 0.249066 0.721471 0.190519
v 0.249185 0.720463 0.187555
v 0.249066 0.718199 0.190208
v 0.246238 0.719850 0.188358
v 0.249185 0.719747 0.187487
v 0.252000 0.720117 0.172362
v 0.251145 0.716177 0.189727
v 0.251105 0.719851 0.182324
v 0.251145 0.723548 0.190427
v 0.252000 0.722948 0.172631
v 0.251105 0.721332 0.182465
v 0.246238 0.751714 0.190405
v 0.252000 0.746109 0.189073
v 0.252000 0.759056 0.190303
v 0.246238 0.753300 0.190556
v 0.249066 0.750883 0.190208
v 0.246238 0.752534 0.188358
v 0.249185 0.752431 0.187487
v 0.252000 0.752800 0.172362
v 0.251145 0.748860 0.189727
v 0.251105 0.752535 0.182324
v 0.251145 0.756231 0.190427
v 0.252000 0.755631 0.172631
v 0.251105 0.754016 0.182465
v 0.246238 0.752881 0.188391
v 0.249066 0.754154 0.190519
v 0.249185 0.753146 0.187555
v 0.246238 0.785984 0.190556
v 0.246238 0.784398 0.190405
v 0.252000 0.778793 0.189073
v 0.252000 0.791740 0.190303
v 0.246238 0.785564 0.188391
v 0.249066 0.786838 0.190519
v 0.249185 0.785830 0.187555
v 0.249066 0.783566 0.190208
v 0.246238 0.785218 0.188358
v 0.249185 0.785114 0.187487
v 0.252000 0.785484 0.172362
v 0.251145 0.781544 0.189727
v 0.251105 0.785219 0.182324
v 0.251145 0.788915 0.190427
v 0.252000 0.788315 0.172631
v 0.251105 0.786700 0.182465
v 0.246238 0.817082 0.190405
v 0.252000 0.811476 0.189073
v 0.252000 0.824424 0.190303
v 0.246238 0.818668 0.190556
v 0.249066 0.816250 0.190208
v 0.246238 0.817901 0.188358
v 0.249185 0.817798 0.187487
v 0.252000 0.818168 0.172362
v 0.251145 0.814227 0.189727
v 0.251105 0.817902 0.182324
v 0.251145 0.821598 0.190427
v 0.252000 0.820999 0.172631
v 0.251105 0.819383 0.182465
v 0.246238 0.818248 0.188391
v 0.249066 0.819522 0.190519
v 0.249185 0.818514 0.187555
v 0.246238 0.851351 0.190556
v 0.246238 0.849765 0.190405
v 0.252000 0.844160 0.189073
v 0.252000 0.857107 0.190303
v 0.246238 0.850932 0.188391
v 0.249066 0.852205 0.190519
v 0.249185 0.851197 0.187555
v 0.249066 0.848934 0.190208
v 0.246238 0.850585 0.188358
v 0.249185 0.850482 0.187487
v 0.252000 0.850851 0.172362
v 0.251145 0.846911 0.189727
v 0.251105 0.850586 0.182324
v 0.251145 0.854282 0.190427
v 0.252000 0.853682 0.172631
v 0.251105 0.852067 0.182465
v 0.246238 0.882449 0.190405
v 0.252000 0.876843 0.189073
v 0.252000 0.889791 0.190303
v 0.246238 0.884035 0.190556
v 0.249066 0.881617 0.190208
v 0.246238 0.883269 0.188358
v 0.249185 0.883165 0.187487
v 0.252000 0.883535 0.172362
v 0.251145 0.879595 0.189727
v 0.251105 0.883270 0.182324
v 0.251145 0.886966 0.190427
v 0.252000 0.886366 0.172631
v 0.251105 0.884750 0.182465
v 0.246238 0.883615 0.188391
v 0.249066 0.884889 0.190519
v 0.249185 0.883881 0.187555
v 0.246238 0.916719 0.190556
v 0.246238 0.915132 0.190405
v 0.252000 0.909527 0.189073
v 0.252000 0.922475 0.190303
v 0.246238 0.916299 0.188391
v 0.249066 0.917573 0.190519
v 0.249185 0.916565 0.187555
v 0.249066 0.914301 0.190208
v 0.246238 0.915952 0.188358
v 0.249185 0.915849 0.187487
v 0.252000 0.916219 0.172362
v 0.251145 0.912278 0.189727
v 0.251105 0.915953 0.182324
v 0.251145 0.919649 0.190427
v 0.252000 0.919050 0.172631
v 0.251105 0.917434 0.182465
v 0.246238 0.947816 0.190405
v 0.252000 0.942211 0.189073
v 0.252000 0.955158 0.190303
v 0.246238 0.949402 0.190556
v 0.249066 0.946984 0.190208
v 0.246238 0.948636 0.188358
v 0.249185 0.948532 0.187487
v 0.252000 0.948902 0.172362
v 0.251145 0.944962 0.189727
v 0.251105 0.948637 0.182324
v 0.251145 0.952333 0.190427
v 0.252000 0.951733 0.172631
v 0.251105 0.950118 0.182465
v 0.246238 0.948983 0.188391
v 0.249066 0.950256 0.190519
v 0.249185 0.949248 0.187555
v 0.246238 0.982086 0.190556
v 0.246238 0.980500 0.190405
v 0.252000 0.974894 0.189073
v 0.252000 0.987842 0.190303
v 0.246238 0.981666 0.188391
v 0.249066 0.982940 0.190519
v 0.249185 0.981932 0.187555
v 0.249066 0.979668 0.190208
v 0.246238 0.981319 0.188358
v 0.249185 0.981216 0.187487
v 0.252000 0.981586 0.172362
v 0.251145 0.977646 0.189727
v 0.251105 0.981321 0.182324
v 0.251145 0.985017 0.190427
v 0.252000 0.984417 0.172631
v 0.251105 0.982801 0.182465
v 0.246238 1.013183 0.190405
v 0.252000 1.007578 0.189073
v 0.252000 1.020525 0.190303
v 0.246238 1.014769 0.190556
v 0.249066 1.012352 0.190208
v 0.246238 1.014003 0.188358
v 0.249185 1.013900 0.187487
v 0.252000 1.014269 0.172362
v 0.251145 1.010329 0.189727
v 0.251105 1.014004 0.182324
v 0.251145 1.017700 0.190427
v 0.252000 1.017100 0.172631
v 0.251105 1.015485 0.182465
v 0.246238 1.014350 0.188391
v 0.249066 1.015623 0.190519
v 0.249185 1.014615 0.187555
v -0.246238 0.720617 0.190556
v -0.252000 0.726373 0.190303
v -0.252000 0.713425 0.189073
v -0.246238 0.719031 0.190405
v -0.249066 0.721471 0.190518
v -0.246238 0.720197 0.188391
v -0.249185 0.720463 0.187555
v -0.252000 0.722948 0.172631
v -0.251145 0.723548 0.190427
v -0.251105 0.721332 0.182465
v -0.251145 0.716177 0.189727
v -0.252000 0.720117 0.172362
v -0.251105 0.719852 0.182324
v -0.246238 0.719850 0.188358
v -0.249066 0.718199 0.190208
v -0.249185 0.719747 0.187487
v -0.246238 0.751714 0.190405
v -0.246238 0.753300 0.190556
v -0.252000 0.759056 0.190303
v -0.252000 0.746109 0.189073
v -0.246238 0.752534 0.188358
v -0.249066 0.750883 0.190208
v -0.249185 0.752431 0.187487
v -0.249066 0.754154 0.190518
v -0.246238 0.752881 0.188391
v -0.249185 0.753146 0.187555
v -0.252000 0.755631 0.172631
v -0.251145 0.756231 0.190427
v -0.251105 0.754016 0.182465
v -0.251145 0.748860 0.189727
v -0.252000 0.752800 0.172362
v -0.251105 0.752535 0.182324
v -0.246238 0.785984 0.190556
v -0.252000 0.791740 0.190303
v -0.252000 0.778793 0.189073
v -0.246238 0.784398 0.190405
v -0.249066 0.786838 0.190518
v -0.246238 0.785564 0.188391
v -0.249185 0.785830 0.187555
v -0.252000 0.788315 0.172631
v -0.251145 0.788915 0.190427
v -0.251105 0.786700 0.182465
v -0.251145 0.781544 0.189727
v -0.252000 0.785484 0.172362
v -0.251105 0.785219 0.182324
v -0.246238 0.785218 0.188358
v -0.249066 0.783566 0.190208
v -0.249185 0.785114 0.187487
v -0.246238 0.817082 0.190405
v -0.246238 0.818668 0.190556
v -0.252000 0.824424 0.190303
v -0.252000 0.811476 0.189073
v -0.246238 0.817901 0.188358
v -0.249066 0.816250 0.190208
v -0.249185 0.817798 0.187487
v -0.249066 0.819522 0.190518
v -0.246238 0.818248 0.188391
v -0.249185 0.818514 0.187555
v -0.252000 0.820999 0.172631
v -0.251145 0.821598 0.190427
v -0.251105 0.819383 0.182465
v -0.251145 0.814227 0.189727
v -0.252000 0.818168 0.172362
v -0.251105 0.817902 0.182324
v -0.246238 0.851351 0.190556
v -0.252000 0.857107 0.190303
v -0.252000 0.844160 0.189073
v -0.246238 0.849765 0.190405
v -0.249066 0.852205 0.190518
v -0.246238 0.850932 0.188391
v -0.249185 0.851197 0.187555
v -0.252000 0.853682 0.172631
v -0.251145 0.854282 0.190427
v -0.251105 0.852067 0.182465
v -0.251145 0.846911 0.189727
v -0.252000 0.850851 0.172362
v -0.251105 0.850586 0.182324
v -0.246238 0.850585 0.188358
v -0.249066 0.848933 0.190208
v -0.249185 0.850482 0.187487
v -0.246238 0.882449 0.190405
v -0.246238 0.884035 0.190556
v -0.252000 0.889791 0.190303
v -0.252000 0.876843 0.189073
v -0.246238 0.883269 0.188358
v -0.249066 0.881617 0.190208
v -0.249185 0.883165 0.187487
v -0.249066 0.884889 0.190518
v -0.246238 0.883615 0.188391
v -0.249185 0.883881 0.187555
v -0.252000 0.886366 0.172631
v -0.251145 0.886966 0.190427
v -0.251105 0.884750 0.182465
v -0.251145 0.879595 0.189727
v -0.252000 0.883535 0.172362
v -0.251105 0.883270 0.182324
v -0.246238 0.916719 0.190556
v -0.252000 0.922475 0.190303
v -0.252000 0.909527 0.189073
v -0.246238 0.915132 0.190405
v -0.249066 0.917573 0.190518
v -0.246238 0.916299 0.188391
v -0.249185 0.916565 0.187555
v -0.252000 0.919050 0.172631
v -0.251145 0.919649 0.190427
v -0.251105 0.917434 0.182465
v -0.251145 0.912278 0.189727
v -0.252000 0.916219 0.172362
v -0.251105 0.915953 0.182324
v -0.246238 0.915952 0.188358
v -0.249066 0.914301 0.190208
v -0.249185 0.915849 0.187487
v -0.246238 0.947816 0.190405
v -0.246238 0.949402 0.190556
v -0.252000 0.955158 0.190303
v -0.252000 0.942211 0.189073
v -0.246238 0.948636 0.188358
v -0.249066 0.946984 0.190208
v -0.249185 0.948532 0.187487
v -0.249066 0.950256 0.190518
v -0.246238 0.948983 0.188391
v -0.249185 0.949248 0.187555
v -0.252000 0.951733 0.172631
v -0.251145 0.952333 0.190427
v -0.251105 0.950118 0.182465
v -0.251145 0.944962 0.189727
v -0.252000 0.948902 0.172362
v -0.251105 0.948637 0.182324
v -0.246238 0.982086 0.190556
v -0.252000 0.987842 0.190303
v -0.252000 0.974894 0.189073
v -0.246238 0.980500 0.190405
v -0.249066 0.982940 0.190518
v -0.246238 0.981666 0.188391
v -0.249185 0.981932 0.187555
v -0.252000 0.984417 0.172631
v -0.251145 0.985017 0.190427
v -0.251105 0.982801 0.182465
v -0.251145 0.977646 0.189727
v -0.252000 0.981586 0.172362
v -0.251105 0.981321 0.182324
v -0.246238 0.981319 0.188358
v -0.249066 0.979668 0.190208
v -0.249185 0.981216 0.187487
v -0.246238 1.013183 0.190405
v -0.246238 1.014769 0.190556
v -0.252000 1.020525 0.190303
v -0.252000 1.007578 0.189073
v -0.246238 1.014003 0.188358
v -0.249066 1.012352 0.190208
v -0.249185 1.013900 0.187487
v -0.249066 1.015623 0.190518
v -0.246238 1.014350 0.188391
v -0.249185 1.014615 0.187555
v -0.252000 1.017100 0.172631
v -0.251145 1.017700 0.190427
v -0.251105 1.015485 0.182465
v -0.251145 1.010329 0.189727
v -0.252000 1.014269 0.172362
v -0.251105 1.014004 0.182324
v -0.252000 0.720363 0.167042
v -0.246238 0.720363 0.161280
v -0.251228 0.720363 0.164161
v -0.249119 0.720363 0.162052
v -0.252000 0.753047 0.167042
v -0.246238 0.753047 0.161280
v -0.251228 0.753047 0.164161
v -0.249119 0.753047 0.162052
v -0.252000 0.785731 0.167042
v -0.246238 0.785731 0.161280
v -0.251228 0.785731 0.164161
v -0.249119 0.785731 0.162052
v -0.252000 0.818414 0.167042
v -0.246238 0.818414 0.161280
v -0.251228 0.818414 0.164161
v -0.249119 0.818414 0.162052
v -0.252000 0.851098 0.167042
v -0.246238 0.851098 0.161280
v -0.251228 0.851098 0.164161
v -0.249119 0.851098 0.162052
v -0.252000 0.883782 0.167042
v -0.246238 0.883782 0.161280
v -0.251228 0.883782 0.164161
v -0.249119 0.883782 0.162052
v -0.252000 0.916465 0.167042
v -0.246238 0.916465 0.161280
v -0.251228 0.916465 0.164161
v -0.249119 0.916465 0.162052
v -0.252000 0.949149 0.167042
v -0.246238 0.949149 0.161280
v -0.251228 0.949149 0.164161
v -0.249119 0.949149 0.162052
v -0.252000 0.981832 0.167042
v -0.246238 0.981832 0.161280
v -0.251228 0.981832 0.164161
v -0.249119 0.981832 0.162052
v -0.246238 1.014516 0.161280
v -0.252000 1.014516 0.167042
v -0.249119 1.014516 0.162052
v -0.251228 1.014516 0.164161
v 0.246238 0.720363 0.161280
v 0.252000 0.720363 0.167042
v 0.249119 0.720363 0.162052
v 0.251228 0.720363 0.164161
v 0.246238 0.753047 0.161280
v 0.252000 0.753047 0.167042
v 0.249119 0.753047 0.162052
v 0.251228 0.753047 0.164161
v 0.246238 0.785731 0.161280
v 0.252000 0.785731 0.167042
v 0.249119 0.785731 0.162052
v 0.251228 0.785731 0.164161
v 0.246238 0.818414 0.161280
v 0.252000 0.818414 0.167042
v 0.249119 0.818414 0.162052
v 0.251228 0.818414 0.164161
v 0.246238 0.851098 0.161280
v 0.252000 0.851098 0.167042
v 0.249119 0.851098 0.162052
v 0.251228 0.851098 0.164161
v 0.246238 0.883782 0.161280
v 0.252000 0.883782 0.167042
v 0.249119 0.883782 0.162052
v 0.251228 0.883782 0.164161
v 0.246238 0.916465 0.161280
v 0.252000 0.916465 0.167042
v 0.249119 0.916465 0.162052
v 0.251228 0.916465 0.164161
v 0.246238 0.949149 0.161280
v 0.252000 0.949149 0.167042
v 0.249119 0.949149 0.162052
v 0.251228 0.949149 0.164161
v 0.246238 0.981832 0.161280
v 0.252000 0.981832 0.167042
v 0.249119 0.981832 0.162052
v 0.251228 0.981832 0.164161
v 0.252000 1.014516 0.167042
v 0.246238 1.014516 0.161280
v 0.251228 1.014516 0.164161
v 0.249119 1.014516 0.162052
v 0.246238 0.688412 0.201433
v 0.252000 0.694067 0.198936
v 0.246238 0.694042 0.205119
v 0.249115 0.689218 0.201021
v 0.246238 0.689206 0.204109
v 0.248994 0.689986 0.203584
v 0.251230 0.694105 0.201945
v 0.251230 0.691294 0.200105
v 0.250483 0.691447 0.202939
v 0.246238 0.691273 0.205462
v 0.249115 0.694096 0.204215
v 0.248994 0.691441 0.204537
v -0.246238 0.688412 0.201433
v -0.246238 0.694042 0.205119
v -0.252000 0.694067 0.198936
v -0.246238 0.689347 0.203965
v -0.249065 0.689233 0.200679
v -0.248975 0.689987 0.203447
v -0.249065 0.694404 0.204064
v -0.246238 0.691348 0.205275
v -0.248974 0.691566 0.204481
v -0.251146 0.691276 0.199776
v -0.251146 0.694413 0.201831
v -0.250506 0.691557 0.202771
v 0.252000 1.020905 0.198935
v 0.246238 1.020878 0.205119
v 0.246238 1.015248 0.201433
v 0.251230 1.020943 0.201944
v 0.251230 1.018132 0.200104
v 0.250483 1.018284 0.202939
v 0.246238 1.018108 0.205462
v 0.249115 1.020933 0.204215
v 0.248994 1.018277 0.204537
v 0.249115 1.016055 0.201021
v 0.246238 1.016042 0.204109
v 0.248994 1.016822 0.203584
v 0.252000 1.039718 0.191691
v 0.246238 1.045867 0.190405
v 0.246238 1.039157 0.198081
v 0.251147 1.042626 0.191512
v 0.251146 1.039894 0.194652
v 0.250507 1.042317 0.194035
v 0.246238 1.044426 0.193448
v 0.249066 1.044848 0.191047
v 0.248978 1.043748 0.193655
v 0.249064 1.039691 0.196961
v 0.246238 1.041980 0.196247
v 0.248977 1.042114 0.195529
v -0.252000 1.020905 0.198935
v -0.246238 1.015248 0.201433
v -0.246238 1.020878 0.205119
v -0.251230 1.018132 0.200104
v -0.251230 1.020943 0.201944
v -0.250483 1.018284 0.202938
v -0.246238 1.016042 0.204109
v -0.249115 1.016055 0.201021
v -0.248994 1.016822 0.203584
v -0.249115 1.020933 0.204214
v -0.246238 1.018108 0.205462
v -0.248994 1.018277 0.204537
v -0.252000 1.039718 0.191691
v -0.246238 1.039157 0.198081
v -0.246238 1.045867 0.190405
v -0.251230 1.039297 0.194738
v -0.251230 1.042647 0.190906
v -0.250483 1.042123 0.193860
v -0.246238 1.042161 0.196442
v -0.249115 1.039091 0.197084
v -0.248994 1.041978 0.195511
v -0.249115 1.044904 0.190434
v -0.246238 1.044624 0.193624
v -0.248994 1.043712 0.193528
v 0.252000 0.712795 0.191725
v 0.246238 0.719031 0.190405
v 0.246238 0.712321 0.198081
v 0.251230 0.715751 0.190929
v 0.251230 0.712401 0.194761
v 0.250483 0.715253 0.193873
v 0.246238 0.717804 0.193618
v 0.249115 0.718040 0.190444
v 0.248994 0.716864 0.193532
v 0.249115 0.712227 0.197095
v 0.246238 0.715341 0.196436
v 0.248994 0.715130 0.195516
v 0.252000 0.759436 0.198935
v 0.246238 0.759409 0.205119
v 0.246238 0.753779 0.201433
v 0.251230 0.759474 0.201944
v 0.251230 0.756663 0.200104
v 0.250483 0.756815 0.202939
v 0.246238 0.756639 0.205462
v 0.249115 0.759464 0.204214
v 0.248994 0.756808 0.204537
v 0.249115 0.754586 0.201021
v 0.246238 0.754573 0.204109
v 0.248994 0.755353 0.203584
v 0.252000 0.778162 0.191725
v 0.246238 0.784398 0.190405
v 0.246238 0.777688 0.198081
v 0.251230 0.781119 0.190929
v 0.251230 0.777768 0.194761
v 0.250483 0.780620 0.193873
v 0.246238 0.783171 0.193618
v 0.249115 0.783408 0.190444
v 0.248994 0.782231 0.193532
v 0.249115 0.777594 0.197095
v 0.246238 0.780708 0.196436
v 0.248994 0.780497 0.195516
v 0.252000 0.824804 0.198935
v 0.246238 0.824777 0.205119
v 0.246238 0.819146 0.201433
v 0.251230 0.824841 0.201944
v 0.251230 0.822030 0.200104
v 0.250483 0.822183 0.202939
v 0.246238 0.822007 0.205462
v 0.249115 0.824832 0.204214
v 0.248994 0.822176 0.204537
v 0.249115 0.819954 0.201021
v 0.246238 0.819940 0.204109
v 0.248994 0.820721 0.203584
v 0.252000 0.843529 0.191725
v 0.246238 0.849765 0.190405
v 0.246238 0.843056 0.198081
v 0.251230 0.846486 0.190929
v 0.251230 0.843136 0.194761
v 0.250483 0.845987 0.193873
v 0.246238 0.848538 0.193618
v 0.249115 0.848775 0.190444
v 0.248994 0.847599 0.193532
v 0.249115 0.842962 0.197095
v 0.246238 0.846076 0.196436
v 0.248994 0.845865 0.195516
v 0.252000 0.890171 0.198935
v 0.246238 0.890144 0.205119
v 0.246238 0.884514 0.201433
v 0.251230 0.890209 0.201944
v 0.251230 0.887397 0.200104
v 0.250483 0.887550 0.202939
v 0.246238 0.887374 0.205462
v 0.249115 0.890199 0.204214
v 0.248994 0.887543 0.204537
v 0.249115 0.885321 0.201021
v 0.246238 0.885307 0.204109
v 0.248994 0.886088 0.203584
v 0.252000 0.908896 0.191725
v 0.246238 0.915132 0.190405
v 0.246238 0.908423 0.198081
v 0.251230 0.911853 0.190929
v 0.251230 0.908503 0.194761
v 0.250483 0.911354 0.193873
v 0.246238 0.913906 0.193618
v 0.249115 0.914142 0.190444
v 0.248994 0.912966 0.193532
v 0.249115 0.908329 0.197095
v 0.246238 0.911443 0.196436
v 0.248994 0.911232 0.195516
v 0.252000 0.955538 0.198935
v 0.246238 0.955511 0.205119
v 0.246238 0.949881 0.201433
v 0.251230 0.955576 0.201944
v 0.251230 0.952765 0.200104
v 0.250483 0.952917 0.202939
v 0.246238 0.952741 0.205462
v 0.249115 0.955566 0.204214
v 0.248994 0.952910 0.204537
v 0.249115 0.950688 0.201021
v 0.246238 0.950675 0.204109
v 0.248994 0.951455 0.203584
v 0.252000 0.974264 0.191725
v 0.246238 0.980500 0.190405
v 0.246238 0.973790 0.198081
v 0.251230 0.977221 0.190929
v 0.251230 0.973870 0.194761
v 0.250483 0.976722 0.193873
v 0.246238 0.979273 0.193618
v 0.249115 0.979509 0.190444
v 0.248994 0.978333 0.193532
v 0.249115 0.973696 0.197095
v 0.246238 0.976810 0.196436
v 0.248994 0.976599 0.195516
v -0.252000 0.712795 0.191725
v -0.246238 0.712321 0.198081
v -0.246238 0.719031 0.190405
v -0.251230 0.712401 0.194761
v -0.251230 0.715751 0.190929
v -0.250483 0.715253 0.193873
v -0.246238 0.715341 0.196436
v -0.249115 0.712227 0.197094
v -0.248994 0.715130 0.195516
v -0.249115 0.718040 0.190444
v -0.246238 0.717804 0.193618
v -0.248994 0.716864 0.193532
v -0.252000 0.759436 0.198935
v -0.246238 0.753779 0.201433
v -0.246238 0.759409 0.205119
v -0.251230 0.756663 0.200104
v -0.251230 0.759474 0.201944
v -0.250483 0.756815 0.202938
v -0.246238 0.754573 0.204109
v -0.249115 0.754586 0.201021
v -0.248994 0.755353 0.203584
v -0.249115 0.759464 0.204214
v -0.246238 0.756639 0.205462
v -0.248994 0.756808 0.204537
v -0.252000 0.778162 0.191725
v -0.246238 0.777688 0.198081
v -0.246238 0.784398 0.190405
v -0.251230 0.777768 0.194761
v -0.251230 0.781119 0.190929
v -0.250483 0.780620 0.193873
v -0.246238 0.780708 0.196436
v -0.249115 0.777594 0.197094
v -0.248994 0.780497 0.195516
v -0.249115 0.783408 0.190444
v -0.246238 0.783171 0.193618
v -0.248994 0.782231 0.193532
v -0.252000 0.824804 0.198935
v -0.246238 0.819146 0.201433
v -0.246238 0.824777 0.205119
v -0.251230 0.822030 0.200104
v -0.251230 0.824841 0.201944
v -0.250483 0.822183 0.202938
v -0.246238 0.819940 0.204109
v -0.249115 0.819954 0.201021
v -0.248994 0.820721 0.203584
v -0.249115 0.824832 0.204214
v -0.246238 0.822007 0.205462
v -0.248994 0.822176 0.204537
v -0.252000 0.843529 0.191725
v -0.246238 0.843056 0.198081
v -0.246238 0.849765 0.190405
v -0.251230 0.843136 0.194761
v -0.251230 0.846486 0.190929
v -0.250483 0.845987 0.193873
v -0.246238 0.846076 0.196436
v -0.249115 0.842962 0.197094
v -0.248994 0.845865 0.195516
v -0.249115 0.848775 0.190444
v -0.246238 0.848538 0.193618
v -0.248994 0.847599 0.193532
v -0.252000 0.890171 0.198935
v -0.246238 0.884514 0.201433
v -0.246238 0.890144 0.205119
v -0.251230 0.887397 0.200104
v -0.251230 0.890209 0.201944
v -0.250483 0.887550 0.202938
v -0.246238 0.885307 0.204109
v -0.249115 0.885321 0.201021
v -0.248994 0.886088 0.203584
v -0.249115 0.890199 0.204214
v -0.246238 0.887374 0.205462
v -0.248994 0.887543 0.204537
v -0.252000 0.908896 0.191725
v -0.246238 0.908423 0.198081
v -0.246238 0.915132 0.190405
v -0.251230 0.908503 0.194761
v -0.251230 0.911853 0.190929
v -0.250483 0.911354 0.193873
v -0.246238 0.911443 0.196436
v -0.249115 0.908329 0.197094
v -0.248994 0.911232 0.195516
v -0.249115 0.914142 0.190444
v -0.246238 0.913906 0.193618
v -0.248994 0.912966 0.193532
v -0.252000 0.955538 0.198935
v -0.246238 0.949881 0.201433
v -0.246238 0.955511 0.205119
v -0.251230 0.952765 0.200104
v -0.251230 0.955576 0.201944
v -0.250483 0.952917 0.202938
v -0.246238 0.950675 0.204109
v -0.249115 0.950688 0.201021
v -0.248994 0.951455 0.203584
v -0.249115 0.955566 0.204214
v -0.246238 0.952741 0.205462
v -0.248994 0.952910 0.204537
v -0.252000 0.974264 0.191725
v -0.246238 0.973790 0.198081
v -0.246238 0.980500 0.190405
v -0.251230 0.973870 0.194761
v -0.251230 0.977221 0.190929
v -0.250483 0.976722 0.193873
v -0.246238 0.976810 0.196436
v -0.249115 0.973696 0.197094
v -0.248994 0.976599 0.195516
v -0.249115 0.979509 0.190444
v -0.246238 0.979273 0.193618
v -0.248994 0.978333 0.193532
v 0.252000 0.726753 0.198935
v 0.246238 0.726726 0.205119
v 0.246238 0.721096 0.201433
v 0.251230 0.726791 0.201944
v 0.251230 0.723979 0.200104
v 0.250483 0.724132 0.202939
v 0.246238 0.723956 0.205462
v 0.249115 0.726781 0.204214
v 0.248994 0.724125 0.204537
v 0.249115 0.721903 0.201021
v 0.246238 0.721889 0.204109
v 0.248994 0.722670 0.203584
v 0.252000 0.745478 0.191725
v 0.246238 0.751714 0.190405
v 0.246238 0.745005 0.198081
v 0.251230 0.748435 0.190929
v 0.251230 0.745085 0.194761
v 0.250483 0.747936 0.193873
v 0.246238 0.750488 0.193618
v 0.249115 0.750724 0.190444
v 0.248994 0.749548 0.193532
v 0.249115 0.744911 0.197095
v 0.246238 0.748025 0.196436
v 0.248994 0.747814 0.195516
v 0.252000 0.792120 0.198935
v 0.246238 0.792093 0.205119
v 0.246238 0.786463 0.201433
v 0.251230 0.792158 0.201944
v 0.251230 0.789346 0.200104
v 0.250483 0.789499 0.202939
v 0.246238 0.789323 0.205462
v 0.249115 0.792148 0.204215
v 0.248994 0.789492 0.204537
v 0.249115 0.787270 0.201021
v 0.246238 0.787256 0.204109
v 0.248994 0.788037 0.203584
v 0.252000 0.810846 0.191725
v 0.246238 0.817082 0.190405
v 0.246238 0.810372 0.198081
v 0.251230 0.813802 0.190929
v 0.251230 0.810452 0.194761
v 0.250483 0.813303 0.193873
v 0.246238 0.815855 0.193618
v 0.249115 0.816091 0.190444
v 0.248994 0.814915 0.193532
v 0.249115 0.810278 0.197095
v 0.246238 0.813392 0.196436
v 0.248994 0.813181 0.195516
v 0.252000 0.857487 0.198935
v 0.246238 0.857460 0.205119
v 0.246238 0.851830 0.201433
v 0.251230 0.857525 0.201944
v 0.251230 0.854714 0.200104
v 0.250483 0.854866 0.202939
v 0.246238 0.854690 0.205462
v 0.249115 0.857515 0.204214
v 0.248994 0.854859 0.204537
v 0.249115 0.852637 0.201021
v 0.246238 0.852624 0.204109
v 0.248994 0.853404 0.203584
v 0.252000 0.876213 0.191725
v 0.246238 0.882449 0.190405
v 0.246238 0.875739 0.198081
v 0.251230 0.879170 0.190929
v 0.251230 0.875819 0.194761
v 0.250483 0.878671 0.193873
v 0.246238 0.881222 0.193618
v 0.249115 0.881459 0.190444
v 0.248994 0.880282 0.193532
v 0.249115 0.875645 0.197095
v 0.246238 0.878759 0.196436
v 0.248994 0.878548 0.195516
v 0.252000 0.922855 0.198935
v 0.246238 0.922828 0.205119
v 0.246238 0.917197 0.201433
v 0.251230 0.922892 0.201944
v 0.251230 0.920081 0.200104
v 0.250483 0.920233 0.202939
v 0.246238 0.920058 0.205462
v 0.249115 0.922882 0.204215
v 0.248994 0.920226 0.204537
v 0.249115 0.918004 0.201021
v 0.246238 0.917991 0.204109
v 0.248994 0.918772 0.203584
v 0.252000 0.941580 0.191725
v 0.246238 0.947816 0.190405
v 0.246238 0.941106 0.198081
v 0.251230 0.944537 0.190929
v 0.251230 0.941186 0.194761
v 0.250483 0.944038 0.193873
v 0.246238 0.946589 0.193618
v 0.249115 0.946826 0.190444
v 0.248994 0.945650 0.193532
v 0.249115 0.941013 0.197095
v 0.246238 0.944126 0.196436
v 0.248994 0.943916 0.195516
v 0.252000 0.988222 0.198935
v 0.246238 0.988195 0.205119
v 0.246238 0.982565 0.201433
v 0.251230 0.988260 0.201944
v 0.251230 0.985448 0.200104
v 0.250483 0.985601 0.202939
v 0.246238 0.985425 0.205462
v 0.249115 0.988250 0.204214
v 0.248994 0.985594 0.204537
v 0.249115 0.983372 0.201021
v 0.246238 0.983358 0.204109
v 0.248994 0.984139 0.203584
v 0.252000 1.006947 0.191725
v 0.246238 1.013183 0.190405
v 0.246238 1.006474 0.198081
v 0.251230 1.009904 0.190929
v 0.251230 1.006554 0.194761
v 0.250483 1.009405 0.193873
v 0.246238 1.011957 0.193618
v 0.249115 1.012193 0.190444
v 0.248994 1.011017 0.193532
v 0.249115 1.006380 0.197095
v 0.246238 1.009494 0.196436
v 0.248994 1.009283 0.195516
v -0.252000 0.726753 0.198935
v -0.246238 0.721096 0.201433
v -0.246238 0.726726 0.205119
v -0.251230 0.723979 0.200104
v -0.251230 0.726791 0.201944
v -0.250483 0.724132 0.202938
v -0.246238 0.721889 0.204109
v -0.249115 0.721903 0.201021
v -0.248994 0.722670 0.203584
v -0.249115 0.726781 0.204214
v -0.246238 0.723956 0.205462
v -0.248994 0.724125 0.204537
v -0.252000 0.745478 0.191725
v -0.246238 0.745005 0.198081
v -0.246238 0.751714 0.190405
v -0.251230 0.745085 0.194761
v -0.251230 0.748435 0.190929
v -0.250483 0.747936 0.193873
v -0.246238 0.748025 0.196436
v -0.249115 0.744911 0.197094
v -0.248994 0.747814 0.195516
v -0.249115 0.750724 0.190444
v -0.246238 0.750488 0.193618
v -0.248994 0.749548 0.193532
v -0.252000 0.792120 0.198935
v -0.246238 0.786463 0.201433
v -0.246238 0.792093 0.205119
v -0.251230 0.789346 0.200104
v -0.251230 0.792158 0.201944
v -0.250483 0.789499 0.202938
v -0.246238 0.787256 0.204109
v -0.249115 0.787270 0.201021
v -0.248994 0.788037 0.203584
v -0.249115 0.792148 0.204214
v -0.246238 0.789323 0.205462
v -0.248994 0.789492 0.204537
v -0.252000 0.810846 0.191725
v -0.246238 0.810372 0.198081
v -0.246238 0.817082 0.190405
v -0.251230 0.810452 0.194761
v -0.251230 0.813802 0.190929
v -0.250483 0.813303 0.193873
v -0.246238 0.813392 0.196436
v -0.249115 0.810278 0.197094
v -0.248994 0.813181 0.195516
v -0.249115 0.816091 0.190444
v -0.246238 0.815855 0.193618
v -0.248994 0.814915 0.193532
v -0.252000 0.857487 0.198935
v -0.246238 0.851830 0.201433
v -0.246238 0.857460 0.205119
v -0.251230 0.854714 0.200104
v -0.251230 0.857525 0.201944
v -0.250483 0.854866 0.202938
v -0.246238 0.852624 0.204109
v -0.249115 0.852637 0.201021
v -0.248994 0.853404 0.203584
v -0.249115 0.857515 0.204214
v -0.246238 0.854690 0.205462
v -0.248994 0.854859 0.204537
v -0.252000 0.876213 0.191725
v -0.246238 0.875739 0.198081
v -0.246238 0.882449 0.190405
v -0.251230 0.875819 0.194761
v -0.251230 0.879170 0.190929
v -0.250483 0.878671 0.193873
v -0.246238 0.878759 0.196436
v -0.249115 0.875645 0.197094
v -0.248994 0.878548 0.195516
v -0.249115 0.881459 0.190444
v -0.246238 0.881222 0.193618
v -0.248994 0.880282 0.193532
v -0.252000 0.922855 0.198935
v -0.246238 0.917197 0.201433
v -0.246238 0.922828 0.205119
v -0.251230 0.920081 0.200104
v -0.251230 0.922892 0.201944
v -0.250483 0.920233 0.202938
v -0.246238 0.917991 0.204109
v -0.249115 0.918004 0.201021
v -0.248994 0.918772 0.203584
v -0.249115 0.922882 0.204214
v -0.246238 0.920058 0.205462
v -0.248994 0.920226 0.204537
v -0.252000 0.941580 0.191725
v -0.246238 0.941106 0.198081
v -0.246238 0.947816 0.190405
v -0.251230 0.941186 0.194761
v -0.251230 0.944537 0.190929
v -0.250483 0.944038 0.193873
v -0.246238 0.944126 0.196436
v -0.249115 0.941013 0.197094
v -0.248994 0.943916 0.195516
v -0.249115 0.946826 0.190444
v -0.246238 0.946589 0.193618
v -0.248994 0.945650 0.193532
v -0.252000 0.988222 0.198935
v -0.246238 0.982565 0.201433
v -0.246238 0.988195 0.205119
v -0.251230 0.985448 0.200104
v -0.251230 0.988260 0.201944
v -0.250483 0.985601 0.202938
v -0.246238 0.983358 0.204109
v -0.249115 0.983372 0.201021
v -0.248994 0.984139 0.203584
v -0.249115 0.988250 0.204214
v -0.246238 0.985425 0.205462
v -0.248994 0.985594 0.204537
v -0.252000 1.006947 0.191725
v -0.246238 1.006474 0.198081
v -0.246238 1.013183 0.190405
v -0.251230 1.006554 0.194761
v -0.251230 1.009904 0.190929
v -0.250483 1.009405 0.193873
v -0.246238 1.009494 0.196436
v -0.249115 1.006380 0.197094
v -0.248994 1.009283 0.195516
v -0.249115 1.012193 0.190444
v -0.246238 1.011957 0.193618
v -0.248994 1.011017 0.193532
vn 1.0000 -0.0000 -0.0000
vn -0.0000 0.9729 0.2313
vn -1.0000 -0.0000 -0.0000
vn -0.0000 -0.9990 0.0440
vn -0.0000 1.0000 -0.0000
vn -0.0000 -0.0000 -1.0000
vn -0.0000 -1.0000 -0.0000
vn -0.0000 0.3593 0.9332
vn -0.0000 0.9836 0.1802
vn -0.0000 0.9314 0.3640
vn -0.0000 0.9663 0.2575
vn -0.0000 0.9855 0.1699
vn 0.9328 0.2548 -0.2548
vn 0.6918 0.2164 -0.6889
vn 0.2587 0.2553 -0.9316
vn 0.2234 0.6892 -0.6892
vn 0.2641 0.9310 -0.2520
vn 0.6953 0.6863 -0.2135
vn 0.5823 0.5748 -0.5748
vn -0.9340 0.2522 -0.2532
vn -0.6991 0.6912 -0.1833
vn -0.2578 0.9321 -0.2543
vn -0.1878 0.6941 -0.6949
vn -0.2562 0.2541 -0.9326
vn -0.6961 0.1839 -0.6940
vn -0.5808 0.5750 -0.5763
vn -0.2567 -0.2566 -0.9318
vn -0.2180 -0.6901 -0.6901
vn -0.2569 -0.9318 -0.2564
vn -0.6903 -0.6900 -0.2176
vn -0.9319 -0.2565 -0.2565
vn -0.6902 -0.2177 -0.6901
vn -0.5775 -0.5773 -0.5773
vn 0.2547 -0.2546 -0.9329
vn 0.6949 -0.1849 -0.6949
vn 0.9330 -0.2545 -0.2546
vn 0.6950 -0.6948 -0.1849
vn 0.2547 -0.9329 -0.2546
vn 0.1851 -0.6949 -0.6949
vn 0.5775 -0.5773 -0.5773
vn 0.2221 -0.9380 0.2662
vn 0.2795 -0.0908 0.9558
vn 0.2222 0.8710 0.4381
vn 0.7340 0.6012 0.3159
vn 0.9649 0.2418 0.1024
vn 0.9960 -0.0085 0.0892
vn 0.9649 -0.2568 0.0550
vn 0.7340 -0.6499 0.1970
vn 0.9369 -0.0330 0.3479
vn 0.2221 0.8710 0.4381
vn 0.2222 -0.9380 0.2662
vn 0.9369 -0.0331 0.3479
vn 0.9370 -0.0331 0.3479
vn 0.9370 -0.0330 0.3479
vn -0.2222 -0.9380 0.2662
vn -0.7340 -0.6499 0.1970
vn -0.9649 -0.2568 0.0550
vn -0.9960 -0.0085 0.0892
vn -0.9649 0.2418 0.1024
vn -0.7340 0.6012 0.3159
vn -0.2222 0.8710 0.4381
vn -0.2795 -0.0908 0.9558
vn -0.9369 -0.0331 0.3479
vn -0.9369 -0.0330 0.3479
vn -0.9370 -0.0331 0.3479
vn 0.3030 -0.9113 0.2787
vn 0.7305 -0.6439 0.2275
vn 0.9532 -0.1656 0.2529
vn 0.7306 0.0491 0.6810
vn 0.3032 0.1092 0.9467
vn 0.2999 -0.5225 0.7982
vn 0.6691 -0.4071 0.6218
vn -0.3053 -0.9058 0.2938
vn -0.2756 -0.5265 0.8042
vn -0.3053 0.0931 0.9477
vn -0.7357 0.0661 0.6741
vn -0.9508 -0.1698 0.2593
vn -0.7356 -0.6443 0.2090
vn -0.6813 -0.4009 0.6124
vn 0.7307 0.0491 0.6810
vn 0.3032 0.1093 0.9466
vn 0.3001 -0.5225 0.7981
vn 0.3032 -0.9113 0.2785
vn 0.7307 -0.6437 0.2274
vn 0.6692 -0.4070 0.6217
vn 0.9198 0.2960 0.2577
vn 0.6478 0.7062 0.2857
vn 0.2099 0.8905 0.4036
vn 0.1348 0.7463 0.6518
vn 0.2112 0.5192 0.8281
vn 0.6514 0.3763 0.6588
vn 0.4765 0.6624 0.5780
vn -0.9532 -0.1656 0.2529
vn -0.7307 -0.6437 0.2274
vn -0.3032 -0.9113 0.2785
vn -0.3001 -0.5225 0.7981
vn -0.3032 0.1093 0.9466
vn -0.7307 0.0491 0.6810
vn -0.6692 -0.4070 0.6217
vn -0.9055 0.3195 0.2793
vn -0.6715 0.3761 0.6385
vn -0.3056 0.4606 0.8333
vn -0.2628 0.7264 0.6350
vn -0.2999 0.8881 0.3483
vn -0.6671 0.6859 0.2906
vn -0.5489 0.6294 0.5501
vn 0.9068 0.3173 0.2774
vn 0.6728 0.6822 0.2864
vn 0.3069 0.8873 0.3443
vn 0.2673 0.7255 0.6342
vn 0.3069 0.4599 0.8333
vn 0.6728 0.3750 0.6378
vn 0.5533 0.6272 0.5482
vn 0.9532 -0.1655 0.2529
vn 0.9068 0.3174 0.2774
vn 0.5532 0.6272 0.5482
vn 0.7307 0.0491 0.6809
vn -0.9068 0.3174 0.2774
vn -0.6728 0.3750 0.6378
vn -0.3069 0.4599 0.8333
vn -0.2673 0.7255 0.6342
vn -0.3069 0.8873 0.3443
vn -0.6728 0.6822 0.2864
vn -0.5533 0.6272 0.5482
vn -0.9068 0.3173 0.2774
vn -0.7307 0.0491 0.6809
vn -0.9532 -0.1655 0.2529
vn 0.0001 -0.2739 -0.9618
vn 0.0002 -0.7071 -0.7071
vn 0.0001 -0.9618 -0.2738
vn 0.2640 0.9645 -0.0003
vn 0.7118 0.7024 -0.0006
vn 0.9667 0.2560 -0.0000
vn -0.9626 0.2708 -0.0026
vn -0.7117 0.7025 -0.0054
vn -0.2773 0.9608 -0.0027
vn -0.0001 0.9624 -0.2717
vn -0.0002 0.7071 -0.7071
vn -0.0001 0.2733 -0.9619
vn -0.9617 0.0018 -0.2740
vn -0.7071 0.0036 -0.7071
vn -0.2741 0.0018 -0.9617
vn 0.2586 -0.0000 -0.9660
vn 0.7071 -0.0000 -0.7071
vn 0.9660 -0.0000 -0.2586
vn -0.2588 -0.9659 -0.0000
vn -0.7073 -0.7069 -0.0001
vn -0.9660 -0.2585 -0.0000
vn 0.2742 -0.9617 -0.0027
vn 0.7073 -0.7069 -0.0054
vn 0.9617 -0.2739 -0.0027
vn -0.9660 -0.0000 -0.2586
vn -0.7071 -0.0000 -0.7071
vn -0.2586 -0.0000 -0.9660
vn -0.9659 -0.0000 -0.2588
vn -0.2588 -0.0000 -0.9659
vn 0.2741 -0.0018 -0.9617
vn 0.7071 -0.0036 -0.7071
vn 0.9617 -0.0018 -0.2741
vn 0.2588 -0.0000 -0.9659
vn 0.9659 -0.0000 -0.2588
vn -0.0000 0.9283 0.3717
vn -0.0000 -0.0946 0.9955
vn -0.0000 -0.9817 0.1903
vn -0.0002 0.0910 0.9959
vn -0.0004 -0.5477 0.8367
vn -0.0002 -0.9491 0.3150
vn 0.9609 0.1013 0.2576
vn 0.7065 0.2569 0.6594
vn 0.2820 0.3457 0.8949
vn -0.2950 0.3463 0.8905
vn -0.7061 0.2588 0.6592
vn -0.9631 0.0976 0.2509
vn 0.0003 0.5121 0.8589
vn 0.0005 0.7529 0.6581
vn 0.0003 0.9192 0.3939
vn 0.9631 0.0976 0.2509
vn 0.7061 0.2588 0.6591
vn 0.2950 0.3463 0.8905
vn -0.3019 0.3445 0.8889
vn -0.7067 0.2559 0.6596
vn -0.9595 0.1003 0.2634
vn -0.7061 0.2588 0.6591
vn -0.0000 0.4784 0.8781
vn -0.0000 0.7529 0.6581
vn -0.0000 0.9342 0.3567
vn -0.0000 -0.9587 0.2843
vn -0.0000 -0.5477 0.8367
vn -0.0000 0.1229 0.9924
vn -0.2742 -0.9606 0.0452
vn -0.7075 -0.7058 0.0373
vn -0.9618 -0.2734 0.0153
vn 0.2671 -0.9627 0.0439
vn 0.7071 -0.7063 0.0336
vn 0.9653 -0.2607 0.0119
vn -0.2823 -0.9585 0.0402
vn -0.7066 -0.7072 0.0256
vn -0.9608 -0.2770 0.0078
vn 0.2823 -0.9585 0.0402
vn 0.7065 -0.7072 0.0256
vn 0.9608 -0.2770 0.0078
vn 0.9600 0.2746 0.0540
vn 0.7006 0.6816 0.2112
vn 0.2769 0.8239 0.4945
vn -0.7065 -0.7072 0.0256
vn -0.9600 0.2746 0.0540
vn -0.7006 0.6816 0.2112
vn -0.2769 0.8240 0.4944
vn 0.2769 0.8239 0.4944
vn 0.7006 0.6816 0.2111
vn 0.2769 0.8240 0.4943
vn 0.9603 0.2699 0.0711
vn 0.6997 0.6916 0.1793
vn 0.2693 0.9352 0.2302
vn -0.9626 0.2626 0.0660
vn -0.6985 0.6912 0.1853
vn -0.2808 0.9304 0.2357
vn 0.2769 0.8240 0.4944
vn -0.7006 0.6816 0.2111
vn -0.2769 0.8240 0.4943
vn -0.2769 0.8239 0.4945
vn 0.2822 -0.9585 0.0402
vn 0.7066 -0.7072 0.0256
vt 0.625000 0.666667
vt 0.625000 0.665714
vt 0.625000 0.666667
vt 0.625000 0.666190
vt 0.625000 0.584286
vt 0.625000 0.583333
vt 0.625000 0.583810
vt 0.625000 0.583333
vt 0.643876 0.583333
vt 0.650000 0.584286
vt 0.643876 0.584286
vt 0.646934 0.583333
vt 0.643876 0.583333
vt 0.646804 0.583333
vt 0.650000 0.584286
vt 0.650000 0.583810
vt 0.650000 0.583830
vt 0.643876 0.583810
vt 0.646934 0.584286
vt 0.646804 0.583830
vt 0.643876 0.666667
vt 0.643876 0.665714
vt 0.650000 0.665714
vt 0.643876 0.666667
vt 0.646882 0.666667
vt 0.646787 0.666667
vt 0.646882 0.665714
vt 0.643876 0.666181
vt 0.646787 0.666167
vt 0.650000 0.666182
vt 0.650000 0.665714
vt 0.650000 0.666167
vt 0.625000 0.583333
vt 0.625000 0.584286
vt 0.625000 0.583333
vt 0.625000 0.583810
vt 0.625000 0.665714
vt 0.625000 0.666667
vt 0.625000 0.666190
vt 0.625000 0.666667
vt 0.650000 0.665714
vt 0.643876 0.665714
vt 0.643876 0.666667
vt 0.650000 0.665714
vt 0.650000 0.666190
vt 0.650000 0.666170
vt 0.643876 0.666190
vt 0.646934 0.665714
vt 0.646804 0.666170
vt 0.646934 0.666667
vt 0.643876 0.666667
vt 0.646804 0.666667
vt 0.650000 0.584286
vt 0.643876 0.583333
vt 0.643876 0.584286
vt 0.650000 0.583818
vt 0.650000 0.584286
vt 0.650000 0.583833
vt 0.643876 0.583333
vt 0.646882 0.583333
vt 0.646787 0.583333
vt 0.646882 0.584286
vt 0.643876 0.583818
vt 0.646787 0.583833
vt 0.625000 0.584286
vt 0.625000 0.584286
vt 0.620459 0.583333
vt 0.625000 0.583333
vt 0.619151 0.583333
vt 0.625000 0.583333
vt 0.625000 0.584286
vt 0.625000 0.583818
vt 0.625000 0.583799
vt 0.625000 0.583818
vt 0.625000 0.584286
vt 0.625000 0.583799
vt 0.638221 0.583333
vt 0.625000 0.583333
vt 0.625000 0.583475
vt 0.625000 0.583333
vt 0.625000 0.583481
vt 0.625000 0.583333
vt 0.637935 0.583333
vt 0.625000 0.583333
vt 0.625000 0.583481
vt 0.625000 0.583333
vt 0.625000 0.584286
vt 0.620458 0.583333
vt 0.625000 0.583333
vt 0.619151 0.583333
vt 0.625000 0.583333
vt 0.625000 0.584286
vt 0.625000 0.583818
vt 0.625000 0.584286
vt 0.625000 0.583799
vt 0.638220 0.583333
vt 0.625000 0.583333
vt 0.625000 0.583475
vt 0.625000 0.583333
vt 0.625000 0.583481
vt 0.625000 0.583333
vt 0.637935 0.583333
vt 0.625000 0.583333
vt 0.625000 0.583481
vt 0.625000 0.583333
vt 0.625000 0.584286
vt 0.625000 0.583818
vt 0.625000 0.583799
vt 0.625000 0.584286
vt 0.625000 0.584286
vt 0.620459 0.583333
vt 0.625000 0.583333
vt 0.619151 0.583333
vt 0.625000 0.583333
vt 0.625000 0.584286
vt 0.625000 0.583818
vt 0.625000 0.583799
vt 0.625000 0.583818
vt 0.625000 0.584286
vt 0.625000 0.583799
vt 0.638220 0.583333
vt 0.625000 0.583333
vt 0.625000 0.583475
vt 0.625000 0.583333
vt 0.625000 0.583481
vt 0.625000 0.583333
vt 0.637935 0.583333
vt 0.625000 0.583333
vt 0.625000 0.583481
vt 0.625000 0.583333
vt 0.625000 0.584286
vt 0.620459 0.583333
vt 0.625000 0.583333
vt 0.619151 0.583333
vt 0.625000 0.583333
vt 0.625000 0.584286
vt 0.625000 0.583818
vt 0.625000 0.584286
vt 0.625000 0.583799
vt 0.638220 0.583333
vt 0.625000 0.583333
vt 0.625000 0.583475
vt 0.625000 0.583333
vt 0.625000 0.583481
vt 0.625000 0.583333
vt 0.637935 0.583333
vt 0.625000 0.583333
vt 0.625000 0.583481
vt 0.625000 0.583333
vt 0.625000 0.584286
vt 0.625000 0.583818
vt 0.625000 0.583799
vt 0.625000 0.584286
vt 0.625000 0.584286
vt 0.620459 0.583333
vt 0.625000 0.583333
vt 0.619151 0.583333
vt 0.625000 0.583333
vt 0.625000 0.584286
vt 0.625000 0.583818
vt 0.625000 0.583799
vt 0.625000 0.583818
vt 0.625000 0.584286
vt 0.625000 0.583799
vt 0.638220 0.583333
vt 0.625000 0.583333
vt 0.625000 0.583475
vt 0.625000 0.583333
vt 0.625000 0.583481
vt 0.625000 0.583333
vt 0.637935 0.583333
vt 0.625000 0.583333
vt 0.625000 0.583481
vt 0.625000 0.583333
vt 0.625000 0.584286
vt 0.620459 0.583333
vt 0.625000 0.583333
vt 0.619151 0.583333
vt 0.625000 0.583333
vt 0.625000 0.584286
vt 0.625000 0.583818
vt 0.625000 0.584286
vt 0.625000 0.583799
vt 0.638220 0.583333
vt 0.625000 0.583333
vt 0.625000 0.583475
vt 0.625000 0.583333
vt 0.625000 0.583481
vt 0.625000 0.583333
vt 0.637935 0.583333
vt 0.625000 0.583333
vt 0.625000 0.583481
vt 0.625000 0.583333
vt 0.625000 0.584286
vt 0.625000 0.583818
vt 0.625000 0.583799
vt 0.625000 0.584286
vt 0.625000 0.584286
vt 0.620458 0.583333
vt 0.625000 0.583333
vt 0.619151 0.583333
vt 0.625000 0.583333
vt 0.625000 0.584286
vt 0.625000 0.583818
vt 0.625000 0.583799
vt 0.625000 0.583818
vt 0.625000 0.584286
vt 0.625000 0.583799
vt 0.638220 0.583333
vt 0.625000 0.583333
vt 0.625000 0.583475
vt 0.625000 0.583333
vt 0.625000 0.583481
vt 0.625000 0.583333
vt 0.637935 0.583333
vt 0.625000 0.583333
vt 0.625000 0.583481
vt 0.625000 0.583333
vt 0.625000 0.584286
vt 0.620458 0.583333
vt 0.625000 0.583333
vt 0.619151 0.583333
vt 0.625000 0.583333
vt 0.625000 0.584286
vt 0.625000 0.583818
vt 0.625000 0.584286
vt 0.625000 0.583799
vt 0.638220 0.583333
vt 0.625000 0.583333
vt 0.625000 0.583475
vt 0.625000 0.583333
vt 0.625000 0.583481
vt 0.625000 0.583333
vt 0.637935 0.583333
vt 0.625000 0.583333
vt 0.625000 0.583481
vt 0.625000 0.583333
vt 0.625000 0.584286
vt 0.625000 0.583818
vt 0.625000 0.583799
vt 0.625000 0.584286
vt 0.625000 0.584286
vt 0.620459 0.583333
vt 0.625000 0.583333
vt 0.619151 0.583333
vt 0.625000 0.583333
vt 0.625000 0.584286
vt 0.625000 0.583818
vt 0.625000 0.583799
vt 0.625000 0.583818
vt 0.625000 0.584286
vt 0.625000 0.583799
vt 0.638220 0.583333
vt 0.625000 0.583333
vt 0.625000 0.583475
vt 0.625000 0.583333
vt 0.625000 0.583481
vt 0.625000 0.583333
vt 0.637935 0.583333
vt 0.625000 0.583333
vt 0.625000 0.583481
vt 0.625000 0.583333
vt 0.625000 0.584286
vt 0.620459 0.583333
vt 0.625000 0.583333
vt 0.619151 0.583333
vt 0.625000 0.583333
vt 0.625000 0.584286
vt 0.625000 0.583818
vt 0.625000 0.584286
vt 0.625000 0.583799
vt 0.638220 0.583333
vt 0.625000 0.583333
vt 0.625000 0.583475
vt 0.625000 0.583333
vt 0.625000 0.583481
vt 0.625000 0.583333
vt 0.637935 0.583333
vt 0.625000 0.583333
vt 0.625000 0.583481
vt 0.625000 0.583333
vt 0.625000 0.584286
vt 0.625000 0.583818
vt 0.625000 0.583799
vt 0.625000 0.665714
vt 0.619151 0.666667
vt 0.625000 0.666667
vt 0.620458 0.666667
vt 0.625000 0.666667
vt 0.625000 0.665714
vt 0.625000 0.666182
vt 0.625000 0.665714
vt 0.625000 0.666201
vt 0.637935 0.666667
vt 0.625000 0.666667
vt 0.625000 0.666525
vt 0.625000 0.666667
vt 0.625000 0.666667
vt 0.625000 0.666519
vt 0.625000 0.666667
vt 0.638220 0.666667
vt 0.625000 0.666667
vt 0.625000 0.666667
vt 0.625000 0.665714
vt 0.625000 0.666182
vt 0.625000 0.666201
vt 0.625000 0.665714
vt 0.625000 0.665714
vt 0.619151 0.666667
vt 0.625000 0.666667
vt 0.620459 0.666667
vt 0.625000 0.666667
vt 0.625000 0.665714
vt 0.625000 0.666182
vt 0.625000 0.666201
vt 0.625000 0.666182
vt 0.625000 0.665714
vt 0.625000 0.666201
vt 0.637935 0.666667
vt 0.625000 0.666667
vt 0.625000 0.666525
vt 0.625000 0.666667
vt 0.625000 0.666667
vt 0.625000 0.666519
vt 0.625000 0.666667
vt 0.638220 0.666667
vt 0.625000 0.666667
vt 0.625000 0.666667
vt 0.625000 0.665714
vt 0.619151 0.666667
vt 0.625000 0.666667
vt 0.620459 0.666667
vt 0.625000 0.666667
vt 0.625000 0.665714
vt 0.625000 0.666182
vt 0.625000 0.665714
vt 0.625000 0.666201
vt 0.637935 0.666667
vt 0.625000 0.666667
vt 0.625000 0.666525
vt 0.625000 0.666667
vt 0.625000 0.666667
vt 0.625000 0.666519
vt 0.625000 0.666667
vt 0.638220 0.666667
vt 0.625000 0.666667
vt 0.625000 0.666667
vt 0.625000 0.665714
vt 0.625000 0.666182
vt 0.625000 0.666201
vt 0.625000 0.665714
vt 0.625000 0.665714
vt 0.619151 0.666667
vt 0.625000 0.666667
vt 0.620459 0.666667
vt 0.625000 0.666667
vt 0.625000 0.665714
vt 0.625000 0.666182
vt 0.625000 0.666201
vt 0.625000 0.666182
vt 0.625000 0.665714
vt 0.625000 0.666201
vt 0.637935 0.666667
vt 0.625000 0.666667
vt 0.625000 0.666525
vt 0.625000 0.666667
vt 0.625000 0.666667
vt 0.625000 0.666519
vt 0.625000 0.666667
vt 0.638220 0.666667
vt 0.625000 0.666667
vt 0.625000 0.666667
vt 0.625000 0.665714
vt 0.619151 0.666667
vt 0.625000 0.666667
vt 0.620459 0.666667
vt 0.625000 0.666667
vt 0.625000 0.665714
vt 0.625000 0.666182
vt 0.625000 0.665714
vt 0.625000 0.666201
vt 0.637935 0.666667
vt 0.625000 0.666667
vt 0.625000 0.666525
vt 0.625000 0.666667
vt 0.625000 0.666667
vt 0.625000 0.666519
vt 0.625000 0.666667
vt 0.638220 0.666667
vt 0.625000 0.666667
vt 0.625000 0.666667
vt 0.625000 0.665714
vt 0.625000 0.666182
vt 0.625000 0.666201
vt 0.625000 0.665714
vt 0.625000 0.665714
vt 0.619151 0.666667
vt 0.625000 0.666667
vt 0.620458 0.666667
vt 0.625000 0.666667
vt 0.625000 0.665714
vt 0.625000 0.666182
vt 0.625000 0.666201
vt 0.625000 0.666182
vt 0.625000 0.665714
vt 0.625000 0.666201
vt 0.637935 0.666667
vt 0.625000 0.666667
vt 0.625000 0.666525
vt 0.625000 0.666667
vt 0.625000 0.666667
vt 0.625000 0.666519
vt 0.625000 0.666667
vt 0.638220 0.666667
vt 0.625000 0.666667
vt 0.625000 0.666667
vt 0.625000 0.665714
vt 0.619151 0.666667
vt 0.625000 0.666667
vt 0.620459 0.666667
vt 0.625000 0.666667
vt 0.625000 0.665714
vt 0.625000 0.666182
vt 0.625000 0.665714
vt 0.625000 0.666201
vt 0.637935 0.666667
vt 0.625000 0.666667
vt 0.625000 0.666525
vt 0.625000 0.666667
vt 0.625000 0.666667
vt 0.625000 0.666519
vt 0.625000 0.666667
vt 0.638220 0.666667
vt 0.625000 0.666667
vt 0.625000 0.666667
vt 0.625000 0.665714
vt 0.625000 0.666182
vt 0.625000 0.666201
vt 0.625000 0.665714
vt 0.625000 0.665714
vt 0.619151 0.666667
vt 0.625000 0.666667
vt 0.620459 0.666667
vt 0.625000 0.666667
vt 0.625000 0.665714
vt 0.625000 0.666182
vt 0.625000 0.666201
vt 0.625000 0.666182
vt 0.625000 0.665714
vt 0.625000 0.666201
vt 0.637935 0.666667
vt 0.625000 0.666667
vt 0.625000 0.666525
vt 0.625000 0.666667
vt 0.625000 0.666667
vt 0.625000 0.666519
vt 0.625000 0.666667
vt 0.638220 0.666667
vt 0.625000 0.666667
vt 0.625000 0.666667
vt 0.625000 0.665714
vt 0.619151 0.666667
vt 0.625000 0.666667
vt 0.620459 0.666667
vt 0.625000 0.666667
vt 0.625000 0.665714
vt 0.625000 0.666182
vt 0.625000 0.665714
vt 0.625000 0.666201
vt 0.637934 0.666667
vt 0.625000 0.666667
vt 0.625000 0.666525
vt 0.625000 0.666667
vt 0.625000 0.666667
vt 0.625000 0.666519
vt 0.625000 0.666667
vt 0.638220 0.666667
vt 0.625000 0.666667
vt 0.625000 0.666667
vt 0.625000 0.665714
vt 0.625000 0.666182
vt 0.625000 0.666201
vt 0.625000 0.665714
vt 0.625000 0.665714
vt 0.625000 0.666667
vt 0.619151 0.666667
vt 0.620459 0.666667
vt 0.625000 0.666667
vt 0.625000 0.665714
vt 0.625000 0.666182
vt 0.625000 0.666201
vt 0.625000 0.666182
vt 0.625000 0.665714
vt 0.625000 0.666201
vt 0.625000 0.666667
vt 0.637935 0.666667
vt 0.625000 0.666525
vt 0.625000 0.666667
vt 0.625000 0.666667
vt 0.625000 0.666519
vt 0.625000 0.666667
vt 0.638220 0.666667
vt 0.625000 0.666667
vt 0.625000 0.666667
vt 0.643876 0.666667
vt 0.650000 0.665714
vt 0.646938 0.666667
vt 0.650000 0.666190
vt 0.643876 0.666667
vt 0.650000 0.665714
vt 0.646938 0.666667
vt 0.650000 0.666190
vt 0.643876 0.666667
vt 0.650000 0.665714
vt 0.646938 0.666667
vt 0.650000 0.666190
vt 0.643876 0.666667
vt 0.650000 0.665714
vt 0.646938 0.666667
vt 0.650000 0.666190
vt 0.643876 0.666667
vt 0.650000 0.665714
vt 0.646938 0.666667
vt 0.650000 0.666190
vt 0.643876 0.666667
vt 0.650000 0.665714
vt 0.646938 0.666667
vt 0.650000 0.666190
vt 0.643876 0.666667
vt 0.650000 0.665714
vt 0.646938 0.666667
vt 0.650000 0.666190
vt 0.643876 0.666667
vt 0.650000 0.665714
vt 0.646938 0.666667
vt 0.650000 0.666190
vt 0.643876 0.666667
vt 0.650000 0.665714
vt 0.646938 0.666667
vt 0.650000 0.666190
vt 0.650000 0.665714
vt 0.643876 0.666667
vt 0.650000 0.666190
vt 0.646938 0.666667
vt 0.650000 0.584286
vt 0.643876 0.583333
vt 0.650000 0.583810
vt 0.646938 0.583333
vt 0.650000 0.584286
vt 0.643876 0.583333
vt 0.650000 0.583810
vt 0.646938 0.583333
vt 0.650000 0.584286
vt 0.643876 0.583333
vt 0.650000 0.583810
vt 0.646938 0.583333
vt 0.650000 0.584286
vt 0.643876 0.583333
vt 0.650000 0.583810
vt 0.646938 0.583333
vt 0.650000 0.584286
vt 0.643876 0.583333
vt 0.650000 0.583810
vt 0.646938 0.583333
vt 0.650000 0.584286
vt 0.643876 0.583333
vt 0.650000 0.583810
vt 0.646938 0.583333
vt 0.650000 0.584286
vt 0.643876 0.583333
vt 0.650000 0.583810
vt 0.646938 0.583333
vt 0.650000 0.584286
vt 0.643876 0.583333
vt 0.650000 0.583810
vt 0.646938 0.583333
vt 0.650000 0.584286
vt 0.643876 0.583333
vt 0.650000 0.583810
vt 0.646938 0.583333
vt 0.643876 0.583333
vt 0.650000 0.584286
vt 0.646938 0.583333
vt 0.650000 0.583810
vt 0.625000 0.584286
vt 0.625000 0.583333
vt 0.625000 0.584286
vt 0.625000 0.583810
vt 0.625000 0.584286
vt 0.625000 0.583830
vt 0.625000 0.583333
vt 0.625000 0.583333
vt 0.625000 0.583333
vt 0.625000 0.584286
vt 0.625000 0.583810
vt 0.625000 0.583830
vt 0.625000 0.665714
vt 0.625000 0.665714
vt 0.625000 0.666667
vt 0.625000 0.665714
vt 0.625000 0.666181
vt 0.625000 0.666166
vt 0.625000 0.666181
vt 0.625000 0.665714
vt 0.625000 0.666166
vt 0.625000 0.666667
vt 0.625000 0.666667
vt 0.625000 0.666667
vt 0.625000 0.583333
vt 0.625000 0.584286
vt 0.625000 0.584286
vt 0.625000 0.583333
vt 0.625000 0.583333
vt 0.625000 0.583333
vt 0.625000 0.584286
vt 0.625000 0.583810
vt 0.625000 0.583830
vt 0.625000 0.583810
vt 0.625000 0.584286
vt 0.625000 0.583830
vt 0.625000 0.583333
vt 0.625000 0.584286
vt 0.625000 0.584286
vt 0.625000 0.583333
vt 0.625000 0.583333
vt 0.625000 0.583333
vt 0.625000 0.584286
vt 0.625000 0.583818
vt 0.625000 0.583833
vt 0.625000 0.583819
vt 0.625000 0.584286
vt 0.625000 0.583833
vt 0.625000 0.666667
vt 0.625000 0.665714
vt 0.625000 0.665714
vt 0.625000 0.666667
vt 0.625000 0.666667
vt 0.625000 0.666667
vt 0.625000 0.665714
vt 0.625000 0.666190
vt 0.625000 0.666170
vt 0.625000 0.666190
vt 0.625000 0.665714
vt 0.625000 0.666170
vt 0.625000 0.666667
vt 0.625000 0.665714
vt 0.625000 0.665714
vt 0.625000 0.666667
vt 0.625000 0.666667
vt 0.625000 0.666667
vt 0.625000 0.665714
vt 0.625000 0.666190
vt 0.625000 0.666170
vt 0.625000 0.666190
vt 0.625000 0.665714
vt 0.625000 0.666170
vt 0.625000 0.583333
vt 0.625000 0.584286
vt 0.625000 0.584286
vt 0.625000 0.583333
vt 0.625000 0.583333
vt 0.625000 0.583333
vt 0.625000 0.584286
vt 0.625000 0.583810
vt 0.625000 0.583830
vt 0.625000 0.583810
vt 0.625000 0.584286
vt 0.625000 0.583830
vt 0.625000 0.583333
vt 0.625000 0.584286
vt 0.625000 0.584286
vt 0.625000 0.583333
vt 0.625000 0.583333
vt 0.625000 0.583333
vt 0.625000 0.584286
vt 0.625000 0.583810
vt 0.625000 0.583830
vt 0.625000 0.583810
vt 0.625000 0.584286
vt 0.625000 0.583830
vt 0.625000 0.583333
vt 0.625000 0.584286
vt 0.625000 0.584286
vt 0.625000 0.583333
vt 0.625000 0.583333
vt 0.625000 0.583333
vt 0.625000 0.584286
vt 0.625000 0.583810
vt 0.625000 0.583830
vt 0.625000 0.583810
vt 0.625000 0.584286
vt 0.625000 0.583830
vt 0.625000 0.583333
vt 0.625000 0.584286
vt 0.625000 0.584286
vt 0.625000 0.583333
vt 0.625000 0.583333
vt 0.625000 0.583333
vt 0.625000 0.584286
vt 0.625000 0.583810
vt 0.625000 0.583830
vt 0.625000 0.583810
vt 0.625000 0.584286
vt 0.625000 0.583830
vt 0.625000 0.583333
vt 0.625000 0.584286
vt 0.625000 0.584286
vt 0.625000 0.583333
vt 0.625000 0.583333
vt 0.625000 0.583333
vt 0.625000 0.584286
vt 0.625000 0.583810
vt 0.625000 0.583830
vt 0.625000 0.583810
vt 0.625000 0.584286
vt 0.625000 0.583830
vt 0.625000 0.583333
vt 0.625000 0.584286
vt 0.625000 0.584286
vt 0.625000 0.583333
vt 0.625000 0.583333
vt 0.625000 0.583333
vt 0.625000 0.584286
vt 0.625000 0.583810
vt 0.625000 0.583830
vt 0.625000 0.583810
vt 0.625000 0.584286
vt 0.625000 0.583830
vt 0.625000 0.583333
vt 0.625000 0.584286
vt 0.625000 0.584286
vt 0.625000 0.583333
vt 0.625000 0.583333
vt 0.625000 0.583333
vt 0.625000 0.584286
vt 0.625000 0.583810
vt 0.625000 0.583830
vt 0.625000 0.583810
vt 0.625000 0.584286
vt 0.625000 0.583830
vt 0.625000 0.583333
vt 0.625000 0.584286
vt 0.625000 0.584286
vt 0.625000 0.583333
vt 0.625000 0.583333
vt 0.625000 0.583333
vt 0.625000 0.584286
vt 0.625000 0.583810
vt 0.625000 0.583830
vt 0.625000 0.583810
vt 0.625000 0.584286
vt 0.625000 0.583830
vt 0.625000 0.583333
vt 0.625000 0.584286
vt 0.625000 0.584286
vt 0.625000 0.583333
vt 0.625000 0.583333
vt 0.625000 0.583333
vt 0.625000 0.584286
vt 0.625000 0.583810
vt 0.625000 0.583830
vt 0.625000 0.583810
vt 0.625000 0.584286
vt 0.625000 0.583830
vt 0.625000 0.666667
vt 0.625000 0.665714
vt 0.625000 0.665714
vt 0.625000 0.666667
vt 0.625000 0.666667
vt 0.625000 0.666667
vt 0.625000 0.665714
vt 0.625000 0.666190
vt 0.625000 0.666170
vt 0.625000 0.666190
vt 0.625000 0.665714
vt 0.625000 0.666170
vt 0.625000 0.666667
vt 0.625000 0.665714
vt 0.625000 0.665714
vt 0.625000 0.666667
vt 0.625000 0.666667
vt 0.625000 0.666667
vt 0.625000 0.665714
vt 0.625000 0.666190
vt 0.625000 0.666170
vt 0.625000 0.666190
vt 0.625000 0.665714
vt 0.625000 0.666170
vt 0.625000 0.666667
vt 0.625000 0.665714
vt 0.625000 0.665714
vt 0.625000 0.666667
vt 0.625000 0.666667
vt 0.625000 0.666667
vt 0.625000 0.665714
vt 0.625000 0.666190
vt 0.625000 0.666170
vt 0.625000 0.666190
vt 0.625000 0.665714
vt 0.625000 0.666170
vt 0.625000 0.666667
vt 0.625000 0.665714
vt 0.625000 0.665714
vt 0.625000 0.666667
vt 0.625000 0.666667
vt 0.625000 0.666667
vt 0.625000 0.665714
vt 0.625000 0.666190
vt 0.625000 0.666170
vt 0.625000 0.666190
vt 0.625000 0.665714
vt 0.625000 0.666170
vt 0.625000 0.666667
vt 0.625000 0.665714
vt 0.625000 0.665714
vt 0.625000 0.666667
vt 0.625000 0.666667
vt 0.625000 0.666667
vt 0.625000 0.665714
vt 0.625000 0.666190
vt 0.625000 0.666170
vt 0.625000 0.666190
vt 0.625000 0.665714
vt 0.625000 0.666170
vt 0.625000 0.666667
vt 0.625000 0.665714
vt 0.625000 0.665714
vt 0.625000 0.666667
vt 0.625000 0.666667
vt 0.625000 0.666667
vt 0.625000 0.665714
vt 0.625000 0.666190
vt 0.625000 0.666170
vt 0.625000 0.666190
vt 0.625000 0.665714
vt 0.625000 0.666170
vt 0.625000 0.666667
vt 0.625000 0.665714
vt 0.625000 0.665714
vt 0.625000 0.666667
vt 0.625000 0.666667
vt 0.625000 0.666667
vt 0.625000 0.665714
vt 0.625000 0.666190
vt 0.625000 0.666170
vt 0.625000 0.666190
vt 0.625000 0.665714
vt 0.625000 0.666170
vt 0.625000 0.666667
vt 0.625000 0.665714
vt 0.625000 0.665714
vt 0.625000 0.666667
vt 0.625000 0.666667
vt 0.625000 0.666667
vt 0.625000 0.665714
vt 0.625000 0.666190
vt 0.625000 0.666170
vt 0.625000 0.666190
vt 0.625000 0.665714
vt 0.625000 0.666170
vt 0.625000 0.666667
vt 0.625000 0.665714
vt 0.625000 0.665714
vt 0.625000 0.666667
vt 0.625000 0.666667
vt 0.625000 0.666667
vt 0.625000 0.665714
vt 0.625000 0.666190
vt 0.625000 0.666170
vt 0.625000 0.666190
vt 0.625000 0.665714
vt 0.625000 0.666170
vt 0.625000 0.583333
vt 0.625000 0.584286
vt 0.625000 0.584286
vt 0.625000 0.583333
vt 0.625000 0.583333
vt 0.625000 0.583333
vt 0.625000 0.584286
vt 0.625000 0.583810
vt 0.625000 0.583830
vt 0.625000 0.583810
vt 0.625000 0.584286
vt 0.625000 0.583830
vt 0.625000 0.583333
vt 0.625000 0.584286
vt 0.625000 0.584286
vt 0.625000 0.583333
vt 0.625000 0.583333
vt 0.625000 0.583333
vt 0.625000 0.584286
vt 0.625000 0.583810
vt 0.625000 0.583830
vt 0.625000 0.583810
vt 0.625000 0.584286
vt 0.625000 0.583830
vt 0.625000 0.583333
vt 0.625000 0.584286
vt 0.625000 0.584286
vt 0.625000 0.583333
vt 0.625000 0.583333
vt 0.625000 0.583333
vt 0.625000 0.584286
vt 0.625000 0.583810
vt 0.625000 0.583830
vt 0.625000 0.583810
vt 0.625000 0.584286
vt 0.625000 0.583830
vt 0.625000 0.583333
vt 0.625000 0.584286
vt 0.625000 0.584286
vt 0.625000 0.583333
vt 0.625000 0.583333
vt 0.625000 0.583333
vt 0.625000 0.584286
vt 0.625000 0.583810
vt 0.625000 0.583830
vt 0.625000 0.583810
vt 0.625000 0.584286
vt 0.625000 0.583830
vt 0.625000 0.583333
vt 0.625000 0.584286
vt 0.625000 0.584286
vt 0.625000 0.583333
vt 0.625000 0.583333
vt 0.625000 0.583333
vt 0.625000 0.584286
vt 0.625000 0.583810
vt 0.625000 0.583830
vt 0.625000 0.583810
vt 0.625000 0.584286
vt 0.625000 0.583830
vt 0.625000 0.583333
vt 0.625000 0.584286
vt 0.625000 0.584286
vt 0.625000 0.583333
vt 0.625000 0.583333
vt 0.625000 0.583333
vt 0.625000 0.584286
vt 0.625000 0.583810
vt 0.625000 0.583830
vt 0.625000 0.583810
vt 0.625000 0.584286
vt 0.625000 0.583830
vt 0.625000 0.583333
vt 0.625000 0.584286
vt 0.625000 0.584286
vt 0.625000 0.583333
vt 0.625000 0.583333
vt 0.625000 0.583333
vt 0.625000 0.584286
vt 0.625000 0.583810
vt 0.625000 0.583830
vt 0.625000 0.583810
vt 0.625000 0.584286
vt 0.625000 0.583830
vt 0.625000 0.583333
vt 0.625000 0.584286
vt 0.625000 0.584286
vt 0.625000 0.583333
vt 0.625000 0.583333
vt 0.625000 0.583333
vt 0.625000 0.584286
vt 0.625000 0.583810
vt 0.625000 0.583830
vt 0.625000 0.583810
vt 0.625000 0.584286
vt 0.625000 0.583830
vt 0.625000 0.583333
vt 0.625000 0.584286
vt 0.625000 0.584286
vt 0.625000 0.583333
vt 0.625000 0.583333
vt 0.625000 0.583333
vt 0.625000 0.584286
vt 0.625000 0.583810
vt 0.625000 0.583830
vt 0.625000 0.583810
vt 0.625000 0.584286
vt 0.625000 0.583830
vt 0.625000 0.583333
vt 0.625000 0.584286
vt 0.625000 0.584286
vt 0.625000 0.583333
vt 0.625000 0.583333
vt 0.625000 0.583333
vt 0.625000 0.584286
vt 0.625000 0.583810
vt 0.625000 0.583830
vt 0.625000 0.583810
vt 0.625000 0.584286
vt 0.625000 0.583830
vt 0.625000 0.666667
vt 0.625000 0.665714
vt 0.625000 0.665714
vt 0.625000 0.666667
vt 0.625000 0.666667
vt 0.625000 0.666667
vt 0.625000 0.665714
vt 0.625000 0.666190
vt 0.625000 0.666170
vt 0.625000 0.666190
vt 0.625000 0.665714
vt 0.625000 0.666170
vt 0.625000 0.666667
vt 0.625000 0.665714
vt 0.625000 0.665714
vt 0.625000 0.666667
vt 0.625000 0.666667
vt 0.625000 0.666667
vt 0.625000 0.665714
vt 0.625000 0.666190
vt 0.625000 0.666170
vt 0.625000 0.666190
vt 0.625000 0.665714
vt 0.625000 0.666170
vt 0.625000 0.666667
vt 0.625000 0.665714
vt 0.625000 0.665714
vt 0.625000 0.666667
vt 0.625000 0.666667
vt 0.625000 0.666667
vt 0.625000 0.665714
vt 0.625000 0.666190
vt 0.625000 0.666170
vt 0.625000 0.666190
vt 0.625000 0.665714
vt 0.625000 0.666170
vt 0.625000 0.666667
vt 0.625000 0.665714
vt 0.625000 0.665714
vt 0.625000 0.666667
vt 0.625000 0.666667
vt 0.625000 0.666667
vt 0.625000 0.665714
vt 0.625000 0.666190
vt 0.625000 0.666170
vt 0.625000 0.666190
vt 0.625000 0.665714
vt 0.625000 0.666170
vt 0.625000 0.666667
vt 0.625000 0.665714
vt 0.625000 0.665714
vt 0.625000 0.666667
vt 0.625000 0.666667
vt 0.625000 0.666667
vt 0.625000 0.665714
vt 0.625000 0.666190
vt 0.625000 0.666170
vt 0.625000 0.666190
vt 0.625000 0.665714
vt 0.625000 0.666170
vt 0.625000 0.666667
vt 0.625000 0.665714
vt 0.625000 0.665714
vt 0.625000 0.666667
vt 0.625000 0.666667
vt 0.625000 0.666667
vt 0.625000 0.665714
vt 0.625000 0.666190
vt 0.625000 0.666170
vt 0.625000 0.666190
vt 0.625000 0.665714
vt 0.625000 0.666170
vt 0.625000 0.666667
vt 0.625000 0.665714
vt 0.625000 0.665714
vt 0.625000 0.666667
vt 0.625000 0.666667
vt 0.625000 0.666667
vt 0.625000 0.665714
vt 0.625000 0.666190
vt 0.625000 0.666170
vt 0.625000 0.666190
vt 0.625000 0.665714
vt 0.625000 0.666170
vt 0.625000 0.666667
vt 0.625000 0.665714
vt 0.625000 0.665714
vt 0.625000 0.666667
vt 0.625000 0.666667
vt 0.625000 0.666667
vt 0.625000 0.665714
vt 0.625000 0.666190
vt 0.625000 0.666170
vt 0.625000 0.666190
vt 0.625000 0.665714
vt 0.625000 0.666170
vt 0.625000 0.666667
vt 0.625000 0.665714
vt 0.625000 0.665714
vt 0.625000 0.666667
vt 0.625000 0.666667
vt 0.625000 0.666667
vt 0.625000 0.665714
vt 0.625000 0.666190
vt 0.625000 0.666170
vt 0.625000 0.666190
vt 0.625000 0.665714
vt 0.625000 0.666170
vt 0.625000 0.666667
vt 0.625000 0.665714
vt 0.625000 0.665714
vt 0.625000 0.666667
vt 0.625000 0.666667
vt 0.625000 0.666667
vt 0.625000 0.665714
vt 0.625000 0.666190
vt 0.625000 0.666170
vt 0.625000 0.666190
vt 0.625000 0.665714
vt 0.625000 0.666170
s 0
f 6/6/1 501/621/1 489/609/1 211/267/1
f 2/2/2 527/647/2 502/622/2 5/5/2
f 371/485/3 513/633/3 525/645/3 1/1/3
f 54/54/1 426/546/1 75/77/1 67/67/1 33/33/1
f 34/34/4 465/585/4 477/597/4 37/37/4
f 434/554/1 438/558/1 120/140/1 114/132/1 100/113/1 111/127/1 107/121/1
f 276/356/3 258/331/3 897/1017/3 909/1029/3
f 292/378/5 695/815/5 586/706/5 130/154/5
f 244/312/3 226/287/3 873/993/3 885/1005/3
f 438/558/1 442/562/1 139/165/1 131/155/1 115/134/1 124/146/1 120/140/1
f 113/131/5 273/351/5 911/1031/5 790/910/5
f 212/268/4 491/611/4 514/634/4 370/484/4
f 100/114/1 114/133/1 789/909/1 777/897/1
f 425/545/6 386/506/6 390/510/6 429/549/6
f 42/42/7 55/55/7 34/34/7 37/37/7
f 430/550/1 434/554/1 107/121/1 99/111/1 83/90/1 92/102/1 88/96/1
f 68/70/1 82/89/1 765/885/1 753/873/1
f 429/549/6 390/510/6 394/514/6 433/553/6
f 433/553/6 394/514/6 398/518/6 437/557/6
f 437/557/6 398/518/6 402/522/6 441/561/6
f 441/561/6 402/522/6 406/526/6 445/565/6
f 445/565/6 406/526/6 410/530/6 449/569/6
f 449/569/6 410/530/6 414/534/6 453/573/6
f 453/573/6 414/534/6 418/538/6 457/577/6
f 457/577/6 418/538/6 421/541/6 462/582/6
f 467/587/8 539/659/8 646/766/8 478/598/8
f 38/38/3 479/599/3 645/765/3 227/289/3
f 251/319/3 243/309/3 259/332/3 268/345/3 264/338/3 393/513/3 389/509/3
f 243/310/3 657/777/3 669/789/3 259/333/3
f 275/354/3 681/801/3 693/813/3 291/377/3
f 308/400/3 290/375/3 921/1041/3 933/1053/3
f 307/398/3 705/825/3 717/837/3 323/421/3
f 340/444/3 322/419/3 945/1065/3 957/1077/3
f 339/442/3 729/849/3 741/861/3 355/465/3
f 360/470/3 354/462/3 372/487/3 383/502/3 379/496/3 422/542/3 417/537/3
f 372/488/3 354/463/3 969/1089/3 981/1101/3
f 67/68/1 537/657/1 466/586/1 33/33/1
f 225/285/4 65/65/4 755/875/4 874/994/4
f 84/92/4 551/671/4 658/778/4 242/308/4
f 257/329/4 97/109/4 779/899/4 898/1018/4
f 116/136/4 575/695/4 682/802/4 274/352/4
f 289/373/4 129/153/4 803/923/4 922/1042/4
f 148/180/4 599/719/4 706/826/4 306/396/4
f 321/417/4 161/197/4 827/947/4 946/1066/4
f 180/224/4 623/743/4 730/850/4 338/440/4
f 353/461/4 193/241/4 851/971/4 970/1090/4
f 550/670/8 563/683/8 670/790/8 659/779/8
f 490/610/8 503/623/8 526/646/8 515/635/8
f 574/694/8 587/707/8 694/814/8 683/803/8
f 598/718/8 611/731/8 718/838/8 707/827/8
f 622/742/8 635/755/8 742/862/8 731/851/8
f 754/874/8 767/887/8 886/1006/8 875/995/8
f 131/156/1 585/705/1 573/693/1 115/135/1
f 145/175/9 305/395/9 935/1055/9 814/934/9
f 283/363/3 275/353/3 291/376/3 300/389/3 296/382/3 401/521/3 397/517/3
f 462/582/6 421/541/6 23/23/6 10/10/6
f 163/200/1 609/729/1 597/717/1 147/179/1
f 38/38/3 227/288/3 236/301/3 232/294/3 385/505/3 43/43/3
f 2/2/5 5/5/5 11/11/5 22/22/5
f 164/202/1 178/221/1 837/957/1 825/945/1
f 177/219/5 337/439/5 959/1079/5 838/958/5
f 315/407/3 307/397/3 323/420/3 332/433/3 328/426/3 409/529/3 405/525/3
f 461/581/1 9/9/1 6/6/1 211/266/1 220/278/1 216/272/1
f 450/570/1 454/574/1 184/228/1 178/220/1 164/201/1 175/215/1 171/209/1
f 81/87/5 241/307/5 887/1007/5 766/886/5
f 196/246/1 210/265/1 861/981/1 849/969/1
f 53/53/6 41/41/6 386/506/6 425/545/6
f 426/546/1 430/550/1 88/96/1 82/88/1 68/69/1 79/83/1 75/77/1
f 347/451/3 339/441/3 355/464/3 364/477/3 360/470/3 417/537/3 413/533/3
f 458/578/1 461/581/1 216/272/1 210/264/1 196/245/1 207/259/1 203/253/1
f 778/898/8 791/911/8 910/1030/8 899/1019/8
f 802/922/8 815/935/8 934/1054/8 923/1043/8
f 826/946/8 839/959/8 958/1078/8 947/1067/8
f 850/970/8 863/983/8 982/1102/8 971/1091/8
f 264/338/3 258/330/3 276/355/3 287/370/3 283/363/3 397/517/3 393/513/3
f 442/562/1 446/566/1 152/184/1 146/176/1 132/157/1 143/171/1 139/165/1
f 132/158/1 146/177/1 813/933/1 801/921/1
f 324/422/5 719/839/5 610/730/5 162/198/5
f 296/382/3 290/374/3 308/399/3 319/414/3 315/407/3 405/525/3 401/521/3
f 446/566/1 450/570/1 171/209/1 163/199/1 147/178/1 156/190/1 152/184/1
f 228/290/10 647/767/10 538/658/10 66/66/10
f 195/244/1 633/753/1 621/741/1 179/223/1
f 356/466/11 743/863/11 634/754/11 194/242/11
f 328/426/3 322/418/3 340/443/3 351/458/3 347/451/3 413/533/3 409/529/3
f 454/574/1 458/578/1 203/253/1 195/243/1 179/222/1 188/234/1 184/228/1
f 260/334/5 671/791/5 562/682/5 98/110/5
f 99/112/1 561/681/1 549/669/1 83/91/1
f 209/263/12 369/483/12 983/1103/12 862/982/12
f 232/294/3 226/286/3 244/311/3 255/326/3 251/319/3 389/509/3 385/505/3
f 9/9/13 12/12/13 14/14/13 13/13/13
f 12/12/14 16/16/14 17/17/14 14/14/14
f 10/10/15 15/15/15 17/17/15 16/16/15
f 15/15/16 19/19/16 20/20/16 17/17/16
f 11/11/17 18/18/17 20/20/17 19/19/17
f 18/18/18 13/13/18 14/14/18 20/20/18
f 14/14/19 17/17/19 20/20/19
f 21/21/20 24/24/20 26/26/20 25/25/20
f 24/24/21 28/28/21 29/29/21 26/26/21
f 22/22/22 27/27/22 29/29/22 28/28/22
f 27/27/23 31/31/23 32/32/23 29/29/23
f 23/23/24 30/30/24 32/32/24 31/31/24
f 30/30/25 25/25/25 26/26/25 32/32/25
f 26/26/26 29/29/26 32/32/26
f 41/41/27 44/44/27 46/46/27 45/45/27
f 44/44/28 48/48/28 49/49/28 46/46/28
f 42/42/29 47/47/29 49/49/29 48/48/29
f 47/47/30 51/51/30 52/52/30 49/49/30
f 43/43/31 50/50/31 52/52/31 51/51/31
f 50/50/32 45/45/32 46/46/32 52/52/32
f 46/46/33 49/49/33 52/52/33
f 53/53/34 56/56/34 58/58/34 57/57/34
f 56/56/35 60/60/35 61/61/35 58/58/35
f 54/54/36 59/59/36 61/61/36 60/60/36
f 59/59/37 63/63/37 64/64/37 61/61/37
f 55/55/38 62/62/38 64/64/38 63/63/38
f 62/62/39 57/57/39 58/58/39 64/64/39
f 58/58/40 61/61/40 64/64/40
f 65/65/41 69/71/41 71/73/41 70/72/41
f 69/71/42 73/75/42 74/76/42 71/73/42
f 66/66/43 72/74/43 74/76/43 73/75/43
f 72/74/44 76/79/44 77/81/44 74/76/44
f 67/68/45 75/78/45 77/81/45 76/79/45
f 75/78/46 79/84/46 80/85/46 77/81/46
f 68/70/47 78/82/47 80/86/47 79/84/47
f 78/82/48 70/72/48 71/73/48 80/86/48
f 71/73/49 74/76/49 77/81/49 80/86/49
f 81/87/50 85/93/50 87/95/50 86/94/50
f 85/93/44 89/98/44 90/100/44 87/95/44
f 82/89/45 88/97/45 90/100/45 89/98/45
f 88/97/46 92/103/46 93/104/46 90/100/46
f 83/91/47 91/101/47 93/105/47 92/103/47
f 91/101/48 95/107/48 96/108/48 93/105/48
f 84/92/51 94/106/51 96/108/51 95/107/51
f 94/106/42 86/94/42 87/95/42 96/108/42
f 87/95/52 90/100/52 93/105/52 96/108/52
f 97/109/51 101/115/51 103/117/51 102/116/51
f 101/115/42 105/119/42 106/120/42 103/117/42
f 98/110/50 104/118/50 106/120/50 105/119/50
f 104/118/44 108/123/44 109/125/44 106/120/44
f 99/112/45 107/122/45 109/125/45 108/123/45
f 107/122/46 111/128/46 112/129/46 109/125/46
f 100/114/47 110/126/47 112/130/47 111/128/47
f 110/126/48 102/116/48 103/117/48 112/130/48
f 103/117/53 106/120/53 109/125/53 112/130/53
f 113/131/43 117/137/43 119/139/43 118/138/43
f 117/137/44 121/142/44 122/144/44 119/139/44
f 114/133/45 120/141/45 122/144/45 121/142/45
f 120/141/46 124/147/46 125/148/46 122/144/46
f 115/135/47 123/145/47 125/149/47 124/147/47
f 123/145/48 127/151/48 128/152/48 125/149/48
f 116/136/51 126/150/51 128/152/51 127/151/51
f 126/150/42 118/138/42 119/139/42 128/152/42
f 119/139/52 122/144/52 125/149/52 128/152/52
f 129/153/51 133/159/51 135/161/51 134/160/51
f 133/159/42 137/163/42 138/164/42 135/161/42
f 130/154/50 136/162/50 138/164/50 137/163/50
f 136/162/44 140/167/44 141/169/44 138/164/44
f 131/156/45 139/166/45 141/169/45 140/167/45
f 139/166/46 143/172/46 144/173/46 141/169/46
f 132/158/47 142/170/47 144/174/47 143/172/47
f 142/170/48 134/160/48 135/161/48 144/174/48
f 135/161/52 138/164/52 141/169/52 144/174/52
f 145/175/43 149/181/43 151/183/43 150/182/43
f 149/181/44 153/186/44 154/188/44 151/183/44
f 146/177/45 152/185/45 154/188/45 153/186/45
f 152/185/46 156/191/46 157/192/46 154/188/46
f 147/179/47 155/189/47 157/193/47 156/191/47
f 155/189/48 159/195/48 160/196/48 157/193/48
f 148/180/51 158/194/51 160/196/51 159/195/51
f 158/194/42 150/182/42 151/183/42 160/196/42
f 151/183/52 154/188/52 157/193/52 160/196/52
f 161/197/51 165/203/51 167/205/51 166/204/51
f 165/203/42 169/207/42 170/208/42 167/205/42
f 162/198/43 168/206/43 170/208/43 169/207/43
f 168/206/44 172/211/44 173/213/44 170/208/44
f 163/200/45 171/210/45 173/213/45 172/211/45
f 171/210/46 175/216/46 176/217/46 173/213/46
f 164/202/47 174/214/47 176/218/47 175/216/47
f 174/214/48 166/204/48 167/205/48 176/218/48
f 167/205/54 170/208/54 173/213/54 176/218/54
f 177/219/43 181/225/43 183/227/43 182/226/43
f 181/225/44 185/230/44 186/232/44 183/227/44
f 178/221/45 184/229/45 186/232/45 185/230/45
f 184/229/46 188/235/46 189/236/46 186/232/46
f 179/223/47 187/233/47 189/237/47 188/235/47
f 187/233/48 191/239/48 192/240/48 189/237/48
f 180/224/51 190/238/51 192/240/51 191/239/51
f 190/238/42 182/226/42 183/227/42 192/240/42
f 183/227/52 186/232/52 189/237/52 192/240/52
f 193/241/51 197/247/51 199/249/51 198/248/51
f 197/247/42 201/251/42 202/252/42 199/249/42
f 194/242/43 200/250/43 202/252/43 201/251/43
f 200/250/44 204/255/44 205/257/44 202/252/44
f 195/244/45 203/254/45 205/257/45 204/255/45
f 203/254/46 207/260/46 208/261/46 205/257/46
f 196/246/47 206/258/47 208/262/47 207/260/47
f 206/258/48 198/248/48 199/249/48 208/262/48
f 199/249/52 202/252/52 205/257/52 208/262/52
f 209/263/43 213/269/43 215/271/43 214/270/43
f 213/269/44 217/274/44 218/276/44 215/271/44
f 210/265/45 216/273/45 218/276/45 217/274/45
f 216/273/46 220/279/46 221/280/46 218/276/46
f 211/267/47 219/277/47 221/281/47 220/279/47
f 219/277/48 223/283/48 224/284/48 221/281/48
f 212/268/51 222/282/51 224/284/51 223/283/51
f 222/282/42 214/270/42 215/271/42 224/284/42
f 215/271/52 218/276/52 221/281/52 224/284/52
f 225/285/55 229/291/55 231/293/55 230/292/55
f 229/291/56 233/296/56 234/299/56 231/293/56
f 226/287/57 232/295/57 234/299/57 233/296/57
f 232/295/58 236/302/58 237/303/58 234/298/58
f 227/289/59 235/300/59 237/303/59 236/302/59
f 235/300/60 239/305/60 240/306/60 237/303/60
f 228/290/61 238/304/61 240/306/61 239/305/61
f 238/304/62 230/292/62 231/293/62 240/306/62
f 231/293/63 234/299/63 237/303/63 240/306/63
f 241/307/61 245/313/61 247/315/61 246/314/61
f 245/313/62 249/317/62 250/318/62 247/315/62
f 242/308/55 248/316/55 250/318/55 249/317/55
f 248/316/56 252/321/56 253/324/56 250/318/56
f 243/310/57 251/320/57 253/324/57 252/321/57
f 251/320/58 255/327/58 256/328/58 253/323/58
f 244/312/59 254/325/59 256/328/59 255/327/59
f 254/325/60 246/314/60 247/315/60 256/328/60
f 247/315/64 250/318/64 253/324/64 256/328/64
f 257/329/55 261/335/55 263/337/55 262/336/55
f 261/335/56 265/340/56 266/343/56 263/337/56
f 258/331/57 264/339/57 266/343/57 265/340/57
f 264/339/58 268/346/58 269/347/58 266/342/58
f 259/333/59 267/344/59 269/347/59 268/346/59
f 267/344/60 271/349/60 272/350/60 269/347/60
f 260/334/61 270/348/61 272/350/61 271/349/61
f 270/348/62 262/336/62 263/337/62 272/350/62
f 263/337/64 266/343/64 269/347/64 272/350/64
f 273/351/61 277/357/61 279/359/61 278/358/61
f 277/357/62 281/361/62 282/362/62 279/359/62
f 274/352/55 280/360/55 282/362/55 281/361/55
f 280/360/56 284/365/56 285/368/56 282/362/56
f 275/354/57 283/364/57 285/368/57 284/365/57
f 283/364/58 287/371/58 288/372/58 285/367/58
f 276/356/59 286/369/59 288/372/59 287/371/59
f 286/369/60 278/358/60 279/359/60 288/372/60
f 279/359/64 282/362/64 285/368/64 288/372/64
f 289/373/55 293/379/55 295/381/55 294/380/55
f 293/379/56 297/384/56 298/387/56 295/381/56
f 290/375/57 296/383/57 298/387/57 297/384/57
f 296/383/58 300/390/58 301/391/58 298/386/58
f 291/377/59 299/388/59 301/391/59 300/390/59
f 299/388/60 303/393/60 304/394/60 301/391/60
f 292/378/61 302/392/61 304/394/61 303/393/61
f 302/392/62 294/380/62 295/381/62 304/394/62
f 295/381/64 298/387/64 301/391/64 304/394/64
f 305/395/61 309/401/61 311/403/61 310/402/61
f 309/401/62 313/405/62 314/406/62 311/403/62
f 306/396/55 312/404/55 314/406/55 313/405/55
f 312/404/56 316/409/56 317/412/56 314/406/56
f 307/398/57 315/408/57 317/412/57 316/409/57
f 315/408/58 319/415/58 320/416/58 317/411/58
f 308/400/59 318/413/59 320/416/59 319/415/59
f 318/413/60 310/402/60 311/403/60 320/416/60
f 311/403/63 314/406/63 317/412/63 320/416/63
f 321/417/55 325/423/55 327/425/55 326/424/55
f 325/423/56 329/428/56 330/431/56 327/425/56
f 322/419/57 328/427/57 330/431/57 329/428/57
f 328/427/58 332/434/58 333/435/58 330/430/58
f 323/421/59 331/432/59 333/435/59 332/434/59
f 331/432/60 335/437/60 336/438/60 333/435/60
f 324/422/61 334/436/61 336/438/61 335/437/61
f 334/436/62 326/424/62 327/425/62 336/438/62
f 327/425/65 330/431/65 333/435/65 336/438/65
f 337/439/61 341/445/61 343/447/61 342/446/61
f 341/445/62 345/449/62 346/450/62 343/447/62
f 338/440/55 344/448/55 346/450/55 345/449/55
f 344/448/56 348/453/56 349/456/56 346/450/56
f 339/442/57 347/452/57 349/456/57 348/453/57
f 347/452/58 351/459/58 352/460/58 349/455/58
f 340/444/59 350/457/59 352/460/59 351/459/59
f 350/457/60 342/446/60 343/447/60 352/460/60
f 343/447/65 346/450/65 349/456/65 352/460/65
f 353/461/55 357/467/55 359/469/55 358/468/55
f 357/467/56 361/472/56 362/475/56 359/469/56
f 354/463/57 360/471/57 362/475/57 361/472/57
f 360/471/58 364/478/58 365/479/58 362/474/58
f 355/465/59 363/476/59 365/479/59 364/478/59
f 363/476/60 367/481/60 368/482/60 365/479/60
f 356/466/61 366/480/61 368/482/61 367/481/61
f 366/480/62 358/468/62 359/469/62 368/482/62
f 359/469/65 362/475/65 365/479/65 368/482/65
f 369/483/61 373/489/61 375/491/61 374/490/61
f 373/489/62 377/493/62 378/494/62 375/491/62
f 370/484/55 376/492/55 378/494/55 377/493/55
f 376/492/56 380/497/56 381/500/56 378/494/56
f 371/485/57 379/495/57 381/500/57 380/497/57
f 379/495/58 383/503/58 384/504/58 381/499/58
f 372/488/59 382/501/59 384/504/59 383/503/59
f 382/501/60 374/490/60 375/491/60 384/504/60
f 375/491/63 378/494/63 381/500/63 384/504/63
f 465/585/66 468/588/66 470/590/66 469/589/66
f 468/588/67 472/592/67 473/593/67 470/590/67
f 466/586/68 471/591/68 473/593/68 472/592/68
f 471/591/69 475/595/69 476/596/69 473/593/69
f 467/587/70 474/594/70 476/596/70 475/595/70
f 474/594/71 469/589/71 470/590/71 476/596/71
f 470/590/72 473/593/72 476/596/72
f 477/597/73 480/600/73 482/602/73 481/601/73
f 480/600/74 484/604/74 485/605/74 482/602/74
f 478/598/75 483/603/75 485/605/75 484/604/75
f 483/603/76 487/607/76 488/608/76 485/605/76
f 479/599/77 486/606/77 488/608/77 487/607/77
f 486/606/78 481/601/78 482/602/78 488/608/78
f 482/602/79 485/605/79 488/608/79
f 489/609/68 492/612/68 494/614/68 493/613/68
f 492/612/80 496/616/80 497/617/80 494/614/80
f 490/610/81 495/615/81 497/617/81 496/616/81
f 495/615/82 499/619/82 500/620/82 497/617/82
f 491/611/83 498/618/83 500/620/83 499/619/83
f 498/618/84 493/613/84 494/614/84 500/620/84
f 494/614/85 497/617/85 500/620/85
f 501/621/86 504/624/86 506/626/86 505/625/86
f 504/624/87 508/628/87 509/629/87 506/626/87
f 502/622/88 507/627/88 509/629/88 508/628/88
f 507/627/89 511/631/89 512/632/89 509/629/89
f 503/623/90 510/630/90 512/632/90 511/631/90
f 510/630/91 505/625/91 506/626/91 512/632/91
f 506/626/92 509/629/92 512/632/92
f 513/633/93 516/636/93 518/638/93 517/637/93
f 516/636/94 520/640/94 521/641/94 518/638/94
f 514/634/95 519/639/95 521/641/95 520/640/95
f 519/639/96 523/643/96 524/644/96 521/641/96
f 515/635/97 522/642/97 524/644/97 523/643/97
f 522/642/98 517/637/98 518/638/98 524/644/98
f 518/638/99 521/641/99 524/644/99
f 525/645/100 528/648/100 530/650/100 529/649/100
f 528/648/101 532/652/101 533/653/101 530/650/101
f 526/646/102 531/651/102 533/653/102 532/652/102
f 531/651/103 535/655/103 536/656/103 533/653/103
f 527/647/104 534/654/104 536/656/104 535/655/104
f 534/654/105 529/649/105 530/650/105 536/656/105
f 530/650/106 533/653/106 536/656/106
f 537/657/107 540/660/107 542/662/107 541/661/107
f 540/660/108 544/664/108 545/665/108 542/662/108
f 538/658/109 543/663/109 545/665/109 544/664/109
f 543/663/110 547/667/110 548/668/110 545/665/110
f 539/659/111 546/666/111 548/668/111 547/667/111
f 546/666/112 541/661/112 542/662/112 548/668/112
f 542/662/113 545/665/113 548/668/113
f 549/669/114 552/672/114 554/674/114 553/673/114
f 552/672/80 556/676/80 557/677/80 554/674/80
f 550/670/81 555/675/81 557/677/81 556/676/81
f 555/675/82 559/679/82 560/680/82 557/677/82
f 551/671/83 558/678/83 560/680/83 559/679/83
f 558/678/84 553/673/84 554/674/84 560/680/84
f 554/674/85 557/677/85 560/680/85
f 561/681/115 564/684/115 566/686/115 565/685/115
f 564/684/108 568/688/108 569/689/108 566/686/108
f 562/682/109 567/687/109 569/689/109 568/688/109
f 567/687/110 571/691/110 572/692/110 569/689/110
f 563/683/111 570/690/111 572/692/111 571/691/111
f 570/690/112 565/685/112 566/686/112 572/692/112
f 566/686/116 569/689/116 572/692/116
f 573/693/114 576/696/114 578/698/114 577/697/114
f 576/696/117 580/700/117 581/701/117 578/698/117
f 574/694/81 579/699/81 581/701/81 580/700/81
f 579/699/82 583/703/82 584/704/82 581/701/82
f 575/695/83 582/702/83 584/704/83 583/703/83
f 582/702/84 577/697/84 578/698/84 584/704/84
f 578/698/85 581/701/85 584/704/85
f 585/705/115 588/708/115 590/710/115 589/709/115
f 588/708/108 592/712/108 593/713/108 590/710/108
f 586/706/109 591/711/109 593/713/109 592/712/109
f 591/711/110 595/715/110 596/716/110 593/713/110
f 587/707/111 594/714/111 596/716/111 595/715/111
f 594/714/112 589/709/112 590/710/112 596/716/112
f 590/710/113 593/713/113 596/716/113
f 597/717/114 600/720/114 602/722/114 601/721/114
f 600/720/80 604/724/80 605/725/80 602/722/80
f 598/718/81 603/723/81 605/725/81 604/724/81
f 603/723/82 607/727/82 608/728/82 605/725/82
f 599/719/83 606/726/83 608/728/83 607/727/83
f 606/726/84 601/721/84 602/722/84 608/728/84
f 602/722/85 605/725/85 608/728/85
f 609/729/107 612/732/107 614/734/107 613/733/107
f 612/732/108 616/736/108 617/737/108 614/734/108
f 610/730/109 615/735/109 617/737/109 616/736/109
f 615/735/110 619/739/110 620/740/110 617/737/110
f 611/731/111 618/738/111 620/740/111 619/739/111
f 618/738/112 613/733/112 614/734/112 620/740/112
f 614/734/113 617/737/113 620/740/113
f 621/741/114 624/744/114 626/746/114 625/745/114
f 624/744/80 628/748/80 629/749/80 626/746/80
f 622/742/81 627/747/81 629/749/81 628/748/81
f 627/747/82 631/751/82 632/752/82 629/749/82
f 623/743/83 630/750/83 632/752/83 631/751/83
f 630/750/84 625/745/84 626/746/84 632/752/84
f 626/746/85 629/749/85 632/752/85
f 633/753/115 636/756/115 638/758/115 637/757/115
f 636/756/108 640/760/108 641/761/108 638/758/108
f 634/754/109 639/759/109 641/761/109 640/760/109
f 639/759/110 643/763/110 644/764/110 641/761/110
f 635/755/111 642/762/111 644/764/111 643/763/111
f 642/762/112 637/757/112 638/758/112 644/764/112
f 638/758/113 641/761/113 644/764/113
f 645/765/118 648/768/118 650/770/118 649/769/118
f 648/768/119 652/772/119 653/773/119 650/770/119
f 646/766/120 651/771/120 653/773/120 652/772/120
f 651/771/121 655/775/121 656/776/121 653/773/121
f 647/767/122 654/774/122 656/776/122 655/775/122
f 654/774/123 649/769/123 650/770/123 656/776/123
f 650/770/124 653/773/124 656/776/124
f 657/777/93 660/780/93 662/782/93 661/781/93
f 660/780/94 664/784/94 665/785/94 662/782/94
f 658/778/95 663/783/95 665/785/95 664/784/95
f 663/783/96 667/787/96 668/788/96 665/785/96
f 659/779/97 666/786/97 668/788/97 667/787/97
f 666/786/98 661/781/98 662/782/98 668/788/98
f 662/782/99 665/785/99 668/788/99
f 669/789/125 672/792/125 674/794/125 673/793/125
f 672/792/119 676/796/119 677/797/119 674/794/119
f 670/790/120 675/795/120 677/797/120 676/796/120
f 675/795/121 679/799/121 680/800/121 677/797/121
f 671/791/122 678/798/122 680/800/122 679/799/122
f 678/798/123 673/793/123 674/794/123 680/800/123
f 674/794/124 677/797/124 680/800/124
f 681/801/93 684/804/93 686/806/93 685/805/93
f 684/804/94 688/808/94 689/809/94 686/806/94
f 682/802/95 687/807/95 689/809/95 688/808/95
f 687/807/96 691/811/96 692/812/96 689/809/96
f 683/803/97 690/810/97 692/812/97 691/811/97
f 690/810/126 685/805/126 686/806/126 692/812/126
f 686/806/99 689/809/99 692/812/99
f 693/813/118 696/816/118 698/818/118 697/817/118
f 696/816/119 700/820/119 701/821/119 698/818/119
f 694/814/120 699/819/120 701/821/120 700/820/120
f 699/819/121 703/823/121 704/824/121 701/821/121
f 695/815/122 702/822/122 704/824/122 703/823/122
f 702/822/123 697/817/123 698/818/123 704/824/123
f 698/818/124 701/821/124 704/824/124
f 705/825/127 708/828/127 710/830/127 709/829/127
f 708/828/94 712/832/94 713/833/94 710/830/94
f 706/826/95 711/831/95 713/833/95 712/832/95
f 711/831/96 715/835/96 716/836/96 713/833/96
f 707/827/97 714/834/97 716/836/97 715/835/97
f 714/834/98 709/829/98 710/830/98 716/836/98
f 710/830/99 713/833/99 716/836/99
f 717/837/125 720/840/125 722/842/125 721/841/125
f 720/840/119 724/844/119 725/845/119 722/842/119
f 718/838/120 723/843/120 725/845/120 724/844/120
f 723/843/121 727/847/121 728/848/121 725/845/121
f 719/839/122 726/846/122 728/848/122 727/847/122
f 726/846/123 721/841/123 722/842/123 728/848/123
f 722/842/124 725/845/124 728/848/124
f 729/849/93 732/852/93 734/854/93 733/853/93
f 732/852/94 736/856/94 737/857/94 734/854/94
f 730/850/95 735/855/95 737/857/95 736/856/95
f 735/855/96 739/859/96 740/860/96 737/857/96
f 731/851/97 738/858/97 740/860/97 739/859/97
f 738/858/98 733/853/98 734/854/98 740/860/98
f 734/854/99 737/857/99 740/860/99
f 741/861/125 744/864/125 746/866/125 745/865/125
f 744/864/119 748/868/119 749/869/119 746/866/119
f 742/862/120 747/867/120 749/869/120 748/868/120
f 747/867/121 751/871/121 752/872/121 749/869/121
f 743/863/122 750/870/122 752/872/122 751/871/122
f 750/870/123 745/865/123 746/866/123 752/872/123
f 746/866/124 749/869/124 752/872/124
f 753/873/68 756/876/68 758/878/68 757/877/68
f 756/876/80 760/880/80 761/881/80 758/878/80
f 754/874/81 759/879/81 761/881/81 760/880/81
f 759/879/82 763/883/82 764/884/82 761/881/82
f 755/875/83 762/882/83 764/884/83 763/883/83
f 762/882/84 757/877/84 758/878/84 764/884/84
f 758/878/85 761/881/85 764/884/85
f 765/885/107 768/888/107 770/890/107 769/889/107
f 768/888/108 772/892/108 773/893/108 770/890/108
f 766/886/109 771/891/109 773/893/109 772/892/109
f 771/891/110 775/895/110 776/896/110 773/893/110
f 767/887/111 774/894/111 776/896/111 775/895/111
f 774/894/112 769/889/112 770/890/112 776/896/112
f 770/890/116 773/893/116 776/896/116
f 777/897/68 780/900/68 782/902/68 781/901/68
f 780/900/117 784/904/117 785/905/117 782/902/117
f 778/898/81 783/903/81 785/905/81 784/904/81
f 783/903/82 787/907/82 788/908/82 785/905/82
f 779/899/83 786/906/83 788/908/83 787/907/83
f 786/906/84 781/901/84 782/902/84 788/908/84
f 782/902/85 785/905/85 788/908/85
f 789/909/107 792/912/107 794/914/107 793/913/107
f 792/912/108 796/916/108 797/917/108 794/914/108
f 790/910/109 795/915/109 797/917/109 796/916/109
f 795/915/110 799/919/110 800/920/110 797/917/110
f 791/911/111 798/918/111 800/920/111 799/919/111
f 798/918/112 793/913/112 794/914/112 800/920/112
f 794/914/116 797/917/116 800/920/116
f 801/921/68 804/924/68 806/926/68 805/925/68
f 804/924/80 808/928/80 809/929/80 806/926/80
f 802/922/81 807/927/81 809/929/81 808/928/81
f 807/927/82 811/931/82 812/932/82 809/929/82
f 803/923/83 810/930/83 812/932/83 811/931/83
f 810/930/84 805/925/84 806/926/84 812/932/84
f 806/926/85 809/929/85 812/932/85
f 813/933/107 816/936/107 818/938/107 817/937/107
f 816/936/108 820/940/108 821/941/108 818/938/108
f 814/934/109 819/939/109 821/941/109 820/940/109
f 819/939/110 823/943/110 824/944/110 821/941/110
f 815/935/111 822/942/111 824/944/111 823/943/111
f 822/942/112 817/937/112 818/938/112 824/944/112
f 818/938/113 821/941/113 824/944/113
f 825/945/68 828/948/68 830/950/68 829/949/68
f 828/948/80 832/952/80 833/953/80 830/950/80
f 826/946/81 831/951/81 833/953/81 832/952/81
f 831/951/82 835/955/82 836/956/82 833/953/82
f 827/947/83 834/954/83 836/956/83 835/955/83
f 834/954/84 829/949/84 830/950/84 836/956/84
f 830/950/85 833/953/85 836/956/85
f 837/957/107 840/960/107 842/962/107 841/961/107
f 840/960/108 844/964/108 845/965/108 842/962/108
f 838/958/109 843/963/109 845/965/109 844/964/109
f 843/963/110 847/967/110 848/968/110 845/965/110
f 839/959/111 846/966/111 848/968/111 847/967/111
f 846/966/112 841/961/112 842/962/112 848/968/112
f 842/962/113 845/965/113 848/968/113
f 849/969/68 852/972/68 854/974/68 853/973/68
f 852/972/80 856/976/80 857/977/80 854/974/80
f 850/970/81 855/975/81 857/977/81 856/976/81
f 855/975/82 859/979/82 860/980/82 857/977/82
f 851/971/83 858/978/83 860/980/83 859/979/83
f 858/978/84 853/973/84 854/974/84 860/980/84
f 854/974/85 857/977/85 860/980/85
f 861/981/107 864/984/107 866/986/107 865/985/107
f 864/984/108 868/988/108 869/989/108 866/986/108
f 862/982/109 867/987/109 869/989/109 868/988/109
f 867/987/110 871/991/110 872/992/110 869/989/110
f 863/983/111 870/990/111 872/992/111 871/991/111
f 870/990/112 865/985/112 866/986/112 872/992/112
f 866/986/113 869/989/113 872/992/113
f 873/993/127 876/996/127 878/998/127 877/997/127
f 876/996/94 880/1000/94 881/1001/94 878/998/94
f 874/994/95 879/999/95 881/1001/95 880/1000/95
f 879/999/96 883/1003/96 884/1004/96 881/1001/96
f 875/995/97 882/1002/97 884/1004/97 883/1003/97
f 882/1002/98 877/997/98 878/998/98 884/1004/98
f 878/998/99 881/1001/99 884/1004/99
f 885/1005/125 888/1008/125 890/1010/125 889/1009/125
f 888/1008/119 892/1012/119 893/1013/119 890/1010/119
f 886/1006/120 891/1011/120 893/1013/120 892/1012/120
f 891/1011/121 895/1015/121 896/1016/121 893/1013/121
f 887/1007/122 894/1014/122 896/1016/122 895/1015/122
f 894/1014/123 889/1009/123 890/1010/123 896/1016/123
f 890/1010/124 893/1013/124 896/1016/124
f 897/1017/93 900/1020/93 902/1022/93 901/1021/93
f 900/1020/94 904/1024/94 905/1025/94 902/1022/94
f 898/1018/95 903/1023/95 905/1025/95 904/1024/95
f 903/1023/96 907/1027/96 908/1028/96 905/1025/96
f 899/1019/97 906/1026/97 908/1028/97 907/1027/97
f 906/1026/98 901/1021/98 902/1022/98 908/1028/98
f 902/1022/99 905/1025/99 908/1028/99
f 909/1029/118 912/1032/118 914/1034/118 913/1033/118
f 912/1032/119 916/1036/119 917/1037/119 914/1034/119
f 910/1030/120 915/1035/120 917/1037/120 916/1036/120
f 915/1035/121 919/1039/121 920/1040/121 917/1037/121
f 911/1031/122 918/1038/122 920/1040/122 919/1039/122
f 918/1038/123 913/1033/123 914/1034/123 920/1040/123
f 914/1034/124 917/1037/124 920/1040/124
f 921/1041/93 924/1044/93 926/1046/93 925/1045/93
f 924/1044/94 928/1048/94 929/1049/94 926/1046/94
f 922/1042/95 927/1047/95 929/1049/95 928/1048/95
f 927/1047/96 931/1051/96 932/1052/96 929/1049/96
f 923/1043/97 930/1050/97 932/1052/97 931/1051/97
f 930/1050/126 925/1045/126 926/1046/126 932/1052/126
f 926/1046/99 929/1049/99 932/1052/99
f 933/1053/125 936/1056/125 938/1058/125 937/1057/125
f 936/1056/119 940/1060/119 941/1061/119 938/1058/119
f 934/1054/120 939/1059/120 941/1061/120 940/1060/120
f 939/1059/121 943/1063/121 944/1064/121 941/1061/121
f 935/1055/122 942/1062/122 944/1064/122 943/1063/122
f 942/1062/123 937/1057/123 938/1058/123 944/1064/123
f 938/1058/124 941/1061/124 944/1064/124
f 945/1065/93 948/1068/93 950/1070/93 949/1069/93
f 948/1068/94 952/1072/94 953/1073/94 950/1070/94
f 946/1066/95 951/1071/95 953/1073/95 952/1072/95
f 951/1071/96 955/1075/96 956/1076/96 953/1073/96
f 947/1067/97 954/1074/97 956/1076/97 955/1075/97
f 954/1074/98 949/1069/98 950/1070/98 956/1076/98
f 950/1070/99 953/1073/99 956/1076/99
f 957/1077/125 960/1080/125 962/1082/125 961/1081/125
f 960/1080/119 964/1084/119 965/1085/119 962/1082/119
f 958/1078/120 963/1083/120 965/1085/120 964/1084/120
f 963/1083/121 967/1087/121 968/1088/121 965/1085/121
f 959/1079/122 966/1086/122 968/1088/122 967/1087/122
f 966/1086/123 961/1081/123 962/1082/123 968/1088/123
f 962/1082/124 965/1085/124 968/1088/124
f 969/1089/93 972/1092/93 974/1094/93 973/1093/93
f 972/1092/94 976/1096/94 977/1097/94 974/1094/94
f 970/1090/95 975/1095/95 977/1097/95 976/1096/95
f 975/1095/96 979/1099/96 980/1100/96 977/1097/96
f 971/1091/97 978/1098/97 980/1100/97 979/1099/97
f 978/1098/98 973/1093/98 974/1094/98 980/1100/98
f 974/1094/99 977/1097/99 980/1100/99
f 981/1101/125 984/1104/125 986/1106/125 985/1105/125
f 984/1104/119 988/1108/119 989/1109/119 986/1106/119
f 982/1102/120 987/1107/120 989/1109/120 988/1108/120
f 987/1107/121 991/1111/121 992/1112/121 989/1109/121
f 983/1103/122 990/1110/122 992/1112/122 991/1111/122
f 990/1110/123 985/1105/123 986/1106/123 992/1112/123
f 986/1106/124 989/1109/124 992/1112/124
f 41/41/128 53/53/128 57/57/128 44/44/128
f 44/44/129 57/57/129 62/62/129 48/48/129
f 48/48/130 62/62/130 55/55/130 42/42/130
f 11/11/131 5/5/131 7/7/131 18/18/131
f 18/18/132 7/7/132 8/8/132 13/13/132
f 13/13/133 8/8/133 6/6/133 9/9/133
f 21/21/134 1/1/134 3/3/134 24/24/134
f 24/24/135 3/3/135 4/4/135 28/28/135
f 28/28/136 4/4/136 2/2/136 22/22/136
f 22/22/137 11/11/137 19/19/137 27/27/137
f 27/27/138 19/19/138 15/15/138 31/31/138
f 31/31/139 15/15/139 10/10/139 23/23/139
f 422/542/140 21/21/140 25/25/140 424/544/140
f 424/544/141 25/25/141 30/30/141 423/543/141
f 423/543/142 30/30/142 23/23/142 421/541/142
f 462/582/143 10/10/143 16/16/143 464/584/143
f 464/584/144 16/16/144 12/12/144 463/583/144
f 463/583/145 12/12/145 9/9/145 461/581/145
f 42/42/146 37/37/146 39/39/146 47/47/146
f 47/47/147 39/39/147 40/40/147 51/51/147
f 51/51/148 40/40/148 38/38/148 43/43/148
f 34/34/149 55/55/149 63/63/149 36/36/149
f 36/36/150 63/63/150 59/59/150 35/35/150
f 35/35/151 59/59/151 54/54/151 33/33/151
f 43/43/152 385/505/152 387/507/152 50/50/152
f 50/50/153 387/507/153 388/508/153 45/45/153
f 45/45/154 388/508/154 386/506/154 41/41/154
f 385/505/155 389/509/155 391/511/155 387/507/155
f 387/507/153 391/511/153 392/512/153 388/508/153
f 388/508/156 392/512/156 390/510/156 386/506/156
f 389/509/155 393/513/155 395/515/155 391/511/155
f 391/511/153 395/515/153 396/516/153 392/512/153
f 392/512/156 396/516/156 394/514/156 390/510/156
f 393/513/155 397/517/155 399/519/155 395/515/155
f 395/515/153 399/519/153 400/520/153 396/516/153
f 396/516/156 400/520/156 398/518/156 394/514/156
f 397/517/155 401/521/155 403/523/155 399/519/155
f 399/519/153 403/523/153 404/524/153 400/520/153
f 400/520/156 404/524/156 402/522/156 398/518/156
f 401/521/155 405/525/155 407/527/155 403/523/155
f 403/523/153 407/527/153 408/528/153 404/524/153
f 404/524/156 408/528/156 406/526/156 402/522/156
f 405/525/155 409/529/155 411/531/155 407/527/155
f 407/527/153 411/531/153 412/532/153 408/528/153
f 408/528/156 412/532/156 410/530/156 406/526/156
f 409/529/155 413/533/155 415/535/155 411/531/155
f 411/531/153 415/535/153 416/536/153 412/532/153
f 412/532/156 416/536/156 414/534/156 410/530/156
f 413/533/155 417/537/155 419/539/155 415/535/155
f 415/535/153 419/539/153 420/540/153 416/536/153
f 416/536/156 420/540/156 418/538/156 414/534/156
f 417/537/155 422/542/155 424/544/155 419/539/155
f 419/539/153 424/544/153 423/543/153 420/540/153
f 420/540/156 423/543/156 421/541/156 418/538/156
f 53/53/157 425/545/157 427/547/157 56/56/157
f 56/56/158 427/547/158 428/548/158 60/60/158
f 60/60/159 428/548/159 426/546/159 54/54/159
f 425/545/160 429/549/160 431/551/160 427/547/160
f 427/547/144 431/551/144 432/552/144 428/548/144
f 428/548/161 432/552/161 430/550/161 426/546/161
f 429/549/160 433/553/160 435/555/160 431/551/160
f 431/551/144 435/555/144 436/556/144 432/552/144
f 432/552/161 436/556/161 434/554/161 430/550/161
f 433/553/160 437/557/160 439/559/160 435/555/160
f 435/555/144 439/559/144 440/560/144 436/556/144
f 436/556/161 440/560/161 438/558/161 434/554/161
f 437/557/160 441/561/160 443/563/160 439/559/160
f 439/559/144 443/563/144 444/564/144 440/560/144
f 440/560/161 444/564/161 442/562/161 438/558/161
f 441/561/160 445/565/160 447/567/160 443/563/160
f 443/563/144 447/567/144 448/568/144 444/564/144
f 444/564/161 448/568/161 446/566/161 442/562/161
f 445/565/160 449/569/160 451/571/160 447/567/160
f 447/567/144 451/571/144 452/572/144 448/568/144
f 448/568/161 452/572/161 450/570/161 446/566/161
f 449/569/160 453/573/160 455/575/160 451/571/160
f 451/571/144 455/575/144 456/576/144 452/572/144
f 452/572/161 456/576/161 454/574/161 450/570/161
f 453/573/160 457/577/160 459/579/160 455/575/160
f 455/575/144 459/579/144 460/580/144 456/576/144
f 456/576/161 460/580/161 458/578/161 454/574/161
f 457/577/160 462/582/160 464/584/160 459/579/160
f 459/579/144 464/584/144 463/583/144 460/580/144
f 460/580/161 463/583/161 461/581/161 458/578/161
f 228/290/162 66/66/162 73/75/162 238/304/162
f 238/304/163 73/75/163 69/71/163 230/292/163
f 230/292/164 69/71/164 65/65/164 225/285/164
f 241/307/162 81/87/162 86/94/162 245/313/162
f 245/313/163 86/94/163 94/106/163 249/317/163
f 249/317/164 94/106/164 84/92/164 242/308/164
f 260/334/162 98/110/162 105/119/162 270/348/162
f 270/348/163 105/119/163 101/115/163 262/336/163
f 262/336/164 101/115/164 97/109/164 257/329/164
f 273/351/162 113/131/162 118/138/162 277/357/162
f 277/357/163 118/138/163 126/150/163 281/361/163
f 281/361/164 126/150/164 116/136/164 274/352/164
f 292/378/162 130/154/162 137/163/162 302/392/162
f 302/392/163 137/163/163 133/159/163 294/380/163
f 294/380/164 133/159/164 129/153/164 289/373/164
f 305/395/162 145/175/162 150/182/162 309/401/162
f 309/401/163 150/182/163 158/194/163 313/405/163
f 313/405/164 158/194/164 148/180/164 306/396/164
f 324/422/162 162/198/162 169/207/162 334/436/162
f 334/436/163 169/207/163 165/203/163 326/424/163
f 326/424/164 165/203/164 161/197/164 321/417/164
f 337/439/162 177/219/162 182/226/162 341/445/162
f 341/445/163 182/226/163 190/238/163 345/449/163
f 345/449/164 190/238/164 180/224/164 338/440/164
f 356/466/162 194/242/162 201/251/162 366/480/162
f 366/480/163 201/251/163 197/247/163 358/468/163
f 358/468/164 197/247/164 193/241/164 353/461/164
f 369/483/162 209/263/162 214/270/162 373/489/162
f 373/489/163 214/270/163 222/282/163 377/493/163
f 377/493/164 222/282/164 212/268/164 370/484/164
f 467/587/165 478/598/165 484/604/165 474/594/165
f 474/594/166 484/604/166 480/600/166 469/589/166
f 469/589/167 480/600/167 477/597/167 465/585/167
f 489/609/168 501/621/168 505/625/168 492/612/168
f 492/612/169 505/625/169 510/630/169 496/616/169
f 496/616/170 510/630/170 503/623/170 490/610/170
f 515/635/171 526/646/171 532/652/171 522/642/171
f 522/642/172 532/652/172 528/648/172 517/637/172
f 517/637/173 528/648/173 525/645/173 513/633/173
f 526/646/174 503/623/174 511/631/174 531/651/174
f 531/651/175 511/631/175 507/627/175 535/655/175
f 535/655/176 507/627/176 502/622/176 527/647/176
f 466/586/177 537/657/177 541/661/177 471/591/177
f 471/591/178 541/661/178 546/666/178 475/595/178
f 475/595/179 546/666/179 539/659/179 467/587/179
f 549/669/177 561/681/177 565/685/177 552/672/177
f 552/672/178 565/685/178 570/690/178 556/676/178
f 556/676/179 570/690/179 563/683/179 550/670/179
f 573/693/177 585/705/177 589/709/177 576/696/177
f 576/696/178 589/709/178 594/714/178 580/700/178
f 580/700/179 594/714/179 587/707/179 574/694/179
f 597/717/177 609/729/177 613/733/177 600/720/177
f 600/720/178 613/733/178 618/738/178 604/724/178
f 604/724/179 618/738/179 611/731/179 598/718/179
f 621/741/177 633/753/177 637/757/177 624/744/177
f 624/744/178 637/757/178 642/762/178 628/748/178
f 628/748/179 642/762/179 635/755/179 622/742/179
f 478/598/180 646/766/180 652/772/180 483/603/180
f 483/603/181 652/772/181 648/768/181 487/607/181
f 487/607/182 648/768/182 645/765/182 479/599/182
f 659/779/171 670/790/171 676/796/171 666/786/171
f 666/786/183 676/796/183 672/792/183 661/781/183
f 661/781/173 672/792/173 669/789/173 657/777/173
f 683/803/171 694/814/171 700/820/171 690/810/171
f 690/810/183 700/820/183 696/816/183 685/805/183
f 685/805/173 696/816/173 693/813/173 681/801/173
f 707/827/171 718/838/171 724/844/171 714/834/171
f 714/834/183 724/844/183 720/840/183 709/829/183
f 709/829/173 720/840/173 717/837/173 705/825/173
f 731/851/171 742/862/171 748/868/171 738/858/171
f 738/858/183 748/868/183 744/864/183 733/853/183
f 733/853/173 744/864/173 741/861/173 729/849/173
f 646/766/184 539/659/184 547/667/184 651/771/184
f 651/771/185 547/667/185 543/663/185 655/775/185
f 655/775/186 543/663/186 538/658/186 647/767/186
f 658/778/187 551/671/187 559/679/187 663/783/187
f 663/783/188 559/679/188 555/675/188 667/787/188
f 667/787/189 555/675/189 550/670/189 659/779/189
f 670/790/184 563/683/184 571/691/184 675/795/184
f 675/795/185 571/691/185 567/687/185 679/799/185
f 679/799/186 567/687/186 562/682/186 671/791/186
f 682/802/187 575/695/187 583/703/187 687/807/187
f 687/807/188 583/703/188 579/699/188 691/811/188
f 691/811/189 579/699/189 574/694/189 683/803/189
f 694/814/184 587/707/184 595/715/184 699/819/184
f 699/819/185 595/715/185 591/711/185 703/823/185
f 703/823/186 591/711/186 586/706/186 695/815/186
f 706/826/187 599/719/187 607/727/187 711/831/187
f 711/831/188 607/727/188 603/723/188 715/835/188
f 715/835/189 603/723/189 598/718/189 707/827/189
f 718/838/184 611/731/184 619/739/184 723/843/184
f 723/843/185 619/739/185 615/735/185 727/847/185
f 727/847/186 615/735/186 610/730/186 719/839/186
f 730/850/187 623/743/187 631/751/187 735/855/187
f 735/855/188 631/751/188 627/747/188 739/859/188
f 739/859/189 627/747/189 622/742/189 731/851/189
f 742/862/184 635/755/184 643/763/184 747/867/184
f 747/867/185 643/763/185 639/759/185 751/871/185
f 751/871/186 639/759/186 634/754/186 743/863/186
f 514/634/187 491/611/187 499/619/187 519/639/187
f 519/639/188 499/619/188 495/615/188 523/643/188
f 523/643/189 495/615/189 490/610/189 515/635/189
f 37/37/190 477/597/190 481/601/190 39/39/190
f 39/39/191 481/601/191 486/606/191 40/40/191
f 40/40/192 486/606/192 479/599/192 38/38/192
f 465/585/193 34/34/193 36/36/193 468/588/193
f 468/588/194 36/36/194 35/35/194 472/592/194
f 472/592/195 35/35/195 33/33/195 466/586/195
f 242/308/196 658/778/196 664/784/196 248/316/196
f 248/316/197 664/784/197 660/780/197 252/322/197
f 252/322/198 660/780/198 657/777/198 243/310/198
f 551/671/199 84/92/199 95/107/199 558/678/199
f 558/678/200 95/107/200 91/101/200 553/673/200
f 553/673/201 91/101/201 83/91/201 549/669/201
f 115/135/201 573/693/201 577/697/201 123/145/201
f 123/145/200 577/697/200 582/702/200 127/151/200
f 127/151/199 582/702/199 575/695/199 116/136/199
f 585/705/202 131/156/202 140/168/202 588/708/202
f 588/708/203 140/168/203 136/162/203 592/712/203
f 592/712/204 136/162/204 130/154/204 586/706/204
f 370/484/196 514/634/196 520/640/196 376/492/196
f 376/492/205 520/640/205 516/636/205 380/498/205
f 380/498/198 516/636/198 513/633/198 371/485/198
f 491/611/199 212/268/199 223/283/199 498/618/199
f 498/618/200 223/283/200 219/277/200 493/613/200
f 493/613/201 219/277/201 211/267/201 489/609/201
f 259/333/206 669/789/206 673/793/206 267/344/206
f 267/344/207 673/793/207 678/798/207 271/349/207
f 271/349/208 678/798/208 671/791/208 260/334/208
f 98/110/209 562/682/209 568/688/209 104/118/209
f 104/118/203 568/688/203 564/684/203 108/124/203
f 108/124/202 564/684/202 561/681/202 99/112/202
f 274/352/196 682/802/196 688/808/196 280/360/196
f 280/360/205 688/808/205 684/804/205 284/366/205
f 284/366/198 684/804/198 681/801/198 275/354/198
f 147/179/201 597/717/201 601/721/201 155/189/201
f 155/189/200 601/721/200 606/726/200 159/195/200
f 159/195/199 606/726/199 599/719/199 148/180/199
f 609/729/202 163/200/202 172/212/202 612/732/202
f 612/732/210 172/212/210 168/206/210 616/736/210
f 616/736/211 168/206/211 162/198/211 610/730/211
f 291/377/206 693/813/206 697/817/206 299/388/206
f 299/388/207 697/817/207 702/822/207 303/393/207
f 303/393/208 702/822/208 695/815/208 292/378/208
f 501/621/212 6/6/212 8/8/212 504/624/212
f 504/624/213 8/8/213 7/7/213 508/628/213
f 508/628/214 7/7/214 5/5/214 502/622/214
f 537/657/202 67/68/202 76/80/202 540/660/202
f 540/660/210 76/80/210 72/74/210 544/664/210
f 544/664/211 72/74/211 66/66/211 538/658/211
f 1/1/215 525/645/215 529/649/215 3/3/215
f 3/3/216 529/649/216 534/654/216 4/4/216
f 4/4/217 534/654/217 527/647/217 2/2/217
f 306/396/196 706/826/196 712/832/196 312/404/196
f 312/404/197 712/832/197 708/828/197 316/410/197
f 316/410/198 708/828/198 705/825/198 307/398/198
f 179/223/201 621/741/201 625/745/201 187/233/201
f 187/233/200 625/745/200 630/750/200 191/239/200
f 191/239/199 630/750/199 623/743/199 180/224/199
f 633/753/202 195/244/202 204/256/202 636/756/202
f 636/756/210 204/256/210 200/250/210 640/760/210
f 640/760/218 200/250/218 194/242/218 634/754/218
f 323/421/206 717/837/206 721/841/206 331/432/206
f 331/432/219 721/841/219 726/846/219 335/437/219
f 335/437/220 726/846/220 719/839/220 324/422/220
f 338/440/196 730/850/196 736/856/196 344/448/196
f 344/448/205 736/856/205 732/852/205 348/454/205
f 348/454/198 732/852/198 729/849/198 339/442/198
f 227/289/206 645/765/206 649/769/206 235/300/206
f 235/300/207 649/769/207 654/774/207 239/305/207
f 239/305/221 654/774/221 647/767/221 228/290/221
f 355/465/206 741/861/206 745/865/206 363/476/206
f 363/476/219 745/865/219 750/870/219 367/481/219
f 367/481/208 750/870/208 743/863/208 356/466/208
f 753/873/177 765/885/177 769/889/177 756/876/177
f 756/876/178 769/889/178 774/894/178 760/880/178
f 760/880/179 774/894/179 767/887/179 754/874/179
f 777/897/177 789/909/177 793/913/177 780/900/177
f 780/900/178 793/913/178 798/918/178 784/904/178
f 784/904/179 798/918/179 791/911/179 778/898/179
f 801/921/177 813/933/177 817/937/177 804/924/177
f 804/924/178 817/937/178 822/942/178 808/928/178
f 808/928/179 822/942/179 815/935/179 802/922/179
f 825/945/177 837/957/177 841/961/177 828/948/177
f 828/948/178 841/961/178 846/966/178 832/952/178
f 832/952/179 846/966/179 839/959/179 826/946/179
f 849/969/177 861/981/177 865/985/177 852/972/177
f 852/972/178 865/985/178 870/990/178 856/976/178
f 856/976/179 870/990/179 863/983/179 850/970/179
f 875/995/171 886/1006/171 892/1012/171 882/1002/171
f 882/1002/183 892/1012/183 888/1008/183 877/997/183
f 877/997/173 888/1008/173 885/1005/173 873/993/173
f 899/1019/171 910/1030/171 916/1036/171 906/1026/171
f 906/1026/183 916/1036/183 912/1032/183 901/1021/183
f 901/1021/173 912/1032/173 909/1029/173 897/1017/173
f 923/1043/171 934/1054/171 940/1060/171 930/1050/171
f 930/1050/183 940/1060/183 936/1056/183 925/1045/183
f 925/1045/173 936/1056/173 933/1053/173 921/1041/173
f 947/1067/171 958/1078/171 964/1084/171 954/1074/171
f 954/1074/183 964/1084/183 960/1080/183 949/1069/183
f 949/1069/173 960/1080/173 957/1077/173 945/1065/173
f 971/1091/171 982/1102/171 988/1108/171 978/1098/171
f 978/1098/183 988/1108/183 984/1104/183 973/1093/183
f 973/1093/173 984/1104/173 981/1101/173 969/1089/173
f 874/994/187 755/875/187 763/883/187 879/999/187
f 879/999/188 763/883/188 759/879/188 883/1003/188
f 883/1003/189 759/879/189 754/874/189 875/995/189
f 886/1006/184 767/887/184 775/895/184 891/1011/184
f 891/1011/185 775/895/185 771/891/185 895/1015/185
f 895/1015/186 771/891/186 766/886/186 887/1007/186
f 898/1018/187 779/899/187 787/907/187 903/1023/187
f 903/1023/188 787/907/188 783/903/188 907/1027/188
f 907/1027/189 783/903/189 778/898/189 899/1019/189
f 910/1030/184 791/911/184 799/919/184 915/1035/184
f 915/1035/185 799/919/185 795/915/185 919/1039/185
f 919/1039/186 795/915/186 790/910/186 911/1031/186
f 922/1042/187 803/923/187 811/931/187 927/1047/187
f 927/1047/188 811/931/188 807/927/188 931/1051/188
f 931/1051/189 807/927/189 802/922/189 923/1043/189
f 934/1054/184 815/935/184 823/943/184 939/1059/184
f 939/1059/185 823/943/185 819/939/185 943/1063/185
f 943/1063/186 819/939/186 814/934/186 935/1055/186
f 946/1066/187 827/947/187 835/955/187 951/1071/187
f 951/1071/188 835/955/188 831/951/188 955/1075/188
f 955/1075/189 831/951/189 826/946/189 947/1067/189
f 958/1078/184 839/959/184 847/967/184 963/1083/184
f 963/1083/185 847/967/185 843/963/185 967/1087/185
f 967/1087/186 843/963/186 838/958/186 959/1079/186
f 970/1090/187 851/971/187 859/979/187 975/1095/187
f 975/1095/188 859/979/188 855/975/188 979/1099/188
f 979/1099/189 855/975/189 850/970/189 971/1091/189
f 982/1102/184 863/983/184 871/991/184 987/1107/184
f 987/1107/185 871/991/185 867/987/185 991/1111/185
f 991/1111/186 867/987/186 862/982/186 983/1103/186
f 244/312/206 885/1005/206 889/1009/206 254/325/206
f 254/325/207 889/1009/207 894/1014/207 246/314/207
f 246/314/208 894/1014/208 887/1007/208 241/307/208
f 765/885/202 82/89/202 89/99/202 768/888/202
f 768/888/210 89/99/210 85/93/210 772/892/210
f 772/892/211 85/93/211 81/87/211 766/886/211
f 353/461/196 970/1090/196 976/1096/196 357/467/196
f 357/467/205 976/1096/205 972/1092/205 361/473/205
f 361/473/198 972/1092/198 969/1089/198 354/463/198
f 983/1103/208 369/483/208 374/490/208 990/1110/208
f 990/1110/219 374/490/219 382/501/219 985/1105/219
f 985/1105/206 382/501/206 372/488/206 981/1101/206
f 861/981/202 210/265/202 217/275/202 864/984/202
f 864/984/210 217/275/210 213/269/210 868/988/210
f 868/988/211 213/269/211 209/263/211 862/982/211
f 100/114/201 777/897/201 781/901/201 110/126/201
f 110/126/200 781/901/200 786/906/200 102/116/200
f 102/116/199 786/906/199 779/899/199 97/109/199
f 897/1017/198 258/331/198 265/341/198 900/1020/198
f 900/1020/205 265/341/205 261/335/205 904/1024/205
f 904/1024/196 261/335/196 257/329/196 898/1018/196
f 145/175/211 814/934/211 820/940/211 149/181/211
f 149/181/210 820/940/210 816/936/210 153/187/210
f 153/187/202 816/936/202 813/933/202 146/177/202
f 803/923/199 129/153/199 134/160/199 810/930/199
f 810/930/200 134/160/200 142/170/200 805/925/200
f 805/925/201 142/170/201 132/158/201 801/921/201
f 911/1031/208 273/351/208 278/358/208 918/1038/208
f 918/1038/207 278/358/207 286/369/207 913/1033/207
f 913/1033/206 286/369/206 276/356/206 909/1029/206
f 789/909/202 114/133/202 121/143/202 792/912/202
f 792/912/210 121/143/210 117/137/210 796/916/210
f 796/916/211 117/137/211 113/131/211 790/910/211
f 921/1041/198 290/375/198 297/385/198 924/1044/198
f 924/1044/205 297/385/205 293/379/205 928/1048/205
f 928/1048/196 293/379/196 289/373/196 922/1042/196
f 177/219/211 838/958/211 844/964/211 181/225/211
f 181/225/203 844/964/203 840/960/203 185/231/203
f 185/231/202 840/960/202 837/957/202 178/221/202
f 827/947/199 161/197/199 166/204/199 834/954/199
f 834/954/200 166/204/200 174/214/200 829/949/200
f 829/949/201 174/214/201 164/202/201 825/945/201
f 935/1055/220 305/395/220 310/402/220 942/1062/220
f 942/1062/219 310/402/219 318/413/219 937/1057/219
f 937/1057/206 318/413/206 308/400/206 933/1053/206
f 755/875/222 65/65/222 70/72/222 762/882/222
f 762/882/223 70/72/223 78/82/223 757/877/223
f 757/877/201 78/82/201 68/70/201 753/873/201
f 945/1065/198 322/419/198 329/429/198 948/1068/198
f 948/1068/205 329/429/205 325/423/205 952/1072/205
f 952/1072/196 325/423/196 321/417/196 946/1066/196
f 851/971/199 193/241/199 198/248/199 858/978/199
f 858/978/200 198/248/200 206/258/200 853/973/200
f 853/973/201 206/258/201 196/246/201 849/969/201
f 959/1079/220 337/439/220 342/446/220 966/1086/220
f 966/1086/219 342/446/219 350/457/219 961/1081/219
f 961/1081/206 350/457/206 340/444/206 957/1077/206
f 873/993/198 226/287/198 233/297/198 876/996/198
f 876/996/205 233/297/205 229/291/205 880/1000/205
f 880/1000/196 229/291/196 225/285/196 874/994/196
f 379/496/3 371/486/3 1/1/3 21/21/3 422/542/3
