# Blender 3.4.1
# www.blender.org
mtllib KofferShelf_main.mtl
o Cube.005
v -2.184000 1.008000 -0.352800
v -2.352000 0.168000 -0.302400
v -2.352000 0.503200 -0.302400
v -0.672000 0.168000 -0.352800
v -2.184000 0.168000 -0.352800
v -2.184000 0.503200 -0.352800
v -0.672000 0.503200 -0.352800
v -0.336000 0.168000 0.236000
v -0.672000 0.000000 -0.302400
v -2.184000 0.000000 -0.302400
v -2.352000 0.957600 -0.302400
v -2.184000 0.957600 -0.352800
v -0.336000 0.957600 -0.302400
v -0.672000 0.957600 -0.352800
v -0.672000 1.008000 -0.352800
v 0.420000 0.168000 -0.302400
v -0.336000 0.168000 -0.352800
v 0.336000 0.168000 -0.352800
v 0.336000 0.168000 0.236000
v 0.420000 0.168000 0.201600
v -2.352000 0.168000 -0.050400
v -2.352000 0.503200 -0.050400
v -0.672000 0.000000 -0.050400
v -2.184000 0.000000 -0.050400
v -0.336000 0.957600 -0.050400
v -2.352000 0.957600 -0.050400
v -0.336000 0.503200 -0.050400
v -2.184000 1.260000 -0.352800
v -0.672000 1.260000 -0.302400
v -2.184000 1.260000 -0.302400
v -0.672000 1.260000 -0.352800
v -2.184000 0.201600 0.201600
v -0.336000 0.201600 -0.050400
v -2.184000 1.016400 -0.302400
v -2.184000 1.008000 -0.294000
v -2.184000 1.013804 -0.301989
v -2.184000 1.011463 -0.300796
v -2.184000 1.009604 -0.298938
v -2.184000 1.008411 -0.296596
v -0.672000 0.999600 0.193200
v -0.663600 0.999600 0.201600
v -0.663600 1.008000 0.193200
v -0.671589 0.999600 0.195796
v -0.670396 0.999600 0.198137
v -0.671589 1.002196 0.193200
v -0.671102 1.002265 0.195880
v -0.669976 1.002178 0.198023
v -0.670396 1.004537 0.193200
v -0.669970 1.004427 0.195785
v -0.669172 1.004045 0.197645
v -0.663600 1.002196 0.201189
v -0.663600 1.004537 0.199996
v -0.666196 0.999600 0.201189
v -0.666265 1.002280 0.200702
v -0.666178 1.004423 0.199576
v -0.668536 0.999600 0.199996
v -0.668427 1.002185 0.199570
v -0.668045 1.004045 0.198772
v -0.666196 1.007589 0.193200
v -0.668536 1.006396 0.193200
v -0.663600 1.007589 0.195796
v -0.666280 1.007102 0.195865
v -0.668423 1.005976 0.195778
v -0.663600 1.006396 0.198137
v -0.666185 1.005970 0.198027
v -0.668045 1.005172 0.197645
v -0.672000 1.008000 -0.294000
v -0.672000 1.016400 -0.302400
v -0.672000 1.008411 -0.296596
v -0.672000 1.009604 -0.298937
v -0.672000 1.011463 -0.300796
v -0.672000 1.013804 -0.301989
v -0.327600 0.503200 -0.310800
v -0.336000 0.511600 -0.310800
v -0.336000 0.494800 -0.294000
v -0.327600 0.494800 -0.302400
v -0.330184 0.503648 -0.310800
v -0.332521 0.504825 -0.310800
v -0.327600 0.502752 -0.308216
v -0.330231 0.503043 -0.308045
v -0.332563 0.503948 -0.307740
v -0.327600 0.501575 -0.305879
v -0.330260 0.501916 -0.305560
v -0.332599 0.502648 -0.305009
v -0.336000 0.510704 -0.305632
v -0.336000 0.508351 -0.300957
v -0.335552 0.509016 -0.310800
v -0.335318 0.507829 -0.306482
v -0.335300 0.505930 -0.302620
v -0.334375 0.506679 -0.310800
v -0.334273 0.505529 -0.307227
v -0.334279 0.503951 -0.304041
v -0.335552 0.494800 -0.296584
v -0.334375 0.494800 -0.298921
v -0.336000 0.499968 -0.294896
v -0.335354 0.499089 -0.297856
v -0.334295 0.498373 -0.300079
v -0.336000 0.504643 -0.297249
v -0.335300 0.502964 -0.299715
v -0.334279 0.501559 -0.301649
v -0.327600 0.497384 -0.302848
v -0.327600 0.499721 -0.304025
v -0.330184 0.494800 -0.301952
v -0.330216 0.497570 -0.302487
v -0.330260 0.500048 -0.303662
v -0.332521 0.494800 -0.300775
v -0.332555 0.497860 -0.301629
v -0.332599 0.500591 -0.302952
v 0.336000 0.494800 -0.294000
v 0.344400 0.503200 -0.294000
v 0.327600 0.503200 -0.310800
v 0.327600 0.494800 -0.302400
v 0.336448 0.497384 -0.294000
v 0.337625 0.499721 -0.294000
v 0.335552 0.494800 -0.296584
v 0.335843 0.497431 -0.296755
v 0.336749 0.499763 -0.297060
v 0.334376 0.494800 -0.298921
v 0.334716 0.497460 -0.299240
v 0.335448 0.499799 -0.299791
v 0.343504 0.503200 -0.299168
v 0.341151 0.503200 -0.303843
v 0.341816 0.502752 -0.294000
v 0.340630 0.502518 -0.298318
v 0.338730 0.502500 -0.302180
v 0.339479 0.501575 -0.294000
v 0.338329 0.501473 -0.297573
v 0.336751 0.501479 -0.300759
v 0.327600 0.502752 -0.308216
v 0.327600 0.501575 -0.305879
v 0.332768 0.503200 -0.309904
v 0.331889 0.502554 -0.306945
v 0.331173 0.501495 -0.304721
v 0.337443 0.503200 -0.307551
v 0.335764 0.502500 -0.305086
v 0.334359 0.501479 -0.303151
v 0.330185 0.494800 -0.301952
v 0.332522 0.494800 -0.300775
v 0.327600 0.497384 -0.302848
v 0.330370 0.497417 -0.302313
v 0.332848 0.497460 -0.301138
v 0.327600 0.499721 -0.304025
v 0.330661 0.499755 -0.303171
v 0.333391 0.499799 -0.301848
v -2.343600 0.503200 0.201600
v -2.352000 0.503200 0.193200
v -2.346195 0.503200 0.201189
v -2.348537 0.503200 0.199996
v -2.350395 0.503200 0.198137
v -2.351589 0.503200 0.195796
v -2.352000 0.168000 0.193200
v -2.343600 0.169680 0.201600
v -2.351589 0.168082 0.195796
v -2.350395 0.168321 0.198137
v -2.348537 0.168693 0.199996
v -2.346195 0.169161 0.201189
v -2.343600 0.168000 -0.352800
v -2.352000 0.168000 -0.344400
v -2.346195 0.168000 -0.352389
v -2.348537 0.168000 -0.351196
v -2.350395 0.168000 -0.349338
v -2.351589 0.168000 -0.346996
v -2.343600 0.503200 -0.352800
v -2.352000 0.503200 -0.344400
v -2.346195 0.503200 -0.352389
v -2.348537 0.503200 -0.351196
v -2.350395 0.503200 -0.349338
v -2.351589 0.503200 -0.346996
v -0.680400 0.008400 0.201600
v -0.680400 0.000000 0.193200
v -0.663600 0.000000 0.210000
v -0.672000 0.008400 0.210000
v -0.680400 0.005816 0.201152
v -0.680400 0.003479 0.199975
v -0.677816 0.008400 0.202048
v -0.677644 0.005769 0.201757
v -0.677340 0.003436 0.200852
v -0.675479 0.008400 0.203225
v -0.675160 0.005740 0.202884
v -0.674609 0.003401 0.202152
v -0.675231 0.000000 0.194096
v -0.670557 0.000000 0.196449
v -0.680400 0.000448 0.195784
v -0.676082 0.000682 0.196970
v -0.672220 0.000700 0.198870
v -0.680400 0.001625 0.198121
v -0.676827 0.001727 0.199271
v -0.673641 0.001721 0.200849
v -0.666184 0.000448 0.210000
v -0.668521 0.001625 0.210000
v -0.664496 0.000000 0.204831
v -0.667455 0.000646 0.205711
v -0.669679 0.001705 0.206427
v -0.666849 0.000000 0.200157
v -0.669314 0.000700 0.201836
v -0.671249 0.001721 0.203241
v -0.672448 0.008400 0.207416
v -0.673625 0.008400 0.205079
v -0.671552 0.005816 0.210000
v -0.672087 0.005783 0.207230
v -0.673261 0.005740 0.204752
v -0.670375 0.003479 0.210000
v -0.671229 0.003445 0.206940
v -0.672552 0.003401 0.204209
v -2.352000 0.008400 0.193200
v -2.343600 0.000000 0.193200
v -2.343600 0.008400 0.201600
v -2.351589 0.005804 0.193200
v -2.350396 0.003463 0.193200
v -2.351589 0.008400 0.195796
v -2.351102 0.005720 0.195865
v -2.349976 0.003577 0.195778
v -2.350396 0.008400 0.198136
v -2.349970 0.005815 0.198027
v -2.349172 0.003955 0.197644
v -2.343600 0.000411 0.195796
v -2.343600 0.001604 0.198136
v -2.346196 0.000411 0.193200
v -2.346265 0.000898 0.195880
v -2.346178 0.002024 0.198023
v -2.348536 0.001604 0.193200
v -2.348427 0.002030 0.195785
v -2.348044 0.002828 0.197644
v -2.346196 0.008400 0.201189
v -2.348536 0.008400 0.199996
v -2.343600 0.005804 0.201189
v -2.346280 0.005735 0.200702
v -2.348423 0.005822 0.199576
v -2.343600 0.003463 0.199996
v -2.346185 0.003573 0.199570
v -2.348044 0.003955 0.198772
v -2.184000 0.008400 0.201600
v -2.184000 0.000000 0.193200
v -2.184000 0.005804 0.201189
v -2.184000 0.003463 0.199996
v -2.184000 0.001604 0.198137
v -2.184000 0.000411 0.195796
v -0.327600 0.008400 0.201600
v -0.327600 0.000000 0.210000
v -0.344400 0.000000 0.193200
v -0.336000 0.008400 0.193200
v -0.327600 0.005816 0.202048
v -0.327600 0.003479 0.203225
v -0.330184 0.008400 0.201152
v -0.330355 0.005769 0.201443
v -0.330660 0.003436 0.202348
v -0.332521 0.008400 0.199975
v -0.332840 0.005740 0.200316
v -0.333391 0.003401 0.201048
v -0.332768 0.000000 0.209104
v -0.337443 0.000000 0.206751
v -0.327600 0.000448 0.207416
v -0.331918 0.000682 0.206229
v -0.335780 0.000700 0.204330
v -0.327600 0.001625 0.205079
v -0.331173 0.001727 0.203929
v -0.334359 0.001721 0.202351
v -0.341816 0.000448 0.193200
v -0.339478 0.001625 0.193200
v -0.343503 0.000000 0.198368
v -0.340544 0.000646 0.197489
v -0.338321 0.001705 0.196773
v -0.341151 0.000000 0.203043
v -0.338685 0.000700 0.201364
v -0.336751 0.001721 0.199959
v -0.335552 0.008400 0.195784
v -0.334375 0.008400 0.198121
v -0.336448 0.005816 0.193200
v -0.335913 0.005783 0.195970
v -0.334738 0.005740 0.198448
v -0.337624 0.003479 0.193200
v -0.336771 0.003445 0.196260
v -0.335447 0.003401 0.198991
v -0.336000 0.008400 -0.294000
v -0.344400 0.000000 -0.294000
v -0.327600 0.000000 -0.310800
v -0.327600 0.008400 -0.302400
v -0.336448 0.005816 -0.294000
v -0.337624 0.003479 -0.294000
v -0.335552 0.008400 -0.296584
v -0.335842 0.005769 -0.296755
v -0.336748 0.003436 -0.297060
v -0.334375 0.008400 -0.298921
v -0.334716 0.005740 -0.299240
v -0.335447 0.003401 -0.299791
v -0.343503 0.000000 -0.299169
v -0.341151 0.000000 -0.303843
v -0.341816 0.000448 -0.294000
v -0.340629 0.000682 -0.298318
v -0.338730 0.000700 -0.302180
v -0.339478 0.001625 -0.294000
v -0.338329 0.001727 -0.297573
v -0.336751 0.001721 -0.300759
v -0.327600 0.000448 -0.308216
v -0.327600 0.001625 -0.305879
v -0.332768 0.000000 -0.309904
v -0.331889 0.000646 -0.306945
v -0.331173 0.001705 -0.304721
v -0.337443 0.000000 -0.307551
v -0.335764 0.000700 -0.305086
v -0.334359 0.001721 -0.303151
v -0.330184 0.008400 -0.301952
v -0.332521 0.008400 -0.300775
v -0.327600 0.005816 -0.302848
v -0.330370 0.005783 -0.302313
v -0.332848 0.005740 -0.301139
v -0.327600 0.003479 -0.304025
v -0.330660 0.003445 -0.303171
v -0.333391 0.003401 -0.301848
v -2.343600 0.000000 -0.302400
v -2.352000 0.008400 -0.302400
v -2.346195 0.000411 -0.302400
v -2.348537 0.001604 -0.302400
v -2.350395 0.003463 -0.302400
v -2.351589 0.005804 -0.302400
v -0.672000 0.008400 -0.352800
v -0.672000 0.000000 -0.344400
v -0.672000 0.005804 -0.352389
v -0.672000 0.003463 -0.351196
v -0.672000 0.001604 -0.349337
v -0.672000 0.000411 -0.346996
v -2.184000 0.000000 -0.344400
v -2.184000 0.008400 -0.352800
v -2.184000 0.000411 -0.346996
v -2.184000 0.001604 -0.349337
v -2.184000 0.003463 -0.351196
v -2.184000 0.005804 -0.352389
v -0.336000 0.008400 -0.352800
v -0.336000 0.000000 -0.344400
v -0.336000 0.005804 -0.352389
v -0.336000 0.003463 -0.351196
v -0.336000 0.001604 -0.349337
v -0.336000 0.000411 -0.346996
v -2.343600 0.008400 -0.352800
v -2.343600 0.000000 -0.344400
v -2.352000 0.008400 -0.344400
v -2.343600 0.005804 -0.352389
v -2.343600 0.003463 -0.351196
v -2.346196 0.008400 -0.352389
v -2.346265 0.005720 -0.351902
v -2.346178 0.003577 -0.350776
v -2.348536 0.008400 -0.351196
v -2.348427 0.005815 -0.350770
v -2.348044 0.003955 -0.349972
v -2.346196 0.000411 -0.344400
v -2.348536 0.001604 -0.344400
v -2.343600 0.000411 -0.346996
v -2.346280 0.000898 -0.347065
v -2.348423 0.002024 -0.346978
v -2.343600 0.001604 -0.349337
v -2.346185 0.002030 -0.349227
v -2.348044 0.002828 -0.348845
v -2.351589 0.008400 -0.346996
v -2.350396 0.008400 -0.349337
v -2.351589 0.005804 -0.344400
v -2.351102 0.005735 -0.347080
v -2.349976 0.005822 -0.349223
v -2.350396 0.003463 -0.344400
v -2.349970 0.003573 -0.346985
v -2.349172 0.003955 -0.348845
v -0.336000 0.008400 0.236000
v -0.336000 0.000000 0.227600
v -0.336000 0.005804 0.235589
v -0.336000 0.003463 0.234396
v -0.336000 0.001604 0.232537
v -0.336000 0.000411 0.230196
v -2.352000 0.957600 -0.344400
v -2.343600 0.957600 -0.352800
v -2.351589 0.957600 -0.346996
v -2.350395 0.957600 -0.349338
v -2.348537 0.957600 -0.351196
v -2.346195 0.957600 -0.352389
v -0.714000 0.840000 -0.210000
v -0.714000 0.831600 -0.218400
v -0.705600 0.840000 -0.218400
v -0.714000 0.837404 -0.210411
v -0.714000 0.835063 -0.211604
v -0.711404 0.840000 -0.210411
v -0.711335 0.837320 -0.210898
v -0.711422 0.835177 -0.212024
v -0.709063 0.840000 -0.211604
v -0.709173 0.837415 -0.212030
v -0.709555 0.835555 -0.212828
v -0.711404 0.832011 -0.218400
v -0.709063 0.833204 -0.218400
v -0.714000 0.832011 -0.215804
v -0.711320 0.832498 -0.215735
v -0.709177 0.833624 -0.215822
v -0.714000 0.833204 -0.213464
v -0.711415 0.833630 -0.213573
v -0.709555 0.834428 -0.213955
v -0.706011 0.840000 -0.215804
v -0.707204 0.840000 -0.213464
v -0.706011 0.837404 -0.218400
v -0.706498 0.837335 -0.215720
v -0.707624 0.837422 -0.213577
v -0.707204 0.835063 -0.218400
v -0.707630 0.835173 -0.215815
v -0.708428 0.835555 -0.213955
v -2.142000 0.840000 -0.210000
v -2.150400 0.840000 -0.218400
v -2.142000 0.831600 -0.218400
v -2.144596 0.840000 -0.210411
v -2.146937 0.840000 -0.211604
v -2.142000 0.837404 -0.210411
v -2.144680 0.837335 -0.210898
v -2.146823 0.837422 -0.212024
v -2.142000 0.835063 -0.211604
v -2.144585 0.835173 -0.212030
v -2.146445 0.835555 -0.212828
v -2.149989 0.837404 -0.218400
v -2.148796 0.835063 -0.218400
v -2.149989 0.840000 -0.215804
v -2.149502 0.837320 -0.215735
v -2.148376 0.835177 -0.215822
v -2.148796 0.840000 -0.213464
v -2.148370 0.837415 -0.213573
v -2.147573 0.835555 -0.213956
v -2.142000 0.832011 -0.215804
v -2.142000 0.833204 -0.213464
v -2.144596 0.832011 -0.218400
v -2.144665 0.832498 -0.215720
v -2.144578 0.833624 -0.213577
v -2.146937 0.833204 -0.218400
v -2.146827 0.833630 -0.215815
v -2.146445 0.834428 -0.213956
v -0.672000 0.957600 0.193200
v -0.663600 0.957600 0.201600
v -0.671589 0.957600 0.195796
v -0.670396 0.957600 0.198137
v -0.668537 0.957600 0.199996
v -0.666196 0.957600 0.201189
v -2.192400 0.957600 0.201600
v -2.184000 0.957600 0.193200
v -2.189804 0.957600 0.201189
v -2.187463 0.957600 0.199996
v -2.185604 0.957600 0.198137
v -2.184411 0.957600 0.195796
v -0.344400 0.957600 0.201600
v -0.336000 0.957600 0.193200
v -0.341804 0.957600 0.201189
v -0.339462 0.957600 0.199996
v -0.337604 0.957600 0.198137
v -0.336411 0.957600 0.195796
v -2.343600 0.957600 0.201600
v -2.352000 0.957600 0.193200
v -2.346195 0.957600 0.201189
v -2.348537 0.957600 0.199996
v -2.350395 0.957600 0.198137
v -2.351589 0.957600 0.195796
v -0.336000 0.957600 -0.344400
v -0.344400 0.957600 -0.352800
v -0.336411 0.957600 -0.346996
v -0.337604 0.957600 -0.349337
v -0.339462 0.957600 -0.351196
v -0.341804 0.957600 -0.352389
v -2.352000 1.008000 -0.344400
v -2.343600 1.008000 -0.352800
v -2.351589 1.008000 -0.346996
v -2.350395 1.008000 -0.349338
v -2.348537 1.008000 -0.351196
v -2.346195 1.008000 -0.352389
v -2.343600 1.008000 -0.294000
v -2.343600 1.016400 -0.302400
v -2.352000 1.016400 -0.310800
v -2.352000 0.999600 -0.294000
v -2.343600 1.008448 -0.296584
v -2.343600 1.009625 -0.298922
v -2.346184 1.007552 -0.294000
v -2.346216 1.008087 -0.296770
v -2.346260 1.009261 -0.299248
v -2.348521 1.006375 -0.294000
v -2.348555 1.007229 -0.297060
v -2.348598 1.008552 -0.299792
v -2.346184 1.016400 -0.302848
v -2.348521 1.016400 -0.304025
v -2.343600 1.013816 -0.301952
v -2.346231 1.013645 -0.302243
v -2.348563 1.013340 -0.303149
v -2.343600 1.011479 -0.300776
v -2.346260 1.011160 -0.301116
v -2.348599 1.010609 -0.301848
v -2.352000 1.011232 -0.309904
v -2.352000 1.006557 -0.307551
v -2.351552 1.016400 -0.308216
v -2.351318 1.012082 -0.307030
v -2.351300 1.008220 -0.305131
v -2.350375 1.016400 -0.305879
v -2.350272 1.012827 -0.304729
v -2.350279 1.009641 -0.303151
v -2.351552 1.002184 -0.294000
v -2.350375 1.004521 -0.294000
v -2.352000 1.000497 -0.299169
v -2.351353 1.003456 -0.298289
v -2.350295 1.005679 -0.297573
v -2.352000 1.002849 -0.303843
v -2.351300 1.005314 -0.302164
v -2.350279 1.007249 -0.300759
v -2.192400 1.008000 0.193200
v -2.192400 0.999600 0.201600
v -2.184000 0.999600 0.193200
v -2.192400 1.007589 0.195796
v -2.192400 1.006396 0.198136
v -2.189804 1.007589 0.193200
v -2.189735 1.007102 0.195880
v -2.189822 1.005976 0.198023
v -2.187463 1.006396 0.193200
v -2.187573 1.005970 0.195785
v -2.187955 1.005172 0.197644
v -2.189804 0.999600 0.201189
v -2.187463 0.999600 0.199996
v -2.192400 1.002196 0.201189
v -2.189720 1.002265 0.200702
v -2.187577 1.002178 0.199576
v -2.192400 1.004537 0.199996
v -2.189815 1.004427 0.199570
v -2.187955 1.004045 0.198772
v -2.184411 1.002196 0.193200
v -2.185604 1.004537 0.193200
v -2.184411 0.999600 0.195796
v -2.184898 1.002280 0.195865
v -2.186024 1.004423 0.195778
v -2.185604 0.999600 0.198136
v -2.186030 1.002185 0.198027
v -2.186828 1.004045 0.197644
v -0.344400 1.016400 -0.302400
v -0.344400 1.008000 -0.294000
v -0.336000 0.999600 -0.294000
v -0.336000 1.016400 -0.310800
v -0.344400 1.013816 -0.301952
v -0.344400 1.011479 -0.300775
v -0.341816 1.016400 -0.302848
v -0.341783 1.013630 -0.302313
v -0.341740 1.011152 -0.301139
v -0.339478 1.016400 -0.304025
v -0.339445 1.013340 -0.303171
v -0.339401 1.010609 -0.301848
v -0.341816 1.007552 -0.294000
v -0.339478 1.006375 -0.294000
v -0.344400 1.008448 -0.296584
v -0.341769 1.008157 -0.296755
v -0.339436 1.007252 -0.297060
v -0.344400 1.009625 -0.298921
v -0.341740 1.009284 -0.299240
v -0.339401 1.008552 -0.299791
v -0.336000 1.000497 -0.299168
v -0.336000 1.002849 -0.303843
v -0.336448 1.002184 -0.294000
v -0.336681 1.003371 -0.298318
v -0.336700 1.005270 -0.302180
v -0.337624 1.004521 -0.294000
v -0.337727 1.005671 -0.297573
v -0.337721 1.007249 -0.300759
v -0.336448 1.016400 -0.308216
v -0.337624 1.016400 -0.305879
v -0.336000 1.011232 -0.309904
v -0.336646 1.012111 -0.306945
v -0.337705 1.012827 -0.304721
v -0.336000 1.006557 -0.307551
v -0.336700 1.008236 -0.305086
v -0.337721 1.009641 -0.303151
v -0.336000 0.999600 0.193200
v -0.344400 1.008000 0.193200
v -0.344400 0.999600 0.201600
v -0.336411 1.002196 0.193200
v -0.337603 1.004537 0.193200
v -0.336411 0.999600 0.195796
v -0.336898 1.002280 0.195865
v -0.338024 1.004423 0.195778
v -0.337603 0.999600 0.198137
v -0.338030 1.002185 0.198027
v -0.338827 1.004045 0.197645
v -0.344400 1.007589 0.195796
v -0.344400 1.006396 0.198137
v -0.341804 1.007589 0.193200
v -0.341735 1.007102 0.195880
v -0.341822 1.005976 0.198023
v -0.339463 1.006396 0.193200
v -0.339573 1.005970 0.195785
v -0.339955 1.005172 0.197645
v -0.341804 0.999600 0.201189
v -0.339463 0.999600 0.199996
v -0.344400 1.002196 0.201189
v -0.341720 1.002265 0.200702
v -0.339577 1.002178 0.199576
v -0.344400 1.004537 0.199996
v -0.341815 1.004427 0.199570
v -0.339955 1.004045 0.198772
v -2.352000 0.999600 0.193200
v -2.343600 0.999600 0.201600
v -2.343600 1.008000 0.193200
v -2.351589 0.999600 0.195796
v -2.350396 0.999600 0.198136
v -2.351589 1.002196 0.193200
v -2.351102 1.002265 0.195880
v -2.349976 1.002178 0.198023
v -2.350396 1.004537 0.193200
v -2.349970 1.004427 0.195785
v -2.349172 1.004045 0.197644
v -2.343600 1.002196 0.201189
v -2.343600 1.004537 0.199996
v -2.346196 0.999600 0.201189
v -2.346265 1.002280 0.200702
v -2.346178 1.004423 0.199576
v -2.348536 0.999600 0.199996
v -2.348427 1.002185 0.199570
v -2.348044 1.004045 0.198772
v -2.346196 1.007589 0.193200
v -2.348536 1.006396 0.193200
v -2.343600 1.007589 0.195796
v -2.346280 1.007102 0.195865
v -2.348423 1.005976 0.195778
v -2.343600 1.006396 0.198136
v -2.346185 1.005970 0.198027
v -2.348044 1.005172 0.197644
v -0.344400 1.008000 -0.352800
v -0.336000 1.008000 -0.344400
v -0.341804 1.008000 -0.352389
v -0.339462 1.008000 -0.351196
v -0.337604 1.008000 -0.349337
v -0.336411 1.008000 -0.346996
v 0.420000 0.494800 -0.302400
v 0.411600 0.503200 -0.302400
v 0.419589 0.497396 -0.302400
v 0.418396 0.499737 -0.302400
v 0.416538 0.501596 -0.302400
v 0.414196 0.502789 -0.302400
v -0.327600 0.494800 0.201600
v -0.336000 0.503200 0.193200
v -0.344400 0.511600 0.201600
v -0.336000 0.503200 0.210000
v -0.330178 0.496312 0.201154
v -0.332520 0.498072 0.199976
v -0.329112 0.497378 0.202046
v -0.331461 0.498636 0.201635
v -0.333495 0.500044 0.200710
v -0.330872 0.499720 0.203224
v -0.332851 0.500687 0.202513
v -0.334614 0.501814 0.201600
v -0.336446 0.504712 0.195778
v -0.337624 0.506472 0.198120
v -0.335554 0.501688 0.195778
v -0.335965 0.503190 0.197617
v -0.336948 0.504799 0.199330
v -0.334376 0.499928 0.198120
v -0.335029 0.501593 0.199321
v -0.336000 0.503200 0.200510
v -0.342888 0.509022 0.202046
v -0.341128 0.506680 0.203224
v -0.341822 0.510088 0.201154
v -0.340564 0.507739 0.201565
v -0.339156 0.505705 0.202490
v -0.339480 0.508328 0.199976
v -0.338513 0.506349 0.200687
v -0.337386 0.504586 0.201600
v -0.334488 0.502754 0.207422
v -0.332728 0.501576 0.205080
v -0.337512 0.503646 0.207422
v -0.336010 0.503235 0.205583
v -0.334400 0.502252 0.203870
v -0.339272 0.504824 0.205080
v -0.337606 0.504171 0.203879
v -0.336000 0.503200 0.202690
v -0.327600 0.503200 -0.344400
v -0.327600 0.494800 -0.352800
v -0.344400 0.511600 -0.352800
v -0.336000 0.511600 -0.344400
v -0.327600 0.502752 -0.346984
v -0.327600 0.501575 -0.349321
v -0.330184 0.503648 -0.344400
v -0.330355 0.503357 -0.347031
v -0.330660 0.502452 -0.349363
v -0.332521 0.504825 -0.344400
v -0.332840 0.504484 -0.347060
v -0.333391 0.503752 -0.349399
v -0.332768 0.495696 -0.352800
v -0.337443 0.498049 -0.352800
v -0.327600 0.497384 -0.352352
v -0.331918 0.498570 -0.352118
v -0.335780 0.500470 -0.352100
v -0.327600 0.499721 -0.351175
v -0.331173 0.500871 -0.351073
v -0.334359 0.502449 -0.351079
v -0.341816 0.511600 -0.352352
v -0.339478 0.511600 -0.351175
v -0.343503 0.506432 -0.352800
v -0.340544 0.507311 -0.352154
v -0.338321 0.508027 -0.351095
v -0.341151 0.501757 -0.352800
v -0.338685 0.503436 -0.352100
v -0.336751 0.504841 -0.351079
v -0.335552 0.509016 -0.344400
v -0.334375 0.506679 -0.344400
v -0.336448 0.511600 -0.346984
v -0.335913 0.508830 -0.347017
v -0.334738 0.506352 -0.347060
v -0.337624 0.511600 -0.349321
v -0.336771 0.508540 -0.349355
v -0.335447 0.505809 -0.349399
v -0.336000 0.503200 0.227600
v -0.336000 0.494800 0.236000
v -0.336000 0.502789 0.230196
v -0.336000 0.501596 0.232537
v -0.336000 0.499737 0.234396
v -0.336000 0.497396 0.235589
v 0.327600 0.494800 0.201600
v 0.327600 0.503200 0.210000
v 0.344400 0.503200 0.193200
v 0.336000 0.494800 0.193200
v 0.327600 0.497384 0.202048
v 0.327600 0.499721 0.203225
v 0.330185 0.494800 0.201152
v 0.330356 0.497431 0.201443
v 0.330661 0.499763 0.202348
v 0.332521 0.494800 0.199975
v 0.332840 0.497460 0.200316
v 0.333391 0.499799 0.201048
v 0.332768 0.503200 0.209104
v 0.337443 0.503200 0.206751
v 0.327600 0.502752 0.207416
v 0.331918 0.502518 0.206230
v 0.335780 0.502500 0.204330
v 0.327600 0.501575 0.205079
v 0.331173 0.501473 0.203929
v 0.334359 0.501479 0.202351
v 0.341816 0.502752 0.193200
v 0.339479 0.501575 0.193200
v 0.343504 0.503200 0.198368
v 0.340545 0.502554 0.197489
v 0.338321 0.501495 0.196773
v 0.341151 0.503200 0.203043
v 0.338686 0.502500 0.201364
v 0.336752 0.501479 0.199959
v 0.335552 0.494800 0.195784
v 0.334376 0.494800 0.198121
v 0.336448 0.497384 0.193200
v 0.335913 0.497417 0.195970
v 0.334739 0.497460 0.198448
v 0.337625 0.499721 0.193200
v 0.336771 0.499755 0.196260
v 0.335448 0.499799 0.198991
v 0.336000 0.494800 -0.352800
v 0.336000 0.503200 -0.344400
v 0.336000 0.497396 -0.352389
v 0.336000 0.499737 -0.351196
v 0.336000 0.501596 -0.349337
v 0.336000 0.502789 -0.346996
v 0.336000 0.494800 0.236000
v 0.336000 0.503200 0.227600
v 0.336000 0.497396 0.235589
v 0.336000 0.499737 0.234396
v 0.336000 0.501596 0.232537
v 0.336000 0.502789 0.230196
v 0.336000 0.008400 0.193200
v 0.344400 0.000000 0.193200
v 0.327600 0.000000 0.210000
v 0.327600 0.008400 0.201600
v 0.336448 0.005816 0.193200
v 0.337625 0.003479 0.193200
v 0.335552 0.008400 0.195784
v 0.335843 0.005769 0.195955
v 0.336749 0.003436 0.196260
v 0.334376 0.008400 0.198121
v 0.334716 0.005740 0.198440
v 0.335448 0.003401 0.198991
v 0.343504 0.000000 0.198368
v 0.341151 0.000000 0.203043
v 0.341816 0.000448 0.193200
v 0.340630 0.000682 0.197518
v 0.338730 0.000700 0.201380
v 0.339479 0.001625 0.193200
v 0.338329 0.001727 0.196773
v 0.336751 0.001721 0.199959
v 0.327600 0.000448 0.207416
v 0.327600 0.001625 0.205079
v 0.332768 0.000000 0.209104
v 0.331889 0.000646 0.206145
v 0.331173 0.001705 0.203921
v 0.337443 0.000000 0.206751
v 0.335764 0.000700 0.204285
v 0.334359 0.001721 0.202351
v 0.330185 0.008400 0.201152
v 0.332522 0.008400 0.199975
v 0.327600 0.005816 0.202048
v 0.330370 0.005783 0.201513
v 0.332848 0.005740 0.200338
v 0.327600 0.003479 0.203225
v 0.330661 0.003445 0.202371
v 0.333391 0.003401 0.201048
v 0.336000 0.008400 -0.294000
v 0.327600 0.008400 -0.302400
v 0.327600 0.000000 -0.310800
v 0.344400 0.000000 -0.294000
v 0.335552 0.008400 -0.296584
v 0.334376 0.008400 -0.298921
v 0.336448 0.005816 -0.294000
v 0.335913 0.005783 -0.296770
v 0.334739 0.005740 -0.299248
v 0.337625 0.003479 -0.294000
v 0.336771 0.003445 -0.297060
v 0.335448 0.003401 -0.299791
v 0.327600 0.005816 -0.302848
v 0.327600 0.003479 -0.304025
v 0.330185 0.008400 -0.301952
v 0.330356 0.005769 -0.302243
v 0.330661 0.003436 -0.303148
v 0.332521 0.008400 -0.300775
v 0.332840 0.005740 -0.301116
v 0.333392 0.003401 -0.301848
v 0.332768 0.000000 -0.309904
v 0.337443 0.000000 -0.307551
v 0.327600 0.000448 -0.308216
v 0.331918 0.000682 -0.307030
v 0.335780 0.000700 -0.305130
v 0.327600 0.001625 -0.305879
v 0.331173 0.001727 -0.304729
v 0.334359 0.001721 -0.303151
v 0.341816 0.000448 -0.294000
v 0.339479 0.001625 -0.294000
v 0.343504 0.000000 -0.299168
v 0.340545 0.000646 -0.298289
v 0.338321 0.001705 -0.297573
v 0.341151 0.000000 -0.303843
v 0.338686 0.000700 -0.302164
v 0.336752 0.001721 -0.300759
v 0.336000 0.000000 -0.344400
v 0.336000 0.008400 -0.352800
v 0.336000 0.000411 -0.346996
v 0.336000 0.001604 -0.349337
v 0.336000 0.003463 -0.351196
v 0.336000 0.005804 -0.352389
v 0.336000 0.008400 0.236000
v 0.336000 0.000000 0.227600
v 0.336000 0.005804 0.235589
v 0.336000 0.003463 0.234396
v 0.336000 0.001604 0.232537
v 0.336000 0.000411 0.230196
v 0.411600 0.503200 0.201600
v 0.420000 0.494800 0.201600
v 0.414196 0.502789 0.201600
v 0.416538 0.501596 0.201600
v 0.418396 0.499737 0.201600
v 0.419589 0.497396 0.201600
v 0.411600 0.503200 -0.344400
v 0.420000 0.494800 -0.344400
v 0.411600 0.494800 -0.352800
v 0.414196 0.502789 -0.344400
v 0.416537 0.501596 -0.344400
v 0.411600 0.502789 -0.346996
v 0.414280 0.502302 -0.347065
v 0.416423 0.501176 -0.346978
v 0.411600 0.501596 -0.349337
v 0.414185 0.501170 -0.349227
v 0.416045 0.500372 -0.348845
v 0.419589 0.494800 -0.346996
v 0.418397 0.494800 -0.349337
v 0.419589 0.497396 -0.344400
v 0.419102 0.497465 -0.347080
v 0.417976 0.497378 -0.349223
v 0.418397 0.499737 -0.344400
v 0.417970 0.499627 -0.346985
v 0.417173 0.499245 -0.348845
v 0.411600 0.497396 -0.352389
v 0.411600 0.499737 -0.351196
v 0.414196 0.494800 -0.352389
v 0.414265 0.497480 -0.351902
v 0.414178 0.499623 -0.350776
v 0.416537 0.494800 -0.351196
v 0.416427 0.497385 -0.350770
v 0.416045 0.499245 -0.349972
v 0.411600 0.168000 -0.352800
v 0.420000 0.168000 -0.344400
v 0.414196 0.168000 -0.352389
v 0.416538 0.168000 -0.351196
v 0.418396 0.168000 -0.349337
v 0.419589 0.168000 -0.346996
v 0.411600 0.503200 0.227600
v 0.411600 0.494800 0.236000
v 0.420000 0.494800 0.227600
v 0.411600 0.502789 0.230196
v 0.411600 0.501596 0.232537
v 0.414196 0.502789 0.227600
v 0.414265 0.502302 0.230280
v 0.414178 0.501176 0.232423
v 0.416537 0.501596 0.227600
v 0.416427 0.501170 0.230185
v 0.416045 0.500372 0.232045
v 0.414196 0.494800 0.235589
v 0.416537 0.494800 0.234396
v 0.411600 0.497396 0.235589
v 0.414280 0.497465 0.235102
v 0.416423 0.497378 0.233976
v 0.411600 0.499737 0.234396
v 0.414185 0.499627 0.233970
v 0.416045 0.499245 0.233172
v 0.419589 0.497396 0.227600
v 0.418397 0.499737 0.227600
v 0.419589 0.494800 0.230196
v 0.419102 0.497480 0.230265
v 0.417976 0.499623 0.230178
v 0.418397 0.494800 0.232537
v 0.417970 0.497385 0.232427
v 0.417173 0.499245 0.232045
v 0.420000 0.168000 0.227600
v 0.411600 0.168000 0.236000
v 0.419589 0.168000 0.230196
v 0.418396 0.168000 0.232537
v 0.416538 0.168000 0.234396
v 0.414196 0.168000 0.235589
v 0.420000 0.008400 0.201600
v 0.411600 0.000000 0.201600
v 0.419589 0.005804 0.201600
v 0.418396 0.003463 0.201600
v 0.416538 0.001604 0.201600
v 0.414196 0.000411 0.201600
v 0.411600 0.000000 -0.302400
v 0.420000 0.008400 -0.302400
v 0.414196 0.000411 -0.302400
v 0.416538 0.001604 -0.302400
v 0.418396 0.003463 -0.302400
v 0.419589 0.005804 -0.302400
v 0.411600 0.000000 -0.344400
v 0.411600 0.008400 -0.352800
v 0.420000 0.008400 -0.344400
v 0.411600 0.000411 -0.346996
v 0.411600 0.001604 -0.349337
v 0.414196 0.000411 -0.344400
v 0.414265 0.000898 -0.347080
v 0.414178 0.002024 -0.349223
v 0.416537 0.001604 -0.344400
v 0.416427 0.002030 -0.346985
v 0.416045 0.002828 -0.348845
v 0.414196 0.008400 -0.352389
v 0.416537 0.008400 -0.351196
v 0.411600 0.005804 -0.352389
v 0.414280 0.005735 -0.351902
v 0.416423 0.005822 -0.350776
v 0.411600 0.003463 -0.351196
v 0.414185 0.003573 -0.350770
v 0.416045 0.003955 -0.349972
v 0.419589 0.005804 -0.344400
v 0.418397 0.003463 -0.344400
v 0.419589 0.008400 -0.346996
v 0.419102 0.005720 -0.347065
v 0.417976 0.003577 -0.346978
v 0.418397 0.008400 -0.349337
v 0.417970 0.005815 -0.349227
v 0.417173 0.003955 -0.348845
v 0.411600 0.008400 0.236000
v 0.411600 0.000000 0.227600
v 0.420000 0.008400 0.227600
v 0.411600 0.005804 0.235589
v 0.411600 0.003463 0.234396
v 0.414196 0.008400 0.235589
v 0.414265 0.005720 0.235102
v 0.414178 0.003577 0.233976
v 0.416537 0.008400 0.234396
v 0.416427 0.005815 0.233970
v 0.416045 0.003955 0.233172
v 0.414196 0.000411 0.227600
v 0.416537 0.001604 0.227600
v 0.411600 0.000411 0.230196
v 0.414280 0.000898 0.230265
v 0.416423 0.002024 0.230178
v 0.411600 0.001604 0.232537
v 0.414185 0.002030 0.232427
v 0.416045 0.002828 0.232045
v 0.419589 0.008400 0.230196
v 0.418397 0.008400 0.232537
v 0.419589 0.005804 0.227600
v 0.419102 0.005735 0.230280
v 0.417976 0.005822 0.232423
v 0.418397 0.003463 0.227600
v 0.417970 0.003573 0.230185
v 0.417173 0.003955 0.232045
v -0.672000 0.511600 -0.294000
v -0.680400 0.511600 -0.302400
v -0.680400 0.503200 -0.294000
v -0.672411 0.511600 -0.296596
v -0.673604 0.511600 -0.298937
v -0.672411 0.509004 -0.294000
v -0.672898 0.508935 -0.296680
v -0.674024 0.509022 -0.298823
v -0.673604 0.506663 -0.294000
v -0.674030 0.506773 -0.296585
v -0.674828 0.507155 -0.298445
v -0.680400 0.509004 -0.301989
v -0.680400 0.506663 -0.300796
v -0.677804 0.511600 -0.301989
v -0.677735 0.508920 -0.301502
v -0.677822 0.506777 -0.300376
v -0.675463 0.511600 -0.300796
v -0.675573 0.509015 -0.300370
v -0.675955 0.507155 -0.299572
v -0.677804 0.503611 -0.294000
v -0.675463 0.504804 -0.294000
v -0.680400 0.503611 -0.296596
v -0.677720 0.504098 -0.296665
v -0.675577 0.505224 -0.296578
v -0.680400 0.504804 -0.298937
v -0.677815 0.505230 -0.298827
v -0.675955 0.506028 -0.298445
v -0.663600 0.503200 0.210000
v -0.663600 0.511600 0.201600
v -0.672000 0.511600 0.193200
v -0.680400 0.503200 0.193200
v -0.680400 0.494800 0.201600
v -0.672000 0.494800 0.210000
v -0.663600 0.503648 0.207416
v -0.663600 0.504825 0.205079
v -0.666184 0.502752 0.210000
v -0.666446 0.503165 0.207139
v -0.666683 0.504254 0.204564
v -0.668521 0.501575 0.210000
v -0.669028 0.502123 0.206917
v -0.669716 0.503200 0.203884
v -0.666184 0.511600 0.201152
v -0.668521 0.511600 0.199975
v -0.663600 0.509016 0.202048
v -0.666461 0.508754 0.201635
v -0.669036 0.508517 0.200546
v -0.663600 0.506679 0.203225
v -0.666683 0.506172 0.202677
v -0.669716 0.505484 0.201600
v -0.672448 0.509016 0.193200
v -0.673624 0.506679 0.193200
v -0.671552 0.511600 0.195784
v -0.671965 0.508739 0.196046
v -0.673054 0.506164 0.196283
v -0.670375 0.511600 0.198121
v -0.670923 0.508517 0.198628
v -0.672000 0.505484 0.199316
v -0.680400 0.502752 0.195784
v -0.680400 0.501575 0.198121
v -0.677816 0.503648 0.193200
v -0.677554 0.503235 0.196061
v -0.677317 0.502146 0.198636
v -0.675479 0.504825 0.193200
v -0.674972 0.504277 0.196283
v -0.674284 0.503200 0.199316
v -0.677816 0.494800 0.202048
v -0.675479 0.494800 0.203225
v -0.680400 0.497384 0.201152
v -0.677539 0.497646 0.201565
v -0.674964 0.497883 0.202654
v -0.680400 0.499721 0.199975
v -0.677317 0.500228 0.200523
v -0.674284 0.500916 0.201600
v -0.671552 0.497384 0.210000
v -0.670375 0.499721 0.210000
v -0.672448 0.494800 0.207416
v -0.672035 0.497661 0.207154
v -0.670946 0.500236 0.206917
v -0.673625 0.494800 0.205079
v -0.673077 0.497883 0.204572
v -0.672000 0.500916 0.203884
v -2.175600 0.511600 -0.302400
v -2.184000 0.511600 -0.294000
v -2.175600 0.503200 -0.294000
v -2.178196 0.511600 -0.301989
v -2.180537 0.511600 -0.300797
v -2.175600 0.509004 -0.301989
v -2.178280 0.508935 -0.301502
v -2.180423 0.509022 -0.300376
v -2.175600 0.506663 -0.300797
v -2.178185 0.506773 -0.300370
v -2.180045 0.507155 -0.299573
v -2.183589 0.509004 -0.294000
v -2.182396 0.506663 -0.294000
v -2.183589 0.511600 -0.296596
v -2.183102 0.508920 -0.296665
v -2.181976 0.506777 -0.296578
v -2.182396 0.511600 -0.298937
v -2.181970 0.509015 -0.298827
v -2.181172 0.507155 -0.298445
v -2.175600 0.503611 -0.296596
v -2.175600 0.504804 -0.298937
v -2.178196 0.503611 -0.294000
v -2.178265 0.504098 -0.296680
v -2.178178 0.505224 -0.298823
v -2.180537 0.504804 -0.294000
v -2.180427 0.505230 -0.296585
v -2.180045 0.506028 -0.298445
v -2.175600 0.503200 0.193200
v -2.184000 0.511600 0.193200
v -2.192400 0.511600 0.201600
v -2.175600 0.494800 0.201600
v -2.178184 0.503648 0.193200
v -2.180521 0.504825 0.193200
v -2.175600 0.502752 0.195784
v -2.178370 0.503287 0.195816
v -2.180848 0.504462 0.195860
v -2.175600 0.501575 0.198121
v -2.178660 0.502429 0.198155
v -2.181391 0.503752 0.198199
v -2.184448 0.511600 0.195784
v -2.185625 0.511600 0.198121
v -2.183552 0.509016 0.193200
v -2.183843 0.508845 0.195831
v -2.184748 0.508540 0.198163
v -2.182375 0.506679 0.193200
v -2.182716 0.506360 0.195860
v -2.183448 0.505809 0.198199
v -2.191504 0.506432 0.201600
v -2.189151 0.501757 0.201600
v -2.189816 0.511600 0.201152
v -2.188630 0.507282 0.200918
v -2.186730 0.503420 0.200900
v -2.187479 0.511600 0.199975
v -2.186329 0.508027 0.199872
v -2.184752 0.504841 0.199879
v -2.175600 0.497384 0.201152
v -2.175600 0.499721 0.199975
v -2.180768 0.495696 0.201600
v -2.179889 0.498655 0.200954
v -2.179173 0.500879 0.199895
v -2.185443 0.498049 0.201600
v -2.183764 0.500515 0.200900
v -2.182359 0.502449 0.199879
v -0.680400 0.966000 -0.050400
v -0.680400 0.951660 -0.056340
v -0.672000 0.945721 -0.050400
v -0.672000 0.966000 -0.042000
v -0.680400 0.963118 -0.050714
v -0.680400 0.959933 -0.051548
v -0.677816 0.966000 -0.049952
v -0.677784 0.962839 -0.050208
v -0.677740 0.959641 -0.050980
v -0.675479 0.966000 -0.048775
v -0.675445 0.962625 -0.049239
v -0.675401 0.959297 -0.050057
v -0.677816 0.951343 -0.056023
v -0.675479 0.950512 -0.055191
v -0.680400 0.953920 -0.054524
v -0.677769 0.953810 -0.054004
v -0.675436 0.953241 -0.053149
v -0.680400 0.956761 -0.052861
v -0.677740 0.956583 -0.052259
v -0.675401 0.956157 -0.051357
v -0.672000 0.948916 -0.047832
v -0.672000 0.952935 -0.045481
v -0.672448 0.947548 -0.052227
v -0.672681 0.950761 -0.049910
v -0.672700 0.954295 -0.047831
v -0.673625 0.949201 -0.053880
v -0.673727 0.952226 -0.051769
v -0.673721 0.955408 -0.049886
v -0.672448 0.966000 -0.044584
v -0.673624 0.966000 -0.046921
v -0.672000 0.961925 -0.042443
v -0.672645 0.962075 -0.045267
v -0.673704 0.962368 -0.047576
v -0.672000 0.957420 -0.043623
v -0.672700 0.958109 -0.046269
v -0.673721 0.958786 -0.048487
v -0.336000 0.008400 -0.050400
v -0.344400 0.000000 -0.050400
v -0.336411 0.005804 -0.050400
v -0.337604 0.003463 -0.050400
v -0.339462 0.001604 -0.050400
v -0.341804 0.000411 -0.050400
v -2.352000 0.008400 -0.050400
v -2.343600 0.000000 -0.050400
v -2.351589 0.005804 -0.050400
v -2.350395 0.003463 -0.050400
v -2.348537 0.001604 -0.050400
v -2.346195 0.000411 -0.050400
v -2.175600 0.951660 -0.056340
v -2.175600 0.966000 -0.050400
v -2.184000 0.966000 -0.042000
v -2.184000 0.945721 -0.050400
v -2.175600 0.953920 -0.054524
v -2.175600 0.956761 -0.052861
v -2.178184 0.951343 -0.056023
v -2.178216 0.953760 -0.053969
v -2.178260 0.956566 -0.052253
v -2.180521 0.950512 -0.055191
v -2.180555 0.953225 -0.053133
v -2.180599 0.956157 -0.051357
v -2.178184 0.966000 -0.049952
v -2.180521 0.966000 -0.048776
v -2.175600 0.963118 -0.050714
v -2.178231 0.962828 -0.050269
v -2.180563 0.962625 -0.049262
v -2.175600 0.959933 -0.051548
v -2.178260 0.959634 -0.050996
v -2.180599 0.959297 -0.050057
v -2.184000 0.961925 -0.042443
v -2.184000 0.957420 -0.043623
v -2.183552 0.966000 -0.044584
v -2.183319 0.962089 -0.045218
v -2.183300 0.958120 -0.046246
v -2.182375 0.966000 -0.046921
v -2.182273 0.962368 -0.047568
v -2.182279 0.958786 -0.048487
v -2.183552 0.947548 -0.052227
v -2.182375 0.949201 -0.053880
v -2.184000 0.948916 -0.047832
v -2.183354 0.950806 -0.049935
v -2.182296 0.952231 -0.051775
v -2.184000 0.952935 -0.045481
v -2.183300 0.954318 -0.047839
v -2.182279 0.955408 -0.049886
v -0.672000 0.999600 -0.042000
v -0.663600 1.008000 -0.042000
v -0.680400 1.008000 -0.058800
v -0.680400 0.999600 -0.050400
v -0.671552 1.002184 -0.042000
v -0.670375 1.004521 -0.042000
v -0.672448 0.999600 -0.044584
v -0.672157 1.002231 -0.044755
v -0.671252 1.004564 -0.045060
v -0.673625 0.999600 -0.046921
v -0.673284 1.002260 -0.047240
v -0.672552 1.004599 -0.047791
v -0.664496 1.008000 -0.047169
v -0.666849 1.008000 -0.051843
v -0.666184 1.007552 -0.042000
v -0.667370 1.007318 -0.046318
v -0.669270 1.007300 -0.050180
v -0.668521 1.006375 -0.042000
v -0.669671 1.006273 -0.045573
v -0.671249 1.006279 -0.048759
v -0.680400 1.007552 -0.056216
v -0.680400 1.006375 -0.053879
v -0.675231 1.008000 -0.057904
v -0.676111 1.007354 -0.054945
v -0.676827 1.006295 -0.052721
v -0.670557 1.008000 -0.055551
v -0.672236 1.007300 -0.053086
v -0.673641 1.006279 -0.051151
v -0.677816 0.999600 -0.049952
v -0.675479 0.999600 -0.048775
v -0.680400 1.002184 -0.050848
v -0.677630 1.002217 -0.050313
v -0.675152 1.002260 -0.049139
v -0.680400 1.004521 -0.052025
v -0.677340 1.004555 -0.051171
v -0.674609 1.004599 -0.049848
v -2.175600 0.999600 -0.050400
v -2.175600 1.008000 -0.058800
v -2.192400 1.008000 -0.042000
v -2.184000 0.999600 -0.042000
v -2.175600 1.002184 -0.050848
v -2.175600 1.004521 -0.052025
v -2.178184 0.999600 -0.049952
v -2.178355 1.002231 -0.050243
v -2.178660 1.004564 -0.051148
v -2.180521 0.999600 -0.048776
v -2.180840 1.002260 -0.049116
v -2.181391 1.004599 -0.049848
v -2.180768 1.008000 -0.057904
v -2.185443 1.008000 -0.055551
v -2.175600 1.007552 -0.056216
v -2.179918 1.007318 -0.055030
v -2.183780 1.007300 -0.053130
v -2.175600 1.006375 -0.053879
v -2.179173 1.006273 -0.052729
v -2.182359 1.006279 -0.051151
v -2.189816 1.007552 -0.042000
v -2.187479 1.006375 -0.042000
v -2.191504 1.008000 -0.047169
v -2.188545 1.007354 -0.046289
v -2.186321 1.006295 -0.045573
v -2.189151 1.008000 -0.051843
v -2.186686 1.007300 -0.050164
v -2.184752 1.006279 -0.048759
v -2.183552 0.999600 -0.044584
v -2.182375 0.999600 -0.046921
v -2.184448 1.002184 -0.042000
v -2.183913 1.002217 -0.044770
v -2.182739 1.002260 -0.047248
v -2.185625 1.004521 -0.042000
v -2.184771 1.004555 -0.045060
v -2.183448 1.004599 -0.047791
v -0.336000 0.999600 -0.050400
v -0.344400 1.008000 -0.050400
v -0.336411 1.002196 -0.050400
v -0.337604 1.004537 -0.050400
v -0.339462 1.006396 -0.050400
v -0.341804 1.007589 -0.050400
v -2.352000 0.999600 -0.050400
v -2.343600 1.008000 -0.050400
v -2.351589 1.002196 -0.050400
v -2.350395 1.004537 -0.050400
v -2.348537 1.006396 -0.050400
v -2.346195 1.007589 -0.050400
v -0.672000 0.511600 -0.050400
v -0.680400 0.503200 -0.050400
v -0.672411 0.509004 -0.050400
v -0.673604 0.506663 -0.050400
v -0.675462 0.504804 -0.050400
v -0.677804 0.503611 -0.050400
v -2.175600 0.503200 -0.050400
v -2.184000 0.511600 -0.050400
v -2.178196 0.503611 -0.050400
v -2.180537 0.504804 -0.050400
v -2.182396 0.506663 -0.050400
v -2.183589 0.509004 -0.050400
v -2.184000 1.512000 -0.310800
v -2.184000 1.503600 -0.302400
v -2.184000 1.511589 -0.308204
v -2.184000 1.510396 -0.305863
v -2.184000 1.508537 -0.304004
v -2.184000 1.506196 -0.302811
v -2.184000 1.503600 -0.352800
v -2.184000 1.512000 -0.344400
v -2.184000 1.506196 -0.352389
v -2.184000 1.508537 -0.351196
v -2.184000 1.510396 -0.349337
v -2.184000 1.511589 -0.346996
v -0.672000 1.503600 -0.302400
v -0.672000 1.512000 -0.310800
v -0.672000 1.506196 -0.302811
v -0.672000 1.508537 -0.304004
v -0.672000 1.510396 -0.305863
v -0.672000 1.511589 -0.308204
v -2.352000 1.503600 -0.344400
v -2.343600 1.512000 -0.344400
v -2.343600 1.503600 -0.352800
v -2.351589 1.506196 -0.344400
v -2.350396 1.508536 -0.344400
v -2.351589 1.503600 -0.346996
v -2.351102 1.506280 -0.347065
v -2.349976 1.508423 -0.346978
v -2.350396 1.503600 -0.349337
v -2.349970 1.506185 -0.349227
v -2.349172 1.508044 -0.348845
v -2.343600 1.511589 -0.346996
v -2.343600 1.510396 -0.349337
v -2.346196 1.511589 -0.344400
v -2.346265 1.511101 -0.347080
v -2.346178 1.509976 -0.349223
v -2.348536 1.510396 -0.344400
v -2.348427 1.509970 -0.346985
v -2.348044 1.509172 -0.348845
v -2.346196 1.503600 -0.352389
v -2.348536 1.503600 -0.351196
v -2.343600 1.506196 -0.352389
v -2.346280 1.506265 -0.351902
v -2.348423 1.506178 -0.350776
v -2.343600 1.508536 -0.351196
v -2.346185 1.508427 -0.350770
v -2.348044 1.508044 -0.349972
v -2.352000 1.503600 -0.310800
v -2.343600 1.503600 -0.302400
v -2.343600 1.512000 -0.310800
v -2.351589 1.503600 -0.308204
v -2.350396 1.503600 -0.305864
v -2.351589 1.506196 -0.310800
v -2.351102 1.506265 -0.308120
v -2.349976 1.506178 -0.305977
v -2.350396 1.508537 -0.310800
v -2.349970 1.508427 -0.308215
v -2.349172 1.508045 -0.306356
v -2.343600 1.506196 -0.302811
v -2.343600 1.508537 -0.304004
v -2.346196 1.503600 -0.302811
v -2.346265 1.506280 -0.303299
v -2.346178 1.508423 -0.304424
v -2.348536 1.503600 -0.304004
v -2.348427 1.506185 -0.304430
v -2.348044 1.508045 -0.305228
v -2.346196 1.511589 -0.310800
v -2.348536 1.510396 -0.310800
v -2.343600 1.511589 -0.308204
v -2.346280 1.511102 -0.308135
v -2.348423 1.509976 -0.308222
v -2.343600 1.510396 -0.305864
v -2.346185 1.509970 -0.305973
v -2.348044 1.509172 -0.306356
v -0.344400 1.503600 -0.302400
v -0.336000 1.503600 -0.310800
v -0.344400 1.512000 -0.310800
v -0.341804 1.503600 -0.302811
v -0.339463 1.503600 -0.304004
v -0.344400 1.506196 -0.302811
v -0.341720 1.506265 -0.303298
v -0.339577 1.506178 -0.304424
v -0.344400 1.508537 -0.304004
v -0.341815 1.508427 -0.304430
v -0.339955 1.508045 -0.305228
v -0.336411 1.506196 -0.310800
v -0.337603 1.508537 -0.310800
v -0.336411 1.503600 -0.308204
v -0.336898 1.506280 -0.308135
v -0.338024 1.508423 -0.308222
v -0.337603 1.503600 -0.305863
v -0.338030 1.506185 -0.305973
v -0.338827 1.508045 -0.306355
v -0.344400 1.511589 -0.308204
v -0.344400 1.510396 -0.305863
v -0.341804 1.511589 -0.310800
v -0.341735 1.511102 -0.308120
v -0.341822 1.509976 -0.305977
v -0.339463 1.510396 -0.310800
v -0.339573 1.509970 -0.308215
v -0.339955 1.509172 -0.306355
v -0.672000 1.512000 -0.344400
v -0.672000 1.503600 -0.352800
v -0.672000 1.511589 -0.346996
v -0.672000 1.510396 -0.349337
v -0.672000 1.508537 -0.351196
v -0.672000 1.506196 -0.352389
v -0.336000 1.503600 -0.344400
v -0.344400 1.503600 -0.352800
v -0.344400 1.512000 -0.344400
v -0.336411 1.503600 -0.346996
v -0.337603 1.503600 -0.349337
v -0.336411 1.506196 -0.344400
v -0.336898 1.506265 -0.347080
v -0.338024 1.506178 -0.349223
v -0.337603 1.508537 -0.344400
v -0.338030 1.508427 -0.346985
v -0.338827 1.508045 -0.348845
v -0.344400 1.506196 -0.352389
v -0.344400 1.508537 -0.351196
v -0.341804 1.503600 -0.352389
v -0.341735 1.506280 -0.351902
v -0.341822 1.508423 -0.350776
v -0.339463 1.503600 -0.351196
v -0.339573 1.506185 -0.350770
v -0.339955 1.508045 -0.349972
v -0.341804 1.511589 -0.344400
v -0.339463 1.510396 -0.344400
v -0.344400 1.511589 -0.346996
v -0.341720 1.511102 -0.347065
v -0.339577 1.509976 -0.346978
v -0.344400 1.510396 -0.349337
v -0.341815 1.509970 -0.349227
v -0.339955 1.509172 -0.348845
v -0.336000 1.260000 -0.310800
v -0.344400 1.260000 -0.302400
v -0.336411 1.260000 -0.308204
v -0.337604 1.260000 -0.305863
v -0.339462 1.260000 -0.304004
v -0.341804 1.260000 -0.302811
v -0.336000 1.260000 -0.344400
v -0.344400 1.260000 -0.352800
v -0.336411 1.260000 -0.346996
v -0.337604 1.260000 -0.349337
v -0.339462 1.260000 -0.351196
v -0.341804 1.260000 -0.352389
v -2.343600 1.260000 -0.352800
v -2.352000 1.260000 -0.344400
v -2.346195 1.260000 -0.352389
v -2.348537 1.260000 -0.351196
v -2.350395 1.260000 -0.349338
v -2.351589 1.260000 -0.346996
v -2.343600 1.260000 -0.302400
v -2.352000 1.260000 -0.310800
v -2.346195 1.260000 -0.302811
v -2.348537 1.260000 -0.304004
v -2.350395 1.260000 -0.305863
v -2.351589 1.260000 -0.308204
v -0.680400 0.201600 0.201600
v -0.672000 0.193395 0.210000
v -0.677804 0.201198 0.202011
v -0.675462 0.200033 0.203204
v -0.673604 0.198218 0.205063
v -0.672411 0.195931 0.207404
v 0.327600 0.201600 -0.302400
v 0.336000 0.201600 -0.294000
v 0.330196 0.201600 -0.301989
v 0.332538 0.201600 -0.300796
v 0.334396 0.201600 -0.298937
v 0.335589 0.201600 -0.296596
v 0.336000 0.201600 0.193200
v 0.327600 0.201600 0.201600
v 0.335589 0.201600 0.195796
v 0.334396 0.201600 0.198137
v 0.332538 0.201600 0.199996
v 0.330196 0.201600 0.201189
v -0.327600 0.201600 -0.302400
v -0.336000 0.201600 -0.294000
v -0.330196 0.201600 -0.301989
v -0.332537 0.201600 -0.300796
v -0.334396 0.201600 -0.298937
v -0.335589 0.201600 -0.296596
v -0.327600 0.201600 0.201600
v -0.336000 0.201600 0.193200
v -0.330196 0.201600 0.201189
v -0.332537 0.201600 0.199996
v -0.334396 0.201600 0.198137
v -0.335589 0.201600 0.195796
v -0.663600 0.168000 0.236000
v -0.672000 0.176205 0.227600
v -0.666196 0.168402 0.235589
v -0.668537 0.169567 0.234396
v -0.670396 0.171382 0.232537
v -0.671589 0.173669 0.230196
v -0.672000 0.008400 0.227600
v -0.663600 0.000000 0.227600
v -0.663600 0.008400 0.236000
v -0.671589 0.005804 0.227600
v -0.670396 0.003463 0.227600
v -0.671589 0.008400 0.230196
v -0.671102 0.005720 0.230265
v -0.669976 0.003577 0.230178
v -0.670396 0.008400 0.232537
v -0.669970 0.005815 0.232427
v -0.669172 0.003955 0.232045
v -0.663600 0.000411 0.230196
v -0.663600 0.001604 0.232537
v -0.666196 0.000411 0.227600
v -0.666265 0.000898 0.230280
v -0.666178 0.002024 0.232423
v -0.668536 0.001604 0.227600
v -0.668427 0.002030 0.230185
v -0.668045 0.002828 0.232045
v -0.666196 0.008400 0.235589
v -0.668536 0.008400 0.234396
v -0.663600 0.005804 0.235589
v -0.666280 0.005735 0.235102
v -0.668423 0.005822 0.233976
v -0.663600 0.003463 0.234396
v -0.666185 0.003573 0.233970
v -0.668045 0.003955 0.233172
v -0.672000 0.494800 0.227600
v -0.663600 0.494800 0.236000
v -0.663600 0.503200 0.227600
v -0.671589 0.494800 0.230196
v -0.670396 0.494800 0.232537
v -0.671589 0.497396 0.227600
v -0.671102 0.497465 0.230280
v -0.669976 0.497378 0.232423
v -0.670396 0.499737 0.227600
v -0.669970 0.499627 0.230185
v -0.669172 0.499245 0.232045
v -0.663600 0.497396 0.235589
v -0.663600 0.499737 0.234396
v -0.666196 0.494800 0.235589
v -0.666265 0.497480 0.235102
v -0.666178 0.499623 0.233976
v -0.668536 0.494800 0.234396
v -0.668427 0.497385 0.233970
v -0.668045 0.499245 0.233172
v -0.666196 0.502789 0.227600
v -0.668536 0.501596 0.227600
v -0.663600 0.502789 0.230196
v -0.666280 0.502302 0.230265
v -0.668423 0.501176 0.230178
v -0.663600 0.501596 0.232537
v -0.666185 0.501170 0.232427
v -0.668045 0.500372 0.232045
v -0.705600 0.840000 -0.260400
v -0.714000 0.831600 -0.260400
v -0.714000 0.840000 -0.268800
v -0.706011 0.837404 -0.260400
v -0.707204 0.835063 -0.260400
v -0.706011 0.840000 -0.262996
v -0.706498 0.837320 -0.263065
v -0.707624 0.835177 -0.262978
v -0.707204 0.840000 -0.265337
v -0.707630 0.837415 -0.265227
v -0.708428 0.835555 -0.264845
v -0.714000 0.832011 -0.262996
v -0.714000 0.833204 -0.265337
v -0.711404 0.832011 -0.260400
v -0.711335 0.832498 -0.263080
v -0.711422 0.833624 -0.265223
v -0.709063 0.833204 -0.260400
v -0.709173 0.833630 -0.262985
v -0.709555 0.834428 -0.264845
v -0.711404 0.840000 -0.268389
v -0.709063 0.840000 -0.267196
v -0.714000 0.837404 -0.268389
v -0.711320 0.837335 -0.267902
v -0.709177 0.837422 -0.266776
v -0.714000 0.835063 -0.267196
v -0.711415 0.835173 -0.266770
v -0.709555 0.835555 -0.265972
v -2.184000 0.511600 -0.176400
v -2.175600 0.503200 -0.176400
v -2.183589 0.509004 -0.176400
v -2.182396 0.506663 -0.176400
v -2.180537 0.504804 -0.176400
v -2.178196 0.503611 -0.176400
v -2.150400 0.840000 -0.260400
v -2.142000 0.840000 -0.268800
v -2.142000 0.831600 -0.260400
v -2.149989 0.840000 -0.262996
v -2.148796 0.840000 -0.265337
v -2.149989 0.837404 -0.260400
v -2.149502 0.837335 -0.263080
v -2.148376 0.837422 -0.265223
v -2.148796 0.835063 -0.260400
v -2.148370 0.835173 -0.262985
v -2.147573 0.835555 -0.264845
v -2.142000 0.837404 -0.268389
v -2.142000 0.835063 -0.267196
v -2.144596 0.840000 -0.268389
v -2.144665 0.837320 -0.267902
v -2.144578 0.835177 -0.266776
v -2.146937 0.840000 -0.267196
v -2.146827 0.837415 -0.266770
v -2.146445 0.835555 -0.265972
v -2.144596 0.832011 -0.260400
v -2.146937 0.833204 -0.260400
v -2.142000 0.832011 -0.262996
v -2.144680 0.832498 -0.263065
v -2.146823 0.833624 -0.262978
v -2.142000 0.833204 -0.265337
v -2.144585 0.833630 -0.265227
v -2.146445 0.834428 -0.264845
v -0.672000 0.511600 -0.176400
v -0.680400 0.503200 -0.176400
v -0.672411 0.509004 -0.176400
v -0.673604 0.506663 -0.176400
v -0.675462 0.504804 -0.176400
v -0.677804 0.503611 -0.176400
v -2.175600 0.831600 -0.294000
v -2.184000 0.823200 -0.294000
v -2.175600 0.823200 -0.302400
v -2.178184 0.831152 -0.294000
v -2.180521 0.829975 -0.294000
v -2.175600 0.831152 -0.296584
v -2.178149 0.830431 -0.296534
v -2.180356 0.829516 -0.296502
v -2.175600 0.829975 -0.298922
v -2.178102 0.829494 -0.298748
v -2.180084 0.828856 -0.298484
v -2.183552 0.823200 -0.296584
v -2.182375 0.823200 -0.298921
v -2.183552 0.825784 -0.294000
v -2.182831 0.825734 -0.296549
v -2.181916 0.825701 -0.298756
v -2.182375 0.828121 -0.294000
v -2.181894 0.827948 -0.296502
v -2.181256 0.827684 -0.298484
v -2.175600 0.825784 -0.301952
v -2.175600 0.828121 -0.300776
v -2.178184 0.823200 -0.301952
v -2.178134 0.825749 -0.301231
v -2.178102 0.827956 -0.300317
v -2.180521 0.823200 -0.300776
v -2.180348 0.825701 -0.300294
v -2.180084 0.827684 -0.299657
v -0.680400 0.823200 -0.302400
v -0.672000 0.823200 -0.294000
v -0.680400 0.831600 -0.294000
v -0.677804 0.823200 -0.301989
v -0.675463 0.823200 -0.300796
v -0.680400 0.825796 -0.301989
v -0.677720 0.825865 -0.301502
v -0.675577 0.825778 -0.300376
v -0.680400 0.828137 -0.300796
v -0.677815 0.828027 -0.300370
v -0.675955 0.827645 -0.299572
v -0.672411 0.825796 -0.294000
v -0.673604 0.828137 -0.294000
v -0.672411 0.823200 -0.296596
v -0.672898 0.825880 -0.296665
v -0.674024 0.828023 -0.296578
v -0.673604 0.823200 -0.298937
v -0.674030 0.825785 -0.298827
v -0.674828 0.827645 -0.298445
v -0.680400 0.831189 -0.296596
v -0.680400 0.829996 -0.298937
v -0.677804 0.831189 -0.294000
v -0.677735 0.830702 -0.296680
v -0.677822 0.829576 -0.298823
v -0.675463 0.829996 -0.294000
v -0.675573 0.829570 -0.296585
v -0.675955 0.828772 -0.298445
v -2.175600 0.831600 -0.184800
v -2.175600 0.837540 -0.170460
v -2.184000 0.832470 -0.165391
v -2.184000 0.821460 -0.184800
v -2.175600 0.831913 -0.181918
v -2.175600 0.832747 -0.178733
v -2.178177 0.831061 -0.184800
v -2.178209 0.831307 -0.181659
v -2.178252 0.832116 -0.178480
v -2.180515 0.829646 -0.184800
v -2.180548 0.830166 -0.181512
v -2.180592 0.831076 -0.178255
v -2.178189 0.837268 -0.170189
v -2.180527 0.836556 -0.169477
v -2.175600 0.835724 -0.172720
v -2.178236 0.835227 -0.172669
v -2.180568 0.834399 -0.172234
v -2.175600 0.834061 -0.175562
v -2.178265 0.833442 -0.175437
v -2.180604 0.832486 -0.175152
v -2.184000 0.829086 -0.169221
v -2.184000 0.826012 -0.173478
v -2.183554 0.834026 -0.166947
v -2.183320 0.831169 -0.170488
v -2.183302 0.828612 -0.174161
v -2.182380 0.835437 -0.168357
v -2.182277 0.833027 -0.171507
v -2.182283 0.830879 -0.174734
v -2.183550 0.824586 -0.184800
v -2.182370 0.827408 -0.184800
v -2.184000 0.822033 -0.181680
v -2.183354 0.825438 -0.181425
v -2.182292 0.828192 -0.181444
v -2.184000 0.823577 -0.177773
v -2.183298 0.826690 -0.177843
v -2.182274 0.829270 -0.178043
v -0.680400 0.837540 -0.170460
v -0.680400 0.831600 -0.184800
v -0.672000 0.821460 -0.184800
v -0.672000 0.832470 -0.165390
v -0.680400 0.835724 -0.172720
v -0.680400 0.834061 -0.175562
v -0.677811 0.837268 -0.170189
v -0.677779 0.835195 -0.172623
v -0.677735 0.833436 -0.175421
v -0.675473 0.836556 -0.169477
v -0.675440 0.834385 -0.172221
v -0.675396 0.832486 -0.175152
v -0.677823 0.831062 -0.184800
v -0.675485 0.829646 -0.184800
v -0.680400 0.831913 -0.181918
v -0.677776 0.831375 -0.181649
v -0.675443 0.830194 -0.181511
v -0.680400 0.832747 -0.178733
v -0.677747 0.832132 -0.178472
v -0.675408 0.831077 -0.178255
v -0.672000 0.822033 -0.181680
v -0.672000 0.823577 -0.177773
v -0.672450 0.824586 -0.184800
v -0.672682 0.825375 -0.181456
v -0.672702 0.826661 -0.177864
v -0.673630 0.827408 -0.184800
v -0.673731 0.828182 -0.181444
v -0.673726 0.829270 -0.178043
v -0.672446 0.834026 -0.166947
v -0.673620 0.835437 -0.168357
v -0.672000 0.829086 -0.169221
v -0.672644 0.831197 -0.170513
v -0.673701 0.833032 -0.171512
v -0.672000 0.826012 -0.173478
v -0.672698 0.828622 -0.174173
v -0.673717 0.830879 -0.174734
v -2.158800 0.840000 -0.285600
v -2.167200 0.840000 -0.277200
v -2.175600 0.831600 -0.277200
v -2.158800 0.831600 -0.294000
v -2.161384 0.840000 -0.285152
v -2.163721 0.840000 -0.283976
v -2.158800 0.837416 -0.286048
v -2.161570 0.837383 -0.285513
v -2.164048 0.837340 -0.284339
v -2.158800 0.835079 -0.287225
v -2.161860 0.835045 -0.286371
v -2.164591 0.835001 -0.285048
v -2.167648 0.837416 -0.277200
v -2.168825 0.835079 -0.277200
v -2.166752 0.840000 -0.279784
v -2.167042 0.837369 -0.279956
v -2.167948 0.835036 -0.280260
v -2.165575 0.840000 -0.282121
v -2.165916 0.837340 -0.282440
v -2.166648 0.835001 -0.282991
v -2.174703 0.831600 -0.282369
v -2.172351 0.831600 -0.287043
v -2.173016 0.832048 -0.277200
v -2.171829 0.832282 -0.281518
v -2.169930 0.832300 -0.285380
v -2.170679 0.833224 -0.277200
v -2.169529 0.833327 -0.280773
v -2.167951 0.833321 -0.283959
v -2.158800 0.832048 -0.291416
v -2.158800 0.833225 -0.289079
v -2.163968 0.831600 -0.293104
v -2.163089 0.832246 -0.290145
v -2.162373 0.833305 -0.287921
v -2.168643 0.831600 -0.290751
v -2.166964 0.832300 -0.288286
v -2.165559 0.833321 -0.286352
v -0.697200 0.840000 -0.285600
v -0.697200 0.831600 -0.294000
v -0.680400 0.831600 -0.277200
v -0.688800 0.840000 -0.277200
v -0.697200 0.837416 -0.286048
v -0.697200 0.835079 -0.287225
v -0.694616 0.840000 -0.285152
v -0.694444 0.837369 -0.285443
v -0.694140 0.835036 -0.286348
v -0.692279 0.840000 -0.283975
v -0.691960 0.837340 -0.284316
v -0.691409 0.835001 -0.285048
v -0.692031 0.831600 -0.293104
v -0.687357 0.831600 -0.290751
v -0.697200 0.832048 -0.291416
v -0.692882 0.832281 -0.290230
v -0.689020 0.832300 -0.288330
v -0.697200 0.833224 -0.289079
v -0.693627 0.833327 -0.287929
v -0.690441 0.833321 -0.286351
v -0.682984 0.832048 -0.277200
v -0.685321 0.833224 -0.277200
v -0.681296 0.831600 -0.282369
v -0.684255 0.832246 -0.281489
v -0.686479 0.833305 -0.280773
v -0.683649 0.831600 -0.287043
v -0.686114 0.832300 -0.285364
v -0.688048 0.833321 -0.283959
v -0.689248 0.840000 -0.279784
v -0.690424 0.840000 -0.282121
v -0.688352 0.837416 -0.277200
v -0.688887 0.837383 -0.279970
v -0.690061 0.837340 -0.282448
v -0.687175 0.835079 -0.277200
v -0.688029 0.835045 -0.280260
v -0.689352 0.835001 -0.282991
v -2.167200 0.840000 -0.201600
v -2.158800 0.840000 -0.193200
v -2.158800 0.831600 -0.184800
v -2.175600 0.831600 -0.201600
v -2.166752 0.840000 -0.199016
v -2.165575 0.840000 -0.196679
v -2.167648 0.837416 -0.201600
v -2.167113 0.837383 -0.198830
v -2.165938 0.837340 -0.196352
v -2.168825 0.835079 -0.201600
v -2.167971 0.835045 -0.198540
v -2.166648 0.835001 -0.195809
v -2.158800 0.837416 -0.192752
v -2.158800 0.835079 -0.191576
v -2.161384 0.840000 -0.193648
v -2.161555 0.837369 -0.193358
v -2.161860 0.835036 -0.192452
v -2.163721 0.840000 -0.194825
v -2.164039 0.837340 -0.194484
v -2.164591 0.835001 -0.193752
v -2.163968 0.831600 -0.185697
v -2.168643 0.831600 -0.188049
v -2.158800 0.832048 -0.187384
v -2.163118 0.832281 -0.188571
v -2.166980 0.832300 -0.190470
v -2.158800 0.833224 -0.189721
v -2.162373 0.833327 -0.190871
v -2.165559 0.833321 -0.192449
v -2.173016 0.832048 -0.201600
v -2.170679 0.833224 -0.201600
v -2.174703 0.831600 -0.196432
v -2.171744 0.832246 -0.197311
v -2.169521 0.833305 -0.198027
v -2.172351 0.831600 -0.191757
v -2.169885 0.832300 -0.193436
v -2.167951 0.833321 -0.194841
v -0.688800 0.840000 -0.201600
v -0.680400 0.831600 -0.201600
v -0.697200 0.831600 -0.184800
v -0.697200 0.840000 -0.193200
v -0.688352 0.837416 -0.201600
v -0.687175 0.835079 -0.201600
v -0.689248 0.840000 -0.199016
v -0.688957 0.837369 -0.198845
v -0.688052 0.835036 -0.198540
v -0.690424 0.840000 -0.196679
v -0.690084 0.837340 -0.196360
v -0.689352 0.835001 -0.195809
v -0.681296 0.831600 -0.196432
v -0.683649 0.831600 -0.191757
v -0.682984 0.832048 -0.201600
v -0.684170 0.832281 -0.197282
v -0.686069 0.832300 -0.193420
v -0.685321 0.833224 -0.201600
v -0.686471 0.833327 -0.198027
v -0.688048 0.833321 -0.194841
v -0.697200 0.832048 -0.187384
v -0.697200 0.833225 -0.189721
v -0.692031 0.831600 -0.185696
v -0.692911 0.832246 -0.188656
v -0.693627 0.833305 -0.190879
v -0.687357 0.831600 -0.188049
v -0.689036 0.832300 -0.190515
v -0.690441 0.833321 -0.192449
v -0.694616 0.840000 -0.193648
v -0.692279 0.840000 -0.194825
v -0.697200 0.837416 -0.192752
v -0.694430 0.837383 -0.193287
v -0.691952 0.837340 -0.194462
v -0.697200 0.835079 -0.191575
v -0.694140 0.835045 -0.192429
v -0.691409 0.835001 -0.193752
v -2.158800 0.848400 -0.285600
v -2.167200 0.848400 -0.277200
v -2.161396 0.848400 -0.285189
v -2.163737 0.848400 -0.283996
v -2.165596 0.848400 -0.282138
v -2.166789 0.848400 -0.279796
v -0.688800 0.848400 -0.277200
v -0.697200 0.848400 -0.285600
v -0.689211 0.848400 -0.279796
v -0.690404 0.848400 -0.282137
v -0.692262 0.848400 -0.283996
v -0.694604 0.848400 -0.285189
v -2.167200 0.848400 -0.201600
v -2.158800 0.848400 -0.193200
v -2.166789 0.848400 -0.199004
v -2.165596 0.848400 -0.196663
v -2.163737 0.848400 -0.194804
v -2.161396 0.848400 -0.193611
v -0.697200 0.848400 -0.193200
v -0.688800 0.848400 -0.201600
v -0.694604 0.848400 -0.193611
v -0.692262 0.848400 -0.194804
v -0.690404 0.848400 -0.196663
v -0.689211 0.848400 -0.199004
v -2.142000 0.848400 -0.268800
v -2.150400 0.848400 -0.260400
v -2.144596 0.848400 -0.268389
v -2.146937 0.848400 -0.267196
v -2.148796 0.848400 -0.265338
v -2.149989 0.848400 -0.262996
v -0.714000 0.848400 -0.268800
v -0.705600 0.848400 -0.260400
v -0.711404 0.848400 -0.268389
v -0.709062 0.848400 -0.267196
v -0.707204 0.848400 -0.265337
v -0.706011 0.848400 -0.262996
v -2.150400 0.848400 -0.218400
v -2.142000 0.848400 -0.210000
v -2.149989 0.848400 -0.215804
v -2.148796 0.848400 -0.213463
v -2.146937 0.848400 -0.211604
v -2.144596 0.848400 -0.210411
v -0.714000 0.848400 -0.210000
v -0.705600 0.848400 -0.218400
v -0.711404 0.848400 -0.210411
v -0.709062 0.848400 -0.211604
v -0.707204 0.848400 -0.213463
v -0.706011 0.848400 -0.215804
v -2.158800 0.856800 -0.285600
v -2.158800 0.865200 -0.277200
v -2.167200 0.856800 -0.277200
v -2.158800 0.859396 -0.285189
v -2.158800 0.861736 -0.283996
v -2.161396 0.856800 -0.285189
v -2.161465 0.859480 -0.284702
v -2.161378 0.861623 -0.283576
v -2.163737 0.856800 -0.283996
v -2.163627 0.859385 -0.283570
v -2.163244 0.861244 -0.282772
v -2.161396 0.864789 -0.277200
v -2.163737 0.863596 -0.277200
v -2.158800 0.864789 -0.279796
v -2.161480 0.864302 -0.279865
v -2.163623 0.863176 -0.279778
v -2.158800 0.863596 -0.282137
v -2.161385 0.863170 -0.282027
v -2.163244 0.862372 -0.281645
v -2.166789 0.856800 -0.279796
v -2.165596 0.856800 -0.282137
v -2.166789 0.859396 -0.277200
v -2.166301 0.859465 -0.279880
v -2.165176 0.859378 -0.282023
v -2.165596 0.861736 -0.277200
v -2.165170 0.861627 -0.279785
v -2.164372 0.861244 -0.281645
v -0.697200 0.856800 -0.285600
v -0.688800 0.856800 -0.277200
v -0.697200 0.865200 -0.277200
v -0.694604 0.856800 -0.285189
v -0.692263 0.856800 -0.283996
v -0.697200 0.859396 -0.285189
v -0.694520 0.859465 -0.284702
v -0.692377 0.859378 -0.283576
v -0.697200 0.861736 -0.283996
v -0.694615 0.861627 -0.283570
v -0.692755 0.861244 -0.282772
v -0.689211 0.859396 -0.277200
v -0.690404 0.861736 -0.277200
v -0.689211 0.856800 -0.279796
v -0.689698 0.859480 -0.279865
v -0.690824 0.861623 -0.279778
v -0.690404 0.856800 -0.282137
v -0.690830 0.859385 -0.282027
v -0.691628 0.861244 -0.281645
v -0.697200 0.864789 -0.279796
v -0.697200 0.863596 -0.282137
v -0.694604 0.864789 -0.277200
v -0.694535 0.864302 -0.279880
v -0.694622 0.863176 -0.282023
v -0.692263 0.863596 -0.277200
v -0.692373 0.863170 -0.279785
v -0.692755 0.862372 -0.281645
v -2.158800 0.856800 -0.193200
v -2.167200 0.856800 -0.201600
v -2.158800 0.865200 -0.201600
v -2.161396 0.856800 -0.193611
v -2.163737 0.856800 -0.194804
v -2.158800 0.859396 -0.193611
v -2.161480 0.859465 -0.194098
v -2.163623 0.859378 -0.195224
v -2.158800 0.861736 -0.194804
v -2.161385 0.861627 -0.195230
v -2.163244 0.861244 -0.196028
v -2.166789 0.859396 -0.201600
v -2.165596 0.861736 -0.201600
v -2.166789 0.856800 -0.199004
v -2.166301 0.859480 -0.198935
v -2.165176 0.861623 -0.199022
v -2.165596 0.856800 -0.196664
v -2.165170 0.859385 -0.196773
v -2.164372 0.861244 -0.197156
v -2.158800 0.864789 -0.199004
v -2.158800 0.863596 -0.196664
v -2.161396 0.864789 -0.201600
v -2.161465 0.864302 -0.198920
v -2.161378 0.863176 -0.196777
v -2.163737 0.863596 -0.201600
v -2.163627 0.863170 -0.199015
v -2.163244 0.862372 -0.197156
v -0.688800 0.856800 -0.201600
v -0.697200 0.856800 -0.193200
v -0.697200 0.865200 -0.201600
v -0.689211 0.856800 -0.199004
v -0.690404 0.856800 -0.196663
v -0.689211 0.859396 -0.201600
v -0.689698 0.859465 -0.198920
v -0.690824 0.859378 -0.196777
v -0.690404 0.861736 -0.201600
v -0.690830 0.861627 -0.199015
v -0.691628 0.861244 -0.197155
v -0.697200 0.859396 -0.193611
v -0.697200 0.861736 -0.194804
v -0.694604 0.856800 -0.193611
v -0.694535 0.859480 -0.194098
v -0.694622 0.861623 -0.195224
v -0.692263 0.856800 -0.194804
v -0.692373 0.859385 -0.195230
v -0.692755 0.861244 -0.196028
v -0.694604 0.864789 -0.201600
v -0.692263 0.863596 -0.201600
v -0.697200 0.864789 -0.199004
v -0.694520 0.864302 -0.198935
v -0.692377 0.863176 -0.199022
v -0.697200 0.863596 -0.196663
v -0.694615 0.863170 -0.196773
v -0.692755 0.862372 -0.197155
v -2.150400 0.856800 -0.260400
v -2.158800 0.865200 -0.260400
v -2.142000 0.865200 -0.277200
v -2.142000 0.856800 -0.268800
v -2.150848 0.859384 -0.260400
v -2.152025 0.861721 -0.260400
v -2.149952 0.856800 -0.262984
v -2.150243 0.859431 -0.263156
v -2.151148 0.861763 -0.263460
v -2.148776 0.856800 -0.265321
v -2.149116 0.859460 -0.265640
v -2.149848 0.861799 -0.266192
v -2.157903 0.865200 -0.265569
v -2.155551 0.865200 -0.270243
v -2.156216 0.864752 -0.260400
v -2.155029 0.864518 -0.264718
v -2.153130 0.864500 -0.268580
v -2.153879 0.863575 -0.260400
v -2.152729 0.863472 -0.263973
v -2.151151 0.863479 -0.267159
v -2.142000 0.864752 -0.274616
v -2.142000 0.863575 -0.272279
v -2.147168 0.865200 -0.276304
v -2.146289 0.864554 -0.273345
v -2.145573 0.863495 -0.271121
v -2.151843 0.865200 -0.273951
v -2.150164 0.864500 -0.271486
v -2.148759 0.863479 -0.269552
v -2.144584 0.856800 -0.268352
v -2.146921 0.856800 -0.267176
v -2.142000 0.859384 -0.269248
v -2.144770 0.859416 -0.268713
v -2.147248 0.859460 -0.267539
v -2.142000 0.861721 -0.270425
v -2.145060 0.861755 -0.269571
v -2.147791 0.861799 -0.268248
v -0.714000 0.856800 -0.268800
v -0.714000 0.865200 -0.277200
v -0.697200 0.865200 -0.260400
v -0.705600 0.856800 -0.260400
v -0.714000 0.859384 -0.269248
v -0.714000 0.861721 -0.270425
v -0.711416 0.856800 -0.268352
v -0.711244 0.859431 -0.268643
v -0.710940 0.861763 -0.269548
v -0.709078 0.856800 -0.267175
v -0.708760 0.859460 -0.267516
v -0.708209 0.861799 -0.268248
v -0.708831 0.865200 -0.276304
v -0.704157 0.865200 -0.273951
v -0.714000 0.864752 -0.274616
v -0.709682 0.864518 -0.273430
v -0.705820 0.864500 -0.271530
v -0.714000 0.863575 -0.272279
v -0.710427 0.863473 -0.271129
v -0.707241 0.863479 -0.269551
v -0.699784 0.864752 -0.260400
v -0.702121 0.863575 -0.260400
v -0.698096 0.865200 -0.265569
v -0.701055 0.864554 -0.264689
v -0.703279 0.863495 -0.263973
v -0.700449 0.865200 -0.270243
v -0.702914 0.864500 -0.268564
v -0.704849 0.863479 -0.267159
v -0.706048 0.856800 -0.262984
v -0.707224 0.856800 -0.265321
v -0.705152 0.859384 -0.260400
v -0.705687 0.859416 -0.263170
v -0.706861 0.859460 -0.265648
v -0.703975 0.861721 -0.260400
v -0.704829 0.861755 -0.263460
v -0.706152 0.861799 -0.266191
v -2.142000 0.856800 -0.210000
v -2.142000 0.865200 -0.201600
v -2.158800 0.865200 -0.218400
v -2.150400 0.856800 -0.218400
v -2.142000 0.859384 -0.209552
v -2.142000 0.861721 -0.208376
v -2.144584 0.856800 -0.210448
v -2.144756 0.859431 -0.210158
v -2.145060 0.861763 -0.209252
v -2.146921 0.856800 -0.211625
v -2.147240 0.859460 -0.211284
v -2.147791 0.861799 -0.210552
v -2.147168 0.865200 -0.202497
v -2.151843 0.865200 -0.204849
v -2.142000 0.864752 -0.204184
v -2.146318 0.864518 -0.205371
v -2.150180 0.864500 -0.207270
v -2.142000 0.863575 -0.206521
v -2.145573 0.863473 -0.207671
v -2.148759 0.863479 -0.209249
v -2.156216 0.864752 -0.218400
v -2.153878 0.863575 -0.218400
v -2.157903 0.865200 -0.213232
v -2.154944 0.864554 -0.214111
v -2.152721 0.863495 -0.214827
v -2.155551 0.865200 -0.208557
v -2.153085 0.864500 -0.210236
v -2.151151 0.863479 -0.211641
v -2.149952 0.856800 -0.215816
v -2.148775 0.856800 -0.213479
v -2.150848 0.859384 -0.218400
v -2.150313 0.859416 -0.215630
v -2.149138 0.859460 -0.213152
v -2.152024 0.861721 -0.218400
v -2.151171 0.861755 -0.215340
v -2.149848 0.861799 -0.212609
v -0.714000 0.856800 -0.210000
v -0.705600 0.856800 -0.218400
v -0.697200 0.865200 -0.218400
v -0.714000 0.865200 -0.201600
v -0.711416 0.856800 -0.210448
v -0.709079 0.856800 -0.211625
v -0.714000 0.859384 -0.209552
v -0.711230 0.859416 -0.210087
v -0.708752 0.859460 -0.211262
v -0.714000 0.861721 -0.208375
v -0.710940 0.861755 -0.209229
v -0.708209 0.861799 -0.210552
v -0.705152 0.859384 -0.218400
v -0.703975 0.861721 -0.218400
v -0.706048 0.856800 -0.215816
v -0.705757 0.859431 -0.215645
v -0.704852 0.861763 -0.215340
v -0.707224 0.856800 -0.213479
v -0.706884 0.859460 -0.213160
v -0.706152 0.861799 -0.212609
v -0.698096 0.865200 -0.213232
v -0.700449 0.865200 -0.208557
v -0.699784 0.864752 -0.218400
v -0.700970 0.864518 -0.214082
v -0.702870 0.864500 -0.210220
v -0.702121 0.863575 -0.218400
v -0.703271 0.863473 -0.214827
v -0.704849 0.863479 -0.211641
v -0.714000 0.864752 -0.204184
v -0.714000 0.863575 -0.206521
v -0.708831 0.865200 -0.202496
v -0.709711 0.864554 -0.205456
v -0.710427 0.863495 -0.207679
v -0.704157 0.865200 -0.204849
v -0.705836 0.864500 -0.207315
v -0.707241 0.863479 -0.209249
vn -0.0000 1.0000 -0.0000
vn -0.0000 -0.0000 1.0000
vn -1.0000 -0.0000 -0.0000
vn -0.0000 -0.0000 -1.0000
vn 1.0000 -0.0000 -0.0000
vn -0.0000 -1.0000 -0.0000
vn -0.0000 -0.7071 0.7071
vn 0.0001 -1.0000 -0.0000
vn -0.0001 -1.0000 -0.0000
vn -0.9729 0.1635 0.1635
vn -0.8764 0.1543 0.4561
vn -0.6996 0.1450 0.6997
vn -0.8764 0.4557 0.1556
vn -0.7924 0.4313 0.4314
vn -0.6456 0.4090 0.6449
vn -0.1635 0.1635 0.9729
vn -0.1543 0.4562 0.8764
vn -0.1450 0.6997 0.6996
vn -0.4557 0.1556 0.8764
vn -0.4313 0.4314 0.7924
vn -0.4090 0.6449 0.6456
vn -0.1635 0.9729 0.1635
vn -0.4561 0.8764 0.1543
vn -0.6997 0.6996 0.1450
vn -0.1556 0.8764 0.4557
vn -0.4313 0.7924 0.4313
vn -0.6449 0.6456 0.4090
vn -0.5773 0.5774 0.5774
vn 0.1439 0.9706 0.1928
vn 0.4088 0.8829 0.2312
vn 0.6945 0.6899 0.2044
vn 0.1460 0.8923 0.4271
vn 0.3676 0.8414 0.3961
vn 0.6912 0.6479 0.3200
vn 0.9797 0.1997 0.0198
vn 0.9733 0.2062 0.1006
vn 0.9722 0.1647 0.1662
vn 0.9038 0.4193 0.0856
vn 0.9183 0.3556 0.1738
vn 0.9191 0.2770 0.2802
vn 0.9815 0.0230 0.1901
vn 0.8996 0.0995 0.4252
vn 0.6883 0.2061 0.6956
vn 0.9757 0.0918 0.1988
vn 0.9133 0.1705 0.3699
vn 0.6849 0.3225 0.6534
vn 0.1575 0.1793 0.9711
vn 0.1637 0.4340 0.8859
vn 0.1764 0.6989 0.6932
vn 0.4007 0.2166 0.8902
vn 0.3546 0.4091 0.8408
vn 0.3580 0.6628 0.6577
vn 0.6910 0.5111 0.5111
vn -0.9706 0.1438 0.1928
vn -0.8829 0.4088 0.2312
vn -0.6899 0.6945 0.2043
vn -0.8924 0.1460 0.4271
vn -0.8414 0.3676 0.3961
vn -0.6479 0.6912 0.3200
vn -0.1997 0.9797 0.0197
vn -0.2062 0.9733 0.1006
vn -0.1647 0.9722 0.1662
vn -0.4193 0.9038 0.0856
vn -0.3556 0.9183 0.1738
vn -0.2770 0.9191 0.2802
vn -0.0230 0.9815 0.1902
vn -0.0995 0.8996 0.4252
vn -0.2061 0.6883 0.6956
vn -0.0918 0.9757 0.1989
vn -0.1705 0.9133 0.3699
vn -0.3226 0.6849 0.6534
vn -0.1793 0.1575 0.9711
vn -0.4340 0.1637 0.8859
vn -0.6989 0.1764 0.6932
vn -0.2166 0.4007 0.8902
vn -0.4091 0.3546 0.8408
vn -0.6628 0.3580 0.6577
vn -0.5111 0.6910 0.5111
vn -0.1928 -0.1439 0.9706
vn -0.2312 -0.4088 0.8829
vn -0.2044 -0.6945 0.6899
vn -0.4271 -0.1460 0.8923
vn -0.3961 -0.3676 0.8414
vn -0.3200 -0.6912 0.6479
vn -0.0197 -0.9797 0.1997
vn -0.1006 -0.9733 0.2062
vn -0.1662 -0.9722 0.1647
vn -0.0856 -0.9038 0.4193
vn -0.1738 -0.9183 0.3556
vn -0.2802 -0.9191 0.2770
vn -0.1902 -0.9815 0.0230
vn -0.4252 -0.8996 0.0995
vn -0.6956 -0.6883 0.2061
vn -0.1989 -0.9757 0.0918
vn -0.3699 -0.9133 0.1705
vn -0.6534 -0.6849 0.3225
vn -0.9711 -0.1575 0.1793
vn -0.8859 -0.1637 0.4340
vn -0.6932 -0.1764 0.6989
vn -0.8902 -0.4007 0.2166
vn -0.8408 -0.3546 0.4091
vn -0.6577 -0.3580 0.6628
vn -0.5111 -0.6911 0.5111
vn -0.9729 -0.1635 0.1635
vn -0.8764 -0.4562 0.1543
vn -0.6996 -0.6997 0.1450
vn -0.8764 -0.1556 0.4557
vn -0.7924 -0.4314 0.4313
vn -0.6456 -0.6449 0.4090
vn -0.1635 -0.9729 0.1635
vn -0.1543 -0.8764 0.4561
vn -0.1450 -0.6996 0.6997
vn -0.4557 -0.8765 0.1555
vn -0.4313 -0.7924 0.4314
vn -0.4090 -0.6456 0.6449
vn -0.1635 -0.1635 0.9729
vn -0.4561 -0.1543 0.8764
vn -0.6997 -0.1450 0.6996
vn -0.1556 -0.4557 0.8764
vn -0.4313 -0.4313 0.7924
vn -0.6449 -0.4091 0.6455
vn -0.5774 -0.5774 0.5773
vn 0.1928 -0.1439 -0.9706
vn 0.2312 -0.4088 -0.8829
vn 0.2043 -0.6944 -0.6899
vn 0.4271 -0.1460 -0.8923
vn 0.3961 -0.3676 -0.8414
vn 0.3200 -0.6912 -0.6479
vn 0.0197 -0.9797 -0.1997
vn 0.1006 -0.9733 -0.2062
vn 0.1662 -0.9722 -0.1647
vn 0.0856 -0.9038 -0.4193
vn 0.1738 -0.9183 -0.3556
vn 0.2802 -0.9191 -0.2770
vn 0.1902 -0.9815 -0.0230
vn 0.4252 -0.8996 -0.0995
vn 0.6956 -0.6883 -0.2061
vn 0.1989 -0.9757 -0.0918
vn 0.3699 -0.9133 -0.1705
vn 0.6534 -0.6849 -0.3225
vn 0.9711 -0.1575 -0.1793
vn 0.8859 -0.1637 -0.4340
vn 0.6932 -0.1764 -0.6989
vn 0.8902 -0.4007 -0.2166
vn 0.8408 -0.3546 -0.4091
vn 0.6577 -0.3580 -0.6628
vn 0.5111 -0.6911 -0.5111
vn 0.9706 -0.1438 0.1928
vn 0.8829 -0.4088 0.2312
vn 0.6899 -0.6944 0.2044
vn 0.8923 -0.1460 0.4271
vn 0.8414 -0.3676 0.3961
vn 0.6479 -0.6912 0.3200
vn 0.1997 -0.9797 0.0197
vn 0.2062 -0.9733 0.1006
vn 0.1647 -0.9722 0.1662
vn 0.4193 -0.9038 0.0856
vn 0.3556 -0.9183 0.1738
vn 0.2770 -0.9191 0.2802
vn 0.0230 -0.9815 0.1902
vn 0.0995 -0.8996 0.4252
vn 0.2061 -0.6883 0.6956
vn 0.0918 -0.9757 0.1989
vn 0.1705 -0.9133 0.3699
vn 0.3225 -0.6849 0.6534
vn 0.1793 -0.1575 0.9711
vn 0.4340 -0.1637 0.8859
vn 0.6989 -0.1764 0.6932
vn 0.2166 -0.4007 0.8902
vn 0.4091 -0.3546 0.8408
vn 0.6628 -0.3580 0.6577
vn 0.5111 -0.6910 0.5111
vn -0.1635 -0.1635 -0.9729
vn -0.1543 -0.4562 -0.8764
vn -0.1450 -0.6997 -0.6996
vn -0.4557 -0.1556 -0.8764
vn -0.4314 -0.4314 -0.7924
vn -0.4090 -0.6449 -0.6455
vn -0.1635 -0.9729 -0.1635
vn -0.4561 -0.8764 -0.1543
vn -0.6997 -0.6996 -0.1450
vn -0.1556 -0.8765 -0.4557
vn -0.4314 -0.7924 -0.4314
vn -0.6449 -0.6456 -0.4090
vn -0.9729 -0.1635 -0.1635
vn -0.8764 -0.1543 -0.4562
vn -0.6996 -0.1450 -0.6997
vn -0.8764 -0.4557 -0.1556
vn -0.7924 -0.4314 -0.4313
vn -0.6455 -0.4090 -0.6449
vn -0.5774 -0.5774 -0.5773
vn 0.1635 -0.1635 0.9729
vn 0.1543 -0.4562 0.8764
vn 0.1450 -0.6997 0.6996
vn 0.4557 -0.1556 0.8764
vn 0.4313 -0.4314 0.7924
vn 0.4090 -0.6449 0.6456
vn 0.1635 -0.9729 0.1635
vn 0.4561 -0.8764 0.1543
vn 0.6997 -0.6996 0.1450
vn 0.1556 -0.8764 0.4557
vn 0.4313 -0.7924 0.4314
vn 0.6449 -0.6456 0.4090
vn 0.9729 -0.1635 0.1635
vn 0.8764 -0.1543 0.4561
vn 0.6996 -0.1450 0.6997
vn 0.8764 -0.4557 0.1556
vn 0.7924 -0.4314 0.4314
vn 0.6456 -0.4090 0.6449
vn 0.5773 -0.5774 0.5773
vn -0.4562 -0.1543 0.8764
vn -0.1556 -0.4557 0.8765
vn -0.4314 -0.4314 0.7924
vn -0.6449 -0.4090 0.6456
vn -0.8765 -0.1556 0.4557
vn -0.1543 -0.8764 0.4562
vn -0.4557 -0.8764 0.1556
vn -0.4314 -0.7924 0.4314
vn -0.5773 -0.5774 0.5773
vn -0.1576 0.9711 0.1794
vn -0.1638 0.8859 0.4340
vn -0.1764 0.6932 0.6988
vn -0.4007 0.8902 0.2167
vn -0.3546 0.8408 0.4091
vn -0.3579 0.6576 0.6629
vn -0.1439 0.1928 0.9706
vn -0.4087 0.2312 0.8829
vn -0.6945 0.2044 0.6899
vn -0.1460 0.4271 0.8923
vn -0.3676 0.3961 0.8414
vn -0.6912 0.3200 0.6479
vn -0.9796 0.0198 0.1998
vn -0.9733 0.1006 0.2062
vn -0.9722 0.1662 0.1647
vn -0.9038 0.0857 0.4192
vn -0.9183 0.1738 0.3557
vn -0.9191 0.2802 0.2769
vn -0.9815 0.1902 0.0231
vn -0.8996 0.4252 0.0995
vn -0.6883 0.6956 0.2062
vn -0.9757 0.1989 0.0918
vn -0.9133 0.3698 0.1705
vn -0.6849 0.6534 0.3226
vn -0.6910 0.5111 0.5111
vn 0.1635 0.9729 0.1635
vn 0.1543 0.8764 0.4562
vn 0.1450 0.6996 0.6997
vn 0.4557 0.8765 0.1555
vn 0.4313 0.7924 0.4314
vn 0.4090 0.6456 0.6449
vn 0.1635 0.1635 0.9729
vn 0.4561 0.1543 0.8764
vn 0.6996 0.1450 0.6996
vn 0.1556 0.4557 0.8764
vn 0.4313 0.4313 0.7924
vn 0.6449 0.4091 0.6455
vn 0.9729 0.1635 0.1636
vn 0.8764 0.4561 0.1543
vn 0.6996 0.6997 0.1450
vn 0.8765 0.1556 0.4556
vn 0.7924 0.4314 0.4313
vn 0.6456 0.6449 0.4090
vn 0.5773 0.5774 0.5773
vn 0.1439 0.9706 0.1929
vn 0.9797 0.1997 0.0197
vn 0.6882 0.2061 0.6956
vn 0.9757 0.0918 0.1989
vn 0.6849 0.3226 0.6534
vn 0.6911 0.5111 0.5111
vn 0.9729 0.1635 0.1635
vn 0.8764 0.1556 0.4557
vn 0.6456 0.6450 0.4090
vn 0.1543 0.8764 0.4561
vn 0.4557 0.8764 0.1556
vn 0.4562 0.1543 0.8764
vn 0.6997 0.1450 0.6996
vn 0.6449 0.4090 0.6456
vn 0.5773 0.5774 0.5774
vn -0.8764 0.1543 0.4562
vn -0.7924 0.4314 0.4314
vn -0.4557 0.1556 0.8765
vn -0.4313 0.7924 0.4314
vn -0.5774 0.5774 0.5773
vn 0.3552 0.3654 -0.8604
vn 0.6417 0.5014 -0.5803
vn 0.8030 0.5171 -0.2963
vn 0.4818 0.6302 -0.6089
vn 0.6362 0.6262 -0.4507
vn 0.7737 0.6014 -0.1993
vn 0.9591 0.2831 -0.0070
vn 0.8935 0.4339 0.1156
vn 0.7999 0.5186 0.3020
vn 0.8996 0.4193 -0.1219
vn 0.8581 0.5135 0.0086
vn 0.7706 0.6034 0.2054
vn 0.3654 0.3552 0.8604
vn 0.5015 0.6418 0.5802
vn 0.5171 0.8030 0.2963
vn 0.6302 0.4818 0.6089
vn 0.6262 0.6362 0.4507
vn 0.6014 0.7737 0.1992
vn 0.2831 0.9591 0.0070
vn 0.4339 0.8935 -0.1156
vn 0.5186 0.7999 -0.3020
vn 0.4193 0.8996 0.1219
vn 0.5135 0.8581 -0.0086
vn 0.6034 0.7706 -0.2054
vn 0.7071 0.7071 -0.0000
vn 0.1928 0.9706 -0.1439
vn 0.2312 0.8829 -0.4088
vn 0.2043 0.6899 -0.6945
vn 0.4271 0.8923 -0.1460
vn 0.3961 0.8414 -0.3676
vn 0.3200 0.6479 -0.6912
vn 0.0197 0.1997 -0.9797
vn 0.1006 0.2062 -0.9733
vn 0.1662 0.1647 -0.9722
vn 0.0856 0.4193 -0.9038
vn 0.1738 0.3556 -0.9183
vn 0.2802 0.2770 -0.9191
vn 0.1902 0.0230 -0.9815
vn 0.4252 0.0995 -0.8996
vn 0.6956 0.2061 -0.6883
vn 0.1989 0.0918 -0.9757
vn 0.3699 0.1706 -0.9133
vn 0.6534 0.3225 -0.6849
vn 0.9711 0.1793 -0.1575
vn 0.8859 0.4340 -0.1637
vn 0.6932 0.6989 -0.1764
vn 0.8902 0.2167 -0.4007
vn 0.8408 0.4091 -0.3546
vn 0.6577 0.6628 -0.3580
vn 0.5111 0.5111 -0.6911
vn -0.1928 0.1439 -0.9706
vn -0.2312 0.4088 -0.8829
vn -0.2044 0.6944 -0.6899
vn -0.4271 0.1460 -0.8923
vn -0.3961 0.3676 -0.8414
vn -0.3200 0.6912 -0.6479
vn -0.0197 0.9797 -0.1997
vn -0.1006 0.9733 -0.2062
vn -0.1662 0.9722 -0.1647
vn -0.0856 0.9038 -0.4193
vn -0.1738 0.9183 -0.3556
vn -0.2802 0.9191 -0.2770
vn -0.1902 0.9815 -0.0230
vn -0.4252 0.8996 -0.0995
vn -0.6956 0.6882 -0.2062
vn -0.1989 0.9757 -0.0918
vn -0.3699 0.9133 -0.1706
vn -0.6534 0.6849 -0.3225
vn -0.9711 0.1575 -0.1793
vn -0.8859 0.1637 -0.4340
vn -0.6932 0.1764 -0.6988
vn -0.8902 0.4007 -0.2166
vn -0.8408 0.3546 -0.4091
vn -0.6577 0.3580 -0.6628
vn -0.5111 0.6911 -0.5111
vn -0.9706 -0.1438 -0.1928
vn -0.8829 -0.4088 -0.2312
vn -0.6899 -0.6945 -0.2043
vn -0.8924 -0.1460 -0.4271
vn -0.8414 -0.3675 -0.3961
vn -0.6479 -0.6912 -0.3200
vn -0.1997 -0.9797 -0.0197
vn -0.2062 -0.9733 -0.1006
vn -0.1647 -0.9722 -0.1662
vn -0.4193 -0.9038 -0.0856
vn -0.3556 -0.9183 -0.1738
vn -0.2770 -0.9191 -0.2802
vn -0.0230 -0.9815 -0.1902
vn -0.0995 -0.8996 -0.4252
vn -0.2061 -0.6883 -0.6956
vn -0.0919 -0.9757 -0.1989
vn -0.1706 -0.9133 -0.3699
vn -0.3226 -0.6849 -0.6534
vn -0.1793 -0.1575 -0.9711
vn -0.4340 -0.1637 -0.8859
vn -0.6989 -0.1764 -0.6932
vn -0.2166 -0.4007 -0.8902
vn -0.4091 -0.3546 -0.8408
vn -0.6628 -0.3579 -0.6577
vn -0.5111 -0.6910 -0.5111
vn -0.2043 -0.6944 0.6899
vn -0.1901 -0.9815 0.0230
vn 0.1635 0.9729 -0.1635
vn 0.4562 0.8764 -0.1543
vn 0.6997 0.6996 -0.1450
vn 0.1556 0.8765 -0.4557
vn 0.4314 0.7924 -0.4313
vn 0.6449 0.6456 -0.4090
vn 0.9729 0.1635 -0.1635
vn 0.8764 0.1543 -0.4561
vn 0.6996 0.1450 -0.6997
vn 0.8764 0.4557 -0.1556
vn 0.7924 0.4313 -0.4314
vn 0.6456 0.4090 -0.6449
vn 0.1635 0.1635 -0.9729
vn 0.1543 0.4562 -0.8764
vn 0.1450 0.6997 -0.6996
vn 0.4557 0.1556 -0.8764
vn 0.4313 0.4313 -0.7924
vn 0.4090 0.6449 -0.6456
vn 0.5773 0.5773 -0.5774
vn 0.4313 0.7924 0.4313
vn 0.4314 0.4313 0.7924
vn 0.5773 0.5773 0.5774
vn 0.1635 -0.9729 -0.1635
vn 0.1543 -0.8764 -0.4562
vn 0.1450 -0.6996 -0.6997
vn 0.4557 -0.8764 -0.1556
vn 0.4313 -0.7924 -0.4313
vn 0.4090 -0.6456 -0.6449
vn 0.1635 -0.1635 -0.9729
vn 0.4562 -0.1543 -0.8764
vn 0.6997 -0.1450 -0.6996
vn 0.1556 -0.4557 -0.8764
vn 0.4314 -0.4314 -0.7924
vn 0.6449 -0.4090 -0.6456
vn 0.9729 -0.1635 -0.1635
vn 0.8764 -0.4562 -0.1543
vn 0.6996 -0.6997 -0.1450
vn 0.8764 -0.1556 -0.4557
vn 0.7924 -0.4313 -0.4313
vn 0.6456 -0.6449 -0.4090
vn 0.5774 -0.5774 -0.5773
vn 0.1450 -0.6996 0.6996
vn 0.4557 -0.1556 0.8765
vn 0.4562 -0.8764 0.1543
vn 0.1556 -0.8765 0.4557
vn 0.4314 -0.7924 0.4313
vn 0.7924 -0.4313 0.4313
vn 0.5774 -0.5774 0.5773
vn -0.6449 0.6455 0.4090
vn -0.5774 0.5774 0.5774
vn -0.1749 0.9712 0.1620
vn -0.2127 0.8833 0.4177
vn -0.2382 0.6839 0.6895
vn -0.4104 0.8904 0.1970
vn -0.3764 0.8417 0.3872
vn -0.3777 0.6523 0.6571
vn -0.1620 0.1749 0.9712
vn -0.4177 0.2127 0.8833
vn -0.6895 0.2382 0.6839
vn -0.1970 0.4104 0.8904
vn -0.3872 0.3764 0.8417
vn -0.6571 0.3777 0.6523
vn -0.9712 0.1620 0.1749
vn -0.8833 0.4177 0.2127
vn -0.6839 0.6895 0.2382
vn -0.8904 0.1970 0.4104
vn -0.8417 0.3872 0.3764
vn -0.6523 0.6571 0.3777
vn -0.2383 0.6839 0.6895
vn -0.5774 0.5773 0.5774
vn 0.1556 0.4557 0.8765
vn 0.8764 0.4562 0.1543
vn 0.8765 0.1556 0.4557
vn 0.7924 0.4314 0.4314
vn 0.6456 0.6449 0.4091
vn 0.4557 0.8764 0.1555
vn 0.5774 0.5774 0.5773
vn 0.1793 0.9711 0.1575
vn 0.4340 0.8859 0.1637
vn 0.6989 0.6931 0.1764
vn 0.2167 0.8902 0.4007
vn 0.4091 0.8408 0.3546
vn 0.6628 0.6577 0.3580
vn 0.9706 0.1928 0.1439
vn 0.8828 0.2312 0.4088
vn 0.6899 0.2044 0.6944
vn 0.8923 0.4271 0.1460
vn 0.8414 0.3961 0.3677
vn 0.6479 0.3200 0.6912
vn 0.1997 0.0197 0.9797
vn 0.2062 0.1006 0.9733
vn 0.1647 0.1662 0.9722
vn 0.4193 0.0856 0.9038
vn 0.3556 0.1738 0.9183
vn 0.2770 0.2802 0.9191
vn 0.0230 0.1902 0.9815
vn 0.0995 0.4252 0.8996
vn 0.2061 0.6956 0.6883
vn 0.0919 0.1989 0.9757
vn 0.1705 0.3699 0.9133
vn 0.3225 0.6534 0.6849
vn 0.5111 0.5111 0.6910
vn -0.1844 -0.0932 0.9784
vn -0.2184 -0.2395 0.9460
vn -0.2306 -0.3739 0.8983
vn -0.4187 -0.1036 0.9022
vn -0.3883 -0.2229 0.8942
vn -0.3899 -0.3539 0.8501
vn -0.1734 -0.6195 0.7656
vn -0.4248 -0.5529 0.7168
vn -0.7054 -0.4197 0.5712
vn -0.2051 -0.5070 0.8372
vn -0.3966 -0.4815 0.7816
vn -0.7033 -0.3634 0.6110
vn -0.9785 -0.1464 0.1453
vn -0.9693 -0.1262 0.2110
vn -0.9680 -0.0956 0.2320
vn -0.9038 -0.2789 0.3244
vn -0.9148 -0.2066 0.3471
vn -0.9150 -0.1536 0.3731
vn -0.9802 -0.0037 0.1981
vn -0.9013 -0.0432 0.4310
vn -0.6992 -0.1082 0.7067
vn -0.9715 -0.0532 0.2308
vn -0.9121 -0.0926 0.3994
vn -0.6968 -0.1766 0.6952
vn -0.6998 -0.2734 0.6600
vn 0.1844 -0.6259 0.7578
vn 0.2184 -0.4996 0.8383
vn 0.2307 -0.3708 0.8996
vn 0.4187 -0.5647 0.7112
vn 0.3882 -0.4747 0.7899
vn 0.3899 -0.3509 0.8514
vn 0.1734 -0.1033 0.9794
vn 0.4249 -0.1159 0.8978
vn 0.7054 -0.1071 0.7007
vn 0.2051 -0.2335 0.9505
vn 0.3966 -0.2122 0.8931
vn 0.7033 -0.1751 0.6890
vn 0.9785 0.0007 0.2062
vn 0.9693 -0.0600 0.2384
vn 0.9680 -0.0965 0.2317
vn 0.9038 -0.0321 0.4267
vn 0.9148 -0.0994 0.3916
vn 0.9150 -0.1552 0.3724
vn 0.9802 -0.1374 0.1427
vn 0.9014 -0.2742 0.3352
vn 0.6992 -0.4232 0.5762
vn 0.9715 -0.1256 0.2008
vn 0.9121 -0.2170 0.3478
vn 0.6968 -0.3667 0.6164
vn 0.6998 -0.2733 0.6599
vn -0.9706 0.1439 0.1928
vn -0.6899 0.6944 0.2044
vn -0.8923 0.1460 0.4271
vn -0.1997 0.9797 0.0198
vn -0.0919 0.9757 0.1989
vn -0.1706 0.9133 0.3699
vn -0.3225 0.6849 0.6534
vn -0.5111 0.6911 0.5111
vn 0.1928 0.1439 0.9706
vn 0.2312 0.4088 0.8829
vn 0.2044 0.6945 0.6899
vn 0.4271 0.1460 0.8923
vn 0.3961 0.3676 0.8414
vn 0.3200 0.6912 0.6479
vn 0.0198 0.9797 0.1997
vn 0.1006 0.9733 0.2062
vn 0.1662 0.9723 0.1647
vn 0.0856 0.9038 0.4193
vn 0.1738 0.9183 0.3556
vn 0.2802 0.9191 0.2770
vn 0.1902 0.9815 0.0230
vn 0.4252 0.8996 0.0995
vn 0.6956 0.6883 0.2061
vn 0.1989 0.9757 0.0919
vn 0.3699 0.9133 0.1706
vn 0.6533 0.6849 0.3225
vn 0.9711 0.1576 0.1793
vn 0.8859 0.1637 0.4341
vn 0.6932 0.1764 0.6989
vn 0.8902 0.4008 0.2166
vn 0.8408 0.3546 0.4091
vn 0.6577 0.3580 0.6628
vn 0.5111 0.6911 0.5111
vn -0.9729 0.1635 -0.1636
vn -0.8764 0.4562 -0.1543
vn -0.6996 0.6997 -0.1450
vn -0.8765 0.1556 -0.4556
vn -0.7924 0.4314 -0.4313
vn -0.6456 0.6449 -0.4090
vn -0.1635 0.9729 -0.1635
vn -0.1543 0.8764 -0.4562
vn -0.1450 0.6996 -0.6997
vn -0.4557 0.8765 -0.1555
vn -0.4314 0.7924 -0.4314
vn -0.4090 0.6456 -0.6450
vn -0.1635 0.1635 -0.9729
vn -0.4561 0.1543 -0.8764
vn -0.6996 0.1450 -0.6996
vn -0.1556 0.4557 -0.8764
vn -0.4313 0.4313 -0.7924
vn -0.6449 0.4091 -0.6455
vn -0.5774 0.5774 -0.5773
vn 0.8764 0.1543 -0.4562
vn 0.8765 0.4557 -0.1555
vn 0.7924 0.4314 -0.4313
vn 0.1543 0.4561 -0.8764
vn 0.4557 0.1556 -0.8765
vn 0.4314 0.4314 -0.7924
vn 0.4561 0.8764 -0.1543
vn 0.1556 0.8764 -0.4557
vn 0.5773 0.5774 -0.5774
vn -0.4314 -0.4313 0.7924
vn -0.5774 -0.5774 0.5774
vn -0.4562 0.8764 0.1543
vn -0.4314 0.7924 0.4313
vn -0.5774 0.5773 0.5773
vn 0.7924 -0.4314 -0.4314
vn 0.6455 -0.6449 -0.4090
vn 0.1543 -0.8764 -0.4561
vn 0.4314 -0.7924 -0.4314
vn 0.4313 -0.4313 -0.7924
vn 0.5773 -0.5774 -0.5773
vn -0.7924 -0.4313 -0.4314
vn -0.6456 -0.4090 -0.6449
vn -0.1543 -0.4561 -0.8764
vn -0.4313 -0.4314 -0.7924
vn -0.4090 -0.6449 -0.6456
vn -0.4562 -0.8764 -0.1543
vn -0.1556 -0.8764 -0.4557
vn -0.4313 -0.7924 -0.4313
vn -0.6450 -0.6456 -0.4090
vn -0.5773 -0.5774 -0.5773
vn 0.2187 -0.9510 0.2187
vn 0.4087 -0.8849 0.2236
vn 0.6990 -0.6927 0.1778
vn 0.2282 -0.8821 0.4120
vn 0.3466 -0.8676 0.3565
vn 0.6758 -0.6683 0.3108
vn 0.9510 -0.2187 0.2187
vn 0.8849 -0.2236 0.4087
vn 0.6927 -0.1779 0.6990
vn 0.8821 -0.4120 0.2282
vn 0.8676 -0.3565 0.3466
vn 0.6683 -0.3107 0.6759
vn 0.2187 -0.2187 0.9510
vn 0.2236 -0.4087 0.8849
vn 0.1779 -0.6990 0.6927
vn 0.4120 -0.2282 0.8821
vn 0.3565 -0.3466 0.8676
vn 0.3108 -0.6758 0.6683
vn -0.1555 -0.4557 0.8764
vn -0.8764 -0.4561 0.1543
vn -0.4314 -0.7924 0.4313
vn -0.5774 -0.5773 0.5773
vn 0.2191 -0.9714 0.0913
vn 0.2446 -0.9384 0.2440
vn 0.2372 -0.8940 0.3802
vn 0.4794 -0.8708 0.1086
vn 0.4257 -0.8727 0.2390
vn 0.3981 -0.8375 0.3743
vn 0.1512 -0.7674 0.6231
vn 0.3801 -0.7248 0.5747
vn 0.6566 -0.5934 0.4656
vn 0.1930 -0.8364 0.5130
vn 0.3751 -0.7790 0.5024
vn 0.6774 -0.6158 0.4024
vn 0.9708 -0.1669 0.1720
vn 0.9632 -0.2180 0.1570
vn 0.9677 -0.2211 0.1212
vn 0.8773 -0.3547 0.3233
vn 0.9017 -0.3564 0.2447
vn 0.9162 -0.3572 0.1819
vn 0.9862 -0.1657 0.0066
vn 0.9266 -0.3724 0.0527
vn 0.7556 -0.6438 0.1213
vn 0.9766 -0.2038 0.0688
vn 0.9272 -0.3582 0.1098
vn 0.7337 -0.6502 0.1971
vn 0.7063 -0.6396 0.3033
vn -0.1612 -0.7604 0.6291
vn -0.2056 -0.8374 0.5064
vn -0.2373 -0.8953 0.3770
vn -0.3736 -0.7196 0.5853
vn -0.3672 -0.7865 0.4966
vn -0.3983 -0.8388 0.3713
vn -0.2068 -0.9730 0.1027
vn -0.4851 -0.8659 0.1225
vn -0.7612 -0.6373 0.1200
vn -0.2302 -0.9438 0.2372
vn -0.4345 -0.8717 0.2266
vn -0.7401 -0.6436 0.1951
vn -0.9850 -0.1724 0.0009
vn -0.9743 -0.2115 0.0773
vn -0.9676 -0.2210 0.1221
vn -0.9290 -0.3679 0.0395
vn -0.9287 -0.3518 0.1176
vn -0.9160 -0.3567 0.1835
vn -0.9731 -0.1630 0.1629
vn -0.8750 -0.3637 0.3196
vn -0.6501 -0.5978 0.4690
vn -0.9654 -0.2090 0.1557
vn -0.8981 -0.3582 0.2552
vn -0.6710 -0.6206 0.4058
vn -0.7063 -0.6396 0.3033
vn 0.6989 -0.1764 0.6931
vn 0.9706 -0.1439 0.1929
vn 0.8828 -0.4088 0.2312
vn 0.0230 -0.9815 0.1901
vn 0.5111 -0.6911 0.5111
vn -0.1988 -0.9757 0.0918
vn 0.9711 -0.1576 -0.1793
vn 0.8859 -0.1638 -0.4340
vn 0.6931 -0.1764 -0.6989
vn 0.8902 -0.4007 -0.2167
vn 0.0198 -0.9797 -0.1997
vn 0.1901 -0.9815 -0.0230
vn 0.6956 -0.6882 -0.2061
vn 0.3699 -0.9133 -0.1706
vn -0.9706 -0.1439 -0.1928
vn -0.6899 -0.6944 -0.2043
vn -0.8923 -0.1460 -0.4271
vn -0.8414 -0.3676 -0.3961
vn -0.0230 -0.9815 -0.1901
vn -0.0918 -0.9757 -0.1989
vn -0.1705 -0.9133 -0.3699
vn -0.6628 -0.3580 -0.6577
vn -0.5111 -0.6911 -0.5111
vn 0.4313 -0.7924 0.4313
vn 0.6996 -0.1450 0.6996
vn 0.7924 -0.4313 0.4314
vn 0.5773 -0.5773 0.5774
vn -0.4557 -0.8765 0.1556
vn -0.5773 -0.5774 0.5774
vn 0.4561 -0.1543 -0.8764
vn 0.4314 -0.4313 -0.7924
vn 0.8764 -0.4561 -0.1543
vn 0.8765 -0.1556 -0.4557
vn 0.7924 -0.4314 -0.4313
vn 0.5773 -0.5773 -0.5774
vn -0.8764 -0.1543 -0.4561
vn -0.5773 -0.5773 -0.5774
vn -0.6899 -0.6945 -0.2044
vn -0.1997 -0.9796 -0.0198
vn -0.2166 -0.4008 -0.8902
vn 0.2044 -0.6944 -0.6899
vn 0.1988 -0.9757 -0.0919
vn 0.6534 -0.6849 -0.3226
vn -0.0198 -0.9797 0.1997
vn -0.0857 -0.9038 0.4193
vn -0.1988 -0.9757 0.0919
vn -0.6534 -0.6849 0.3226
vn -0.8859 -0.1637 0.4341
vn -0.6932 -0.1764 0.6988
vn -0.5111 -0.6911 0.5110
vn 0.9706 -0.1439 0.1928
vn 0.1997 -0.9796 0.0198
vn 0.2061 -0.6882 0.6956
vn 0.0919 -0.9757 0.1989
vn -0.1564 -0.0000 -0.9877
vn -0.4540 -0.0000 -0.8910
vn -0.7071 -0.0000 -0.7071
vn -0.8910 -0.0000 -0.4540
vn -0.9877 -0.0000 -0.1565
vn -0.9877 -0.0000 0.1565
vn -0.8910 -0.0000 0.4540
vn -0.7071 -0.0000 0.7071
vn -0.4540 -0.0000 0.8910
vn -0.1564 -0.0000 0.9877
vn -0.0000 -0.1637 0.9865
vn -0.0000 -0.4518 0.8921
vn -0.0000 -0.8921 0.4518
vn -0.0000 -0.9865 0.1637
vn 0.1637 -0.9865 -0.0001
vn 0.4518 -0.8921 -0.0001
vn 0.7071 -0.7071 -0.0001
vn 0.8921 -0.4518 -0.0001
vn 0.9865 -0.1636 -0.0001
vn -0.1565 -0.9877 -0.0000
vn -0.4540 -0.8910 -0.0000
vn -0.7071 -0.7071 -0.0000
vn -0.8910 -0.4540 -0.0000
vn -0.9877 -0.1565 -0.0000
vn -0.0000 -0.9877 0.1565
vn -0.0000 -0.8910 0.4540
vn -0.0000 -0.4540 0.8910
vn -0.0000 -0.1565 0.9877
vn -0.0000 -0.9877 -0.1564
vn -0.0000 -0.8910 -0.4540
vn -0.0000 -0.7071 -0.7071
vn -0.0000 -0.4540 -0.8910
vn -0.0000 -0.1564 -0.9877
vn -0.0000 -0.9877 -0.1565
vn -0.0000 -0.1565 -0.9877
vn -0.9877 -0.0000 -0.1564
vn -0.1565 -0.0000 0.9877
vn 0.9879 -0.1553 -0.0021
vn 0.9096 -0.4154 -0.0037
vn 0.7408 -0.6717 -0.0032
vn 0.4849 -0.8745 -0.0017
vn 0.1878 -0.9822 -0.0004
vn -0.8910 -0.0000 0.4539
vn 0.1564 -0.0000 -0.9877
vn 0.4540 -0.0000 -0.8910
vn 0.7071 -0.0000 -0.7071
vn 0.8910 -0.0000 -0.4540
vn 0.9877 -0.0000 -0.1564
vn -0.9865 0.1637 -0.0001
vn -0.8921 0.4518 -0.0001
vn -0.7071 0.7071 -0.0001
vn -0.4518 0.8921 -0.0001
vn -0.1637 0.9865 -0.0001
vn 0.1637 -0.0001 0.9865
vn 0.4518 -0.0001 0.8921
vn 0.7071 -0.0001 0.7071
vn 0.8921 -0.0001 0.4518
vn 0.9865 -0.0001 0.1637
vn -0.0000 0.9877 0.1565
vn -0.0000 0.8910 0.4540
vn -0.0000 0.7071 0.7071
vn -0.0000 0.4540 0.8910
vn -0.0000 0.1564 0.9877
vn 0.1564 0.9877 -0.0000
vn 0.4540 0.8910 -0.0000
vn 0.8910 0.4540 -0.0000
vn 0.9877 0.1564 -0.0000
vn -0.0000 0.1565 0.9877
vn -0.0001 0.1637 0.9865
vn -0.0001 0.4518 0.8921
vn -0.0001 0.7071 0.7071
vn -0.0001 0.8921 0.4518
vn -0.0001 0.9865 0.1637
vn 0.0001 0.1637 0.9865
vn 0.0002 0.4518 0.8921
vn 0.0002 0.7071 0.7071
vn 0.0002 0.8921 0.4518
vn 0.0001 0.9865 0.1637
vn 0.1565 -0.0000 -0.9877
vn -0.9877 -0.0000 0.1564
vn -0.0000 0.9853 0.1709
vn -0.0000 0.8932 0.4496
vn -0.0000 0.4496 0.8932
vn -0.0000 0.1709 0.9853
vn -0.0000 -0.6265 0.7794
vn -0.0000 -0.5049 0.8632
vn -0.0000 -0.3827 0.9239
vn -0.0000 -0.2533 0.9674
vn -0.0000 -0.1082 0.9941
vn 0.1565 -0.0000 0.9877
vn 0.4540 -0.0000 0.8910
vn 0.7071 -0.0000 0.7071
vn 0.8910 -0.0000 0.4539
vn 0.9877 -0.0000 0.1565
vn 0.9877 -0.0000 0.1564
vn 0.8910 -0.0000 0.4540
vn 0.1564 -0.0000 0.9877
vn -0.0000 0.9877 0.1564
vn -0.0000 0.9853 -0.1707
vn -0.0000 0.8933 -0.4494
vn -0.0000 0.7071 -0.7071
vn -0.0000 0.4494 -0.8933
vn -0.0000 0.1707 -0.9853
vn -0.9853 0.1709 -0.0000
vn -0.8932 0.4496 -0.0000
vn -0.7071 0.7071 -0.0000
vn -0.4496 0.8932 -0.0000
vn -0.1709 0.9853 -0.0000
vn -0.0000 0.9877 -0.1564
vn -0.0000 0.8910 -0.4540
vn -0.0000 0.4540 -0.8910
vn -0.0000 0.1564 -0.9877
vn -0.9853 -0.1709 -0.0000
vn -0.8932 -0.4496 -0.0000
vn -0.4496 -0.8932 -0.0000
vn -0.1709 -0.9853 -0.0000
vn -0.0000 0.9865 -0.1637
vn -0.0000 0.8921 -0.4518
vn -0.0000 0.4518 -0.8921
vn -0.0000 0.1637 -0.9865
vn 0.1564 -0.9877 -0.0000
vn 0.4540 -0.8910 -0.0000
vn 0.7071 -0.7071 -0.0000
vn 0.8910 -0.4540 -0.0000
vn 0.9877 -0.1564 -0.0000
vn -0.0000 -0.1564 0.9877
vn -0.9865 -0.0001 0.1636
vn -0.8921 -0.0001 0.4518
vn -0.7071 -0.0001 0.7071
vn -0.4518 -0.0001 0.8921
vn -0.1637 -0.0001 0.9865
vn -0.1636 -0.0001 -0.9865
vn -0.4518 -0.0001 -0.8921
vn -0.7071 -0.0001 -0.7071
vn -0.8921 -0.0001 -0.4518
vn -0.9865 -0.0001 -0.1636
vn -0.0000 0.1707 0.9853
vn -0.0000 0.4494 0.8933
vn -0.0000 0.8934 0.4494
vn -0.0000 0.9853 0.1708
vn 0.1635 -0.0000 0.9865
vn 0.4515 -0.0001 0.8922
vn 0.8922 -0.0001 0.4516
vn 0.9865 -0.0000 0.1635
vn 0.9853 0.1709 -0.0000
vn 0.8932 0.4496 -0.0000
vn 0.4496 0.8932 -0.0000
vn 0.1709 0.9853 -0.0000
vn 0.9865 -0.0000 -0.1637
vn 0.8921 -0.0001 -0.4518
vn 0.7071 -0.0001 -0.7071
vn 0.4518 -0.0001 -0.8921
vn 0.1637 -0.0000 -0.9865
vn -0.0000 -0.9853 -0.1709
vn -0.0000 -0.8932 -0.4496
vn -0.0000 -0.4496 -0.8932
vn -0.0000 -0.1709 -0.9853
vn -0.0000 -0.9853 0.1709
vn -0.0000 -0.8932 0.4496
vn -0.0000 -0.4496 0.8932
vn -0.0000 -0.1709 0.9853
vn -0.0000 -0.9877 0.1564
vn 0.9865 0.0001 0.1636
vn 0.8921 0.0002 0.4518
vn 0.7071 0.0001 0.7071
vn 0.4518 0.0002 0.8921
vn 0.1637 0.0001 0.9865
vn 0.9865 -0.0001 -0.1635
vn 0.8922 -0.0001 -0.4516
vn 0.4515 -0.0001 -0.8923
vn 0.1635 -0.0001 -0.9865
vn 0.1565 0.9877 -0.0000
vn -0.1637 -0.0000 0.9865
vn -0.9865 -0.0000 0.1637
vn 0.1637 -0.0000 0.9865
vn 0.9865 -0.0000 0.1637
vn 0.9865 -0.0001 0.1636
vn -0.9830 -0.1308 0.1291
vn -0.8790 -0.3386 0.3357
vn -0.6799 -0.5197 0.5173
vn -0.4231 -0.6413 0.6401
vn -0.1588 -0.6983 0.6980
vn 0.1637 -0.9865 0.0001
vn 0.4518 -0.8921 0.0001
vn 0.7071 -0.7071 0.0001
vn 0.8921 -0.4518 0.0001
vn 0.9865 -0.1636 0.0001
vn -0.1564 -0.9877 -0.0000
vn 0.9865 0.1637 -0.0001
vn 0.8921 0.4518 -0.0001
vn 0.7071 0.7071 -0.0001
vn 0.4517 0.8921 -0.0001
vn 0.1637 0.9865 -0.0001
vn 0.4518 0.8921 -0.0001
vn 0.9865 0.1636 -0.0001
vn -0.1565 0.9877 -0.0000
vn -0.4540 0.8910 -0.0000
vn -0.8910 0.4540 -0.0000
vn -0.9877 0.1565 -0.0000
vn -0.9877 0.1564 -0.0000
vn -0.9853 -0.0000 0.1709
vn -0.8932 -0.0000 0.4496
vn -0.4496 -0.0000 0.8932
vn -0.1709 -0.0000 0.9853
vn 0.1709 -0.0000 0.9853
vn 0.4496 -0.0000 0.8932
vn 0.8932 -0.0000 0.4496
vn 0.9853 -0.0000 0.1709
vn -0.4539 0.8910 -0.0000
vn -0.0000 0.9877 -0.1565
vn -0.0000 0.1565 -0.9877
vn 0.4539 0.8910 -0.0000
vn -0.9865 -0.0001 0.1637
vn -0.9865 0.0001 0.1637
vn -0.8921 0.0002 0.4519
vn -0.7071 0.0001 0.7071
vn -0.4518 0.0002 0.8921
vn -0.1636 0.0001 0.9865
vn -0.9865 0.0001 0.1636
vn -0.8921 0.0002 0.4518
vn -0.1637 0.0001 0.9865
vn -0.1637 0.0001 -0.9865
vn -0.4518 0.0002 -0.8921
vn -0.7071 0.0001 -0.7071
vn -0.8921 0.0002 -0.4518
vn -0.9865 0.0001 -0.1636
vn 0.9865 0.0001 -0.1636
vn 0.8921 0.0002 -0.4518
vn 0.7071 0.0001 -0.7071
vn 0.4518 0.0002 -0.8921
vn 0.1637 0.0001 -0.9865
vn -0.1637 -0.9865 -0.0011
vn -0.4518 -0.8921 -0.0018
vn -0.7071 -0.7071 -0.0015
vn -0.8921 -0.4518 -0.0018
vn -0.9865 -0.1637 -0.0011
vn -0.1637 0.9865 -0.0011
vn -0.4518 0.8921 -0.0018
vn -0.7071 0.7071 -0.0015
vn -0.8921 0.4518 -0.0018
vn -0.9865 0.1637 -0.0011
vn 0.9830 -0.1308 0.1291
vn 0.8790 -0.3386 0.3357
vn 0.6799 -0.5197 0.5173
vn 0.4231 -0.6413 0.6401
vn 0.1588 -0.6983 0.6980
vn -0.9889 -0.1488 -0.0022
vn -0.9087 -0.4175 -0.0040
vn -0.7407 -0.6718 -0.0035
vn -0.4870 -0.8734 -0.0020
vn -0.1806 -0.9836 -0.0006
vn -0.0000 -0.7794 0.6265
vn -0.0000 -0.8632 0.5049
vn -0.0000 -0.9239 0.3827
vn -0.0000 -0.9674 0.2533
vn -0.0000 -0.9941 0.1081
vn 0.1709 -0.9853 -0.0000
vn 0.4496 -0.8932 -0.0000
vn 0.8932 -0.4496 -0.0000
vn 0.9853 -0.1709 -0.0000
vn 0.9877 -0.1565 -0.0000
vn 0.1565 -0.9877 -0.0000
vn -0.9877 -0.1564 -0.0000
vn -0.1637 0.0023 0.9865
vn -0.4518 0.0038 0.8921
vn -0.7071 0.0031 0.7071
vn -0.8921 0.0038 0.4518
vn -0.9865 0.0023 0.1637
vn -0.1637 0.0023 -0.9865
vn -0.4518 0.0038 -0.8921
vn -0.7071 0.0031 -0.7071
vn -0.8921 0.0038 -0.4518
vn -0.9865 0.0023 -0.1637
vn 0.1637 0.0023 -0.9865
vn 0.4518 0.0038 -0.8921
vn 0.7071 0.0031 -0.7071
vn 0.8921 0.0038 -0.4518
vn 0.9865 0.0023 -0.1637
vn 0.1637 0.0023 0.9865
vn 0.4518 0.0038 0.8921
vn 0.7071 0.0031 0.7071
vn 0.8921 0.0038 0.4518
vn 0.9865 0.0023 0.1637
vn 0.9877 -0.0000 -0.1565
vn -0.9865 0.0023 -0.1636
vn -0.9865 0.0023 0.1636
vn -0.1636 0.0023 0.9865
vn -0.4539 -0.8910 -0.0000
vn -0.0000 -0.8910 -0.4539
vt 0.625000 0.000000
vt 0.375000 1.000000
vt 0.625000 1.000000
vt 0.375000 0.250000
vt 0.375000 0.000000
vt 0.625000 0.000000
vt 0.625000 0.250000
vt 0.375000 0.500000
vt 0.125000 0.500000
vt 0.125000 0.750000
vt 0.625000 1.000000
vt 0.625000 0.000000
vt 0.625000 0.250000
vt 0.625000 0.250000
vt 0.625000 0.250000
vt 0.375000 0.250000
vt 0.375000 0.250000
vt 0.375000 0.250000
vt 0.375000 0.500000
vt 0.375000 0.500000
vt 0.375000 0.875000
vt 0.625000 0.875000
vt 0.250000 0.500000
vt 0.250000 0.750000
vt 0.625000 0.375000
vt 0.625000 0.875000
vt 0.625000 0.375000
vt 0.625000 0.000000
vt 0.875000 0.500000
vt 0.875000 0.750000
vt 0.625000 0.250000
vt 0.500000 0.750000
vt 0.437500 0.437500
vt 0.875000 0.750000
vt 0.870833 0.750000
vt 0.875000 0.750000
vt 0.875000 0.750000
vt 0.873282 0.750000
vt 0.872121 0.750000
vt 0.629167 0.500000
vt 0.625000 0.500000
vt 0.628520 0.499353
vt 0.627879 0.500000
vt 0.626718 0.500000
vt 0.629167 0.500000
vt 0.627837 0.500000
vt 0.626774 0.500000
vt 0.629167 0.500000
vt 0.627885 0.500000
vt 0.626962 0.500000
vt 0.625000 0.500000
vt 0.625000 0.500000
vt 0.625000 0.500000
vt 0.625000 0.500000
vt 0.625000 0.500000
vt 0.625000 0.500000
vt 0.625000 0.500000
vt 0.625000 0.500000
vt 0.628647 0.499480
vt 0.628808 0.499642
vt 0.627358 0.499479
vt 0.627412 0.499567
vt 0.627559 0.499672
vt 0.626357 0.499639
vt 0.626443 0.499671
vt 0.626667 0.499705
vt 0.870833 0.500000
vt 0.875000 0.500000
vt 0.872121 0.500000
vt 0.873282 0.500000
vt 0.875000 0.500000
vt 0.875000 0.500000
vt 0.625000 0.250000
vt 0.625000 0.245833
vt 0.625000 0.250000
vt 0.625000 0.254167
vt 0.618383 0.257303
vt 0.618037 0.253481
vt 0.625000 0.250000
vt 0.625000 0.250000
vt 0.625000 0.250000
vt 0.625000 0.250000
vt 0.625000 0.250000
vt 0.625000 0.250000
vt 0.625000 0.250000
vt 0.625000 0.250000
vt 0.625000 0.248397
vt 0.625000 0.250000
vt 0.625000 0.250716
vt 0.625000 0.250000
vt 0.625000 0.250000
vt 0.625000 0.250000
vt 0.625000 0.250000
vt 0.625000 0.250000
vt 0.625000 0.250000
vt 0.625000 0.250000
vt 0.618316 0.256088
vt 0.618230 0.255014
vt 0.625000 0.253722
vt 0.622497 0.254885
vt 0.621764 0.253786
vt 0.621121 0.253030
vt 0.625000 0.252555
vt 0.625000 0.250000
vt 0.626086 0.252067
vt 0.625000 0.250000
vt 0.624819 0.251415
vt 0.625000 0.250000
vt 0.623679 0.251014
vt 0.620179 0.252410
vt 0.622117 0.251442
vt 0.618037 0.253481
vt 0.620333 0.252333
vt 0.622387 0.251306
vt 0.618037 0.253481
vt 0.620574 0.252213
vt 0.622838 0.251081
vt 0.618499 0.257187
vt 0.625000 0.250000
vt 0.625000 0.254167
vt 0.625000 0.250000
vt 0.618037 0.253481
vt 0.620552 0.256204
vt 0.622376 0.255349
vt 0.618409 0.255995
vt 0.620527 0.254882
vt 0.622375 0.253850
vt 0.618294 0.254950
vt 0.620457 0.253731
vt 0.622338 0.252547
vt 0.625000 0.250000
vt 0.625000 0.251603
vt 0.624741 0.249543
vt 0.625000 0.250000
vt 0.624669 0.254312
vt 0.625000 0.254167
vt 0.624492 0.252250
vt 0.624436 0.250382
vt 0.625000 0.250000
vt 0.623790 0.254704
vt 0.625000 0.254167
vt 0.623699 0.252979
vt 0.625000 0.250000
vt 0.623662 0.251438
vt 0.625000 0.250000
vt 0.625000 0.250000
vt 0.625000 0.250000
vt 0.625000 0.250000
vt 0.625000 0.250000
vt 0.625000 0.250000
vt 0.625000 0.250000
vt 0.625000 0.250000
vt 0.618037 0.253481
vt 0.618037 0.253481
vt 0.620179 0.252410
vt 0.620206 0.252397
vt 0.620242 0.252379
vt 0.622117 0.251442
vt 0.622145 0.251428
vt 0.622181 0.251410
vt 0.625000 0.750000
vt 0.625000 0.754167
vt 0.625000 0.750000
vt 0.625000 0.750000
vt 0.625000 0.751718
vt 0.625000 0.752879
vt 0.375000 0.754167
vt 0.381250 0.750000
vt 0.375031 0.752879
vt 0.375120 0.751718
vt 0.377576 0.750000
vt 0.379319 0.750000
vt 0.375000 0.000000
vt 0.375000 1.000000
vt 0.375000 0.000000
vt 0.375000 0.000000
vt 0.375000 1.000000
vt 0.375000 1.000000
vt 0.375000 1.000000
vt 0.625000 0.000000
vt 0.625000 1.000000
vt 0.625000 0.000000
vt 0.625000 1.000000
vt 0.625000 0.000000
vt 0.625000 1.000000
vt 0.625000 1.000000
vt 0.380208 0.501389
vt 0.370833 0.500000
vt 0.375000 0.501389
vt 0.370833 0.501389
vt 0.379167 0.500000
vt 0.375000 0.500000
vt 0.378401 0.500000
vt 0.378606 0.501389
vt 0.377157 0.501389
vt 0.380208 0.500962
vt 0.378577 0.500933
vt 0.377131 0.500883
vt 0.380208 0.500575
vt 0.378559 0.500523
vt 0.377109 0.500431
vt 0.371278 0.500000
vt 0.375000 0.500534
vt 0.372445 0.500000
vt 0.375000 0.499761
vt 0.375000 0.500000
vt 0.375278 0.501389
vt 0.372115 0.501389
vt 0.375423 0.500675
vt 0.375434 0.500036
vt 0.375000 0.500000
vt 0.376007 0.501389
vt 0.373274 0.501389
vt 0.376071 0.500798
vt 0.375000 0.500000
vt 0.376067 0.500271
vt 0.375000 0.500000
vt 0.375000 0.500000
vt 0.376603 0.500000
vt 0.375000 0.500000
vt 0.375000 0.500000
vt 0.375000 0.500000
vt 0.374284 0.500000
vt 0.375000 0.500000
vt 0.375000 0.500000
vt 0.375000 0.500000
vt 0.378760 0.500000
vt 0.379205 0.500000
vt 0.377247 0.500000
vt 0.377469 0.500000
vt 0.377782 0.500000
vt 0.376270 0.500000
vt 0.376378 0.500000
vt 0.376577 0.500000
vt 0.375000 0.754167
vt 0.370833 0.750000
vt 0.376073 0.750000
vt 0.375000 0.754167
vt 0.370833 0.750000
vt 0.375000 0.754167
vt 0.375000 0.752879
vt 0.375000 0.752845
vt 0.375000 0.752888
vt 0.372112 0.750000
vt 0.375000 0.751718
vt 0.375000 0.751772
vt 0.375000 0.751962
vt 0.373038 0.750000
vt 0.372121 0.750000
vt 0.373282 0.750000
vt 0.370833 0.750000
vt 0.372163 0.750000
vt 0.373226 0.750000
vt 0.370833 0.750000
vt 0.372115 0.750000
vt 0.373038 0.750000
vt 0.375859 0.750000
vt 0.375591 0.750000
vt 0.375857 0.750000
vt 0.375709 0.750000
vt 0.375536 0.750000
vt 0.375589 0.750000
vt 0.375535 0.750000
vt 0.375480 0.750000
vt 0.373597 0.750000
vt 0.380208 0.750000
vt 0.370833 0.750000
vt 0.378599 0.750000
vt 0.377147 0.750000
vt 0.373282 0.750000
vt 0.372121 0.750000
vt 0.380208 0.500000
vt 0.375000 0.500000
vt 0.375000 0.500000
vt 0.370833 0.500000
vt 0.376469 0.499573
vt 0.378606 0.500000
vt 0.377157 0.500000
vt 0.380208 0.500000
vt 0.378577 0.500000
vt 0.377131 0.500000
vt 0.380208 0.500000
vt 0.378559 0.500000
vt 0.377109 0.500000
vt 0.375000 0.500000
vt 0.375000 0.500000
vt 0.377555 0.500000
vt 0.375278 0.500000
vt 0.375000 0.500000
vt 0.375423 0.500000
vt 0.375434 0.500000
vt 0.376354 0.500000
vt 0.376007 0.500000
vt 0.375000 0.500000
vt 0.376071 0.500000
vt 0.375373 0.500000
vt 0.376067 0.500000
vt 0.370833 0.500000
vt 0.370833 0.500000
vt 0.375000 0.500000
vt 0.373397 0.500000
vt 0.372961 0.500000
vt 0.372606 0.500000
vt 0.375000 0.500000
vt 0.375716 0.500000
vt 0.374883 0.500000
vt 0.374186 0.500000
vt 0.377666 0.499657
vt 0.378719 0.499764
vt 0.374783 0.499656
vt 0.376076 0.499717
vt 0.377192 0.499804
vt 0.373228 0.499762
vt 0.374691 0.499796
vt 0.375957 0.499858
vt 0.139156 0.495219
vt 0.125000 0.500000
vt 0.129167 0.500000
vt 0.125000 0.500000
vt 0.135417 0.494792
vt 0.136035 0.496738
vt 0.133243 0.498081
vt 0.137959 0.495134
vt 0.134671 0.496706
vt 0.131707 0.498073
vt 0.136906 0.495028
vt 0.133489 0.496637
vt 0.130369 0.498034
vt 0.125000 0.500000
vt 0.126603 0.500000
vt 0.124517 0.499768
vt 0.125000 0.500000
vt 0.129686 0.499759
vt 0.129167 0.500000
vt 0.127818 0.499629
vt 0.125962 0.499581
vt 0.125000 0.500000
vt 0.131057 0.499117
vt 0.129167 0.500000
vt 0.129418 0.499048
vt 0.125000 0.500000
vt 0.127868 0.499013
vt 0.125000 0.500000
vt 0.125000 0.500000
vt 0.125000 0.500000
vt 0.125000 0.500000
vt 0.125000 0.500000
vt 0.125000 0.500000
vt 0.125000 0.500000
vt 0.125000 0.500000
vt 0.135417 0.494792
vt 0.135417 0.494792
vt 0.132212 0.496394
vt 0.132172 0.496414
vt 0.132118 0.496441
vt 0.129314 0.497843
vt 0.129272 0.497864
vt 0.129218 0.497891
vt 0.125000 0.750000
vt 0.375000 1.000000
vt 0.125000 0.750000
vt 0.125000 0.750000
vt 0.125000 0.750000
vt 0.375000 1.000000
vt 0.375000 1.000000
vt 0.375000 0.250000
vt 0.125000 0.500000
vt 0.375000 0.250000
vt 0.375000 0.250000
vt 0.125000 0.500000
vt 0.125000 0.500000
vt 0.125000 0.500000
vt 0.125000 0.750000
vt 0.375000 0.000000
vt 0.125000 0.750000
vt 0.125000 0.750000
vt 0.125000 0.750000
vt 0.375000 0.000000
vt 0.375000 0.000000
vt 0.375000 0.250000
vt 0.125000 0.500000
vt 0.375000 0.250000
vt 0.125000 0.500000
vt 0.375000 0.250000
vt 0.125000 0.500000
vt 0.125000 0.500000
vt 0.375000 0.000000
vt 0.125000 0.750000
vt 0.375000 1.000000
vt 0.375000 0.000000
vt 0.125000 0.750000
vt 0.375000 0.000000
vt 0.375000 0.000000
vt 0.375000 0.000000
vt 0.375000 0.000000
vt 0.125000 0.750000
vt 0.375000 0.000000
vt 0.375000 1.000000
vt 0.375000 0.000000
vt 0.375000 1.000000
vt 0.375000 0.000000
vt 0.375000 1.000000
vt 0.125000 0.750000
vt 0.125000 0.750000
vt 0.125000 0.750000
vt 0.125000 0.750000
vt 0.125000 0.750000
vt 0.125000 0.750000
vt 0.125000 0.750000
vt 0.125000 0.750000
vt 0.125000 0.750000
vt 0.375000 1.000000
vt 0.375000 1.000000
vt 0.375000 1.000000
vt 0.375000 1.000000
vt 0.375000 1.000000
vt 0.125000 0.750000
vt 0.375000 1.000000
vt 0.125000 0.750000
vt 0.375000 1.000000
vt 0.375000 1.000000
vt 0.125000 0.750000
vt 0.375000 0.500000
vt 0.375000 0.500000
vt 0.375000 0.500000
vt 0.375000 0.500000
vt 0.375000 0.500000
vt 0.375000 0.500000
vt 0.625000 1.000000
vt 0.625000 0.000000
vt 0.625000 1.000000
vt 0.625000 1.000000
vt 0.625000 1.000000
vt 0.625000 0.000000
vt 0.625000 0.000000
vt 0.829167 0.506944
vt 0.833333 0.506944
vt 0.833333 0.505556
vt 0.829167 0.506944
vt 0.829167 0.506944
vt 0.829167 0.506515
vt 0.829167 0.506504
vt 0.829167 0.506518
vt 0.829167 0.506128
vt 0.829167 0.506146
vt 0.829167 0.506209
vt 0.833333 0.506515
vt 0.833333 0.506128
vt 0.832046 0.506944
vt 0.832011 0.506501
vt 0.832054 0.506147
vt 0.830884 0.506944
vt 0.830939 0.506517
vt 0.831129 0.506210
vt 0.832045 0.505556
vt 0.830885 0.505556
vt 0.833333 0.505556
vt 0.832004 0.505556
vt 0.830941 0.505556
vt 0.833333 0.505556
vt 0.832051 0.505555
vt 0.831129 0.505556
vt 0.829167 0.743056
vt 0.833333 0.744444
vt 0.833333 0.743056
vt 0.829167 0.743485
vt 0.829167 0.743872
vt 0.829167 0.743056
vt 0.829167 0.743499
vt 0.829167 0.743853
vt 0.829167 0.743056
vt 0.829167 0.743483
vt 0.829167 0.743790
vt 0.833333 0.744444
vt 0.833333 0.744444
vt 0.832046 0.744445
vt 0.832011 0.744444
vt 0.832055 0.744445
vt 0.830885 0.744444
vt 0.830939 0.744444
vt 0.831129 0.744444
vt 0.832045 0.743056
vt 0.830885 0.743056
vt 0.833333 0.743485
vt 0.832004 0.743496
vt 0.830941 0.743482
vt 0.833333 0.743872
vt 0.832051 0.743854
vt 0.831129 0.743791
vt 0.629167 0.500000
vt 0.625000 0.500000
vt 0.627879 0.500000
vt 0.626718 0.500000
vt 0.625000 0.500000
vt 0.625000 0.500000
vt 0.625000 0.750000
vt 0.629167 0.750000
vt 0.625000 0.750000
vt 0.625000 0.750000
vt 0.626718 0.750000
vt 0.627879 0.750000
vt 0.625000 0.500000
vt 0.625000 0.495833
vt 0.625000 0.500000
vt 0.625000 0.500000
vt 0.625000 0.498282
vt 0.625000 0.497121
vt 0.625000 0.750000
vt 0.625000 0.754167
vt 0.625000 0.750000
vt 0.625000 0.750000
vt 0.625000 0.751718
vt 0.625000 0.752879
vt 0.625000 0.250000
vt 0.625000 0.250000
vt 0.625000 0.250000
vt 0.625000 0.250000
vt 0.625000 0.250000
vt 0.625000 0.250000
vt 0.625000 1.000000
vt 0.625000 0.000000
vt 0.625000 1.000000
vt 0.625000 1.000000
vt 0.625000 1.000000
vt 0.625000 0.000000
vt 0.625000 0.000000
vt 0.870833 0.750000
vt 0.875000 0.750000
vt 0.875000 0.750000
vt 0.625000 1.000000
vt 0.625000 1.000000
vt 0.625000 0.995833
vt 0.872115 0.750000
vt 0.873275 0.750000
vt 0.870833 0.750000
vt 0.872207 0.750000
vt 0.873436 0.750000
vt 0.870833 0.750000
vt 0.625000 0.995833
vt 0.872351 0.750000
vt 0.625000 0.997351
vt 0.873706 0.750000
vt 0.625000 0.998706
vt 0.875000 0.750000
vt 0.625000 1.000000
vt 0.875000 0.750000
vt 0.875000 0.750000
vt 0.875000 0.750000
vt 0.875000 0.750000
vt 0.875000 0.750000
vt 0.875000 0.750000
vt 0.875000 0.750000
vt 0.625000 0.999726
vt 0.625000 1.000000
vt 0.875000 0.750000
vt 0.625000 1.000000
vt 0.875000 0.750000
vt 0.625000 1.002555
vt 0.875000 0.750000
vt 0.625000 1.000000
vt 0.875000 0.750000
vt 0.875000 0.750000
vt 0.625000 1.001354
vt 0.875000 0.750000
vt 0.625000 1.000000
vt 0.875000 0.750000
vt 0.875000 0.750000
vt 0.625000 1.000373
vt 0.625000 0.995833
vt 0.625000 0.995833
vt 0.625000 1.000000
vt 0.625000 0.998397
vt 0.625000 0.997961
vt 0.625000 0.997606
vt 0.625000 1.000000
vt 0.625000 1.000716
vt 0.625000 0.999883
vt 0.625000 0.999186
vt 0.628242 0.750925
vt 0.625000 0.750000
vt 0.629167 0.750000
vt 0.627140 0.750739
vt 0.626211 0.750507
vt 0.628423 0.750743
vt 0.627223 0.750614
vt 0.626311 0.750464
vt 0.628653 0.750513
vt 0.627419 0.750466
vt 0.626545 0.750416
vt 0.625000 0.750000
vt 0.625000 0.750000
vt 0.625000 0.750000
vt 0.625000 0.750000
vt 0.625000 0.750000
vt 0.625000 0.750000
vt 0.625000 0.750000
vt 0.625000 0.750000
vt 0.629167 0.750000
vt 0.629167 0.750000
vt 0.627879 0.750000
vt 0.627845 0.750000
vt 0.627888 0.750000
vt 0.626718 0.750000
vt 0.626772 0.750000
vt 0.626962 0.750000
vt 0.875000 0.500000
vt 0.870833 0.500000
vt 0.625000 0.250000
vt 0.870833 0.500000
vt 0.625000 0.254167
vt 0.625000 0.250000
vt 0.875000 0.500000
vt 0.875000 0.500000
vt 0.875000 0.500000
vt 0.875000 0.500000
vt 0.875000 0.500000
vt 0.875000 0.500000
vt 0.875000 0.500000
vt 0.875000 0.500000
vt 0.625000 0.250274
vt 0.870833 0.500000
vt 0.870833 0.500000
vt 0.625000 0.254167
vt 0.872115 0.500000
vt 0.872200 0.500000
vt 0.872351 0.500000
vt 0.873275 0.500000
vt 0.873432 0.500000
vt 0.873706 0.500000
vt 0.625000 0.251294
vt 0.625000 0.250000
vt 0.873397 0.500000
vt 0.625000 0.250000
vt 0.875716 0.500000
vt 0.870833 0.500000
vt 0.625000 0.254167
vt 0.872975 0.500000
vt 0.874891 0.500000
vt 0.870833 0.500000
vt 0.625000 0.254167
vt 0.872606 0.500000
vt 0.874186 0.500000
vt 0.625000 0.250814
vt 0.625000 0.250000
vt 0.875000 0.500000
vt 0.625000 0.250000
vt 0.625000 0.250000
vt 0.625000 0.250000
vt 0.625000 0.250000
vt 0.875000 0.500000
vt 0.877555 0.500000
vt 0.625000 0.250000
vt 0.876332 0.500000
vt 0.625000 0.250000
vt 0.875373 0.500000
vt 0.625000 0.250000
vt 0.875000 0.500000
vt 0.625000 0.249627
vt 0.625000 0.495833
vt 0.625647 0.496480
vt 0.625000 0.500000
vt 0.625000 0.495833
vt 0.625000 0.495833
vt 0.625000 0.497121
vt 0.625000 0.497155
vt 0.625000 0.497112
vt 0.625000 0.498282
vt 0.625000 0.498228
vt 0.625000 0.498038
vt 0.625521 0.497642
vt 0.625360 0.498643
vt 0.625520 0.496353
vt 0.625433 0.497596
vt 0.625329 0.498555
vt 0.625358 0.496192
vt 0.625328 0.497444
vt 0.625295 0.498333
vt 0.625000 0.500000
vt 0.625000 0.500000
vt 0.625000 0.500000
vt 0.625000 0.500000
vt 0.625000 0.500000
vt 0.625000 0.500000
vt 0.625000 0.500000
vt 0.625000 0.500000
vt 0.625000 0.754167
vt 0.625000 0.750000
vt 0.625924 0.753242
vt 0.625000 0.752879
vt 0.625000 0.751718
vt 0.625000 0.754167
vt 0.625000 0.752837
vt 0.625000 0.751774
vt 0.625000 0.754167
vt 0.625000 0.752884
vt 0.625000 0.751962
vt 0.625000 0.750000
vt 0.625000 0.750000
vt 0.625000 0.750000
vt 0.625000 0.750000
vt 0.625000 0.750000
vt 0.625000 0.750000
vt 0.625000 0.750000
vt 0.625000 0.750000
vt 0.625743 0.753423
vt 0.625513 0.753653
vt 0.625739 0.752140
vt 0.625614 0.752231
vt 0.625466 0.752422
vt 0.625507 0.751211
vt 0.625463 0.751309
vt 0.625416 0.751545
vt 0.625000 0.250000
vt 0.625000 0.250000
vt 0.625000 0.250000
vt 0.625000 0.250000
vt 0.625000 0.250000
vt 0.625000 0.250000
vt 0.618735 0.250000
vt 0.625000 0.250000
vt 0.620671 0.250000
vt 0.622417 0.250000
vt 0.625000 0.250000
vt 0.625000 0.250000
vt 0.621519 0.500000
vt 0.625000 0.495833
vt 0.625000 0.500000
vt 0.625000 0.500000
vt 0.622145 0.500000
vt 0.622875 0.500000
vt 0.622587 0.500000
vt 0.623108 0.500000
vt 0.623692 0.500000
vt 0.623558 0.500000
vt 0.623958 0.500000
vt 0.624426 0.500000
vt 0.625000 0.497112
vt 0.625000 0.498274
vt 0.625000 0.497112
vt 0.624284 0.497202
vt 0.625000 0.498024
vt 0.625000 0.498874
vt 0.625000 0.498274
vt 0.623510 0.498408
vt 0.625000 0.498870
vt 0.625000 0.499460
vt 0.625000 0.500000
vt 0.625000 0.500000
vt 0.625000 0.500000
vt 0.625000 0.500000
vt 0.625000 0.500000
vt 0.625000 0.500000
vt 0.625000 0.500000
vt 0.625000 0.500000
vt 0.625000 0.500000
vt 0.625000 0.500000
vt 0.625000 0.500000
vt 0.625000 0.500000
vt 0.625000 0.500000
vt 0.625000 0.500000
vt 0.625000 0.500000
vt 0.625000 0.500000
vt 0.625000 0.250000
vt 0.625000 0.250000
vt 0.618735 0.250000
vt 0.631265 0.250000
vt 0.625000 0.250000
vt 0.625000 0.250000
vt 0.625000 0.250000
vt 0.625000 0.250000
vt 0.625000 0.250000
vt 0.625000 0.250000
vt 0.625000 0.250000
vt 0.625000 0.250000
vt 0.625000 0.250000
vt 0.625000 0.250000
vt 0.619404 0.250000
vt 0.625000 0.250000
vt 0.621158 0.250000
vt 0.625000 0.250000
vt 0.625000 0.250000
vt 0.620662 0.250000
vt 0.625000 0.250000
vt 0.625000 0.250000
vt 0.625000 0.250000
vt 0.622406 0.250000
vt 0.625000 0.250000
vt 0.625000 0.250000
vt 0.625000 0.250000
vt 0.625000 0.250000
vt 0.627410 0.250000
vt 0.625000 0.250000
vt 0.625000 0.250000
vt 0.625000 0.250000
vt 0.623924 0.250000
vt 0.625000 0.250000
vt 0.625000 0.250000
vt 0.625000 0.250000
vt 0.625000 0.250000
vt 0.625000 0.250000
vt 0.625000 0.250000
vt 0.625000 0.250000
vt 0.625000 0.250000
vt 0.625000 0.250000
vt 0.625000 0.250000
vt 0.625000 0.250000
vt 0.625000 0.500000
vt 0.618735 0.500000
vt 0.625000 0.500000
vt 0.625000 0.500000
vt 0.622417 0.500000
vt 0.620671 0.500000
vt 0.621519 0.500000
vt 0.625000 0.500000
vt 0.625000 0.500000
vt 0.625000 0.495833
vt 0.621057 0.496295
vt 0.622590 0.500000
vt 0.623558 0.500000
vt 0.621519 0.500000
vt 0.622609 0.500000
vt 0.623576 0.500000
vt 0.621519 0.500000
vt 0.622621 0.500000
vt 0.623590 0.500000
vt 0.625000 0.500000
vt 0.625000 0.500000
vt 0.625000 0.502555
vt 0.624814 0.500000
vt 0.625000 0.500000
vt 0.624717 0.500000
vt 0.624710 0.500000
vt 0.625000 0.501354
vt 0.624327 0.500000
vt 0.625000 0.500000
vt 0.624284 0.500000
vt 0.625000 0.500373
vt 0.624287 0.500000
vt 0.625000 0.495833
vt 0.625000 0.495833
vt 0.625000 0.500000
vt 0.625000 0.498397
vt 0.625000 0.497961
vt 0.625000 0.497606
vt 0.625000 0.500000
vt 0.625000 0.500716
vt 0.625000 0.499883
vt 0.625000 0.499186
vt 0.621147 0.497487
vt 0.621261 0.498532
vt 0.622216 0.496207
vt 0.622294 0.497516
vt 0.622406 0.498651
vt 0.623299 0.496093
vt 0.623349 0.497575
vt 0.623433 0.498863
vt 0.618735 0.250000
vt 0.625000 0.250000
vt 0.620671 0.250000
vt 0.622417 0.250000
vt 0.625000 0.250000
vt 0.625000 0.250000
vt 0.618735 0.500000
vt 0.625000 0.500000
vt 0.620671 0.500000
vt 0.622417 0.500000
vt 0.625000 0.500000
vt 0.625000 0.500000
vt 0.376562 0.499480
vt 0.375000 0.500000
vt 0.370833 0.500000
vt 0.375000 0.500000
vt 0.380208 0.500000
vt 0.374861 0.499579
vt 0.373283 0.499707
vt 0.377741 0.499582
vt 0.376124 0.499653
vt 0.374733 0.499749
vt 0.378771 0.499712
vt 0.377232 0.499759
vt 0.375991 0.499824
vt 0.375000 0.500000
vt 0.373397 0.500000
vt 0.375427 0.500289
vt 0.375000 0.500000
vt 0.371157 0.499954
vt 0.370833 0.500000
vt 0.373462 0.499936
vt 0.375344 0.499981
vt 0.375000 0.500000
vt 0.371995 0.499846
vt 0.370833 0.500000
vt 0.373824 0.499853
vt 0.375000 0.500000
vt 0.375353 0.499900
vt 0.375000 0.500000
vt 0.375000 0.500000
vt 0.375000 0.500000
vt 0.375000 0.500000
vt 0.375000 0.500000
vt 0.375000 0.500000
vt 0.375000 0.500000
vt 0.375000 0.500000
vt 0.380208 0.500000
vt 0.380208 0.500000
vt 0.378606 0.500000
vt 0.378586 0.500000
vt 0.378559 0.500000
vt 0.377157 0.500000
vt 0.377136 0.500000
vt 0.377109 0.500000
vt 0.139063 0.495312
vt 0.135417 0.494792
vt 0.125000 0.500000
vt 0.125000 0.500000
vt 0.129167 0.500000
vt 0.137884 0.495209
vt 0.136854 0.495080
vt 0.135957 0.496815
vt 0.134617 0.496761
vt 0.133441 0.496682
vt 0.133187 0.498136
vt 0.131669 0.498115
vt 0.130336 0.498067
vt 0.132212 0.496394
vt 0.129314 0.497843
vt 0.135417 0.494792
vt 0.132154 0.496423
vt 0.129261 0.497869
vt 0.135417 0.494792
vt 0.132118 0.496441
vt 0.129218 0.497891
vt 0.125000 0.500000
vt 0.125000 0.500000
vt 0.122445 0.500000
vt 0.125556 0.499722
vt 0.125000 0.500000
vt 0.125845 0.499577
vt 0.125868 0.499566
vt 0.123646 0.500000
vt 0.127015 0.498993
vt 0.125000 0.500000
vt 0.127142 0.498929
vt 0.124627 0.500000
vt 0.127135 0.498933
vt 0.129167 0.500000
vt 0.129167 0.500000
vt 0.125000 0.500000
vt 0.126603 0.500000
vt 0.127039 0.500000
vt 0.127394 0.500000
vt 0.125000 0.500000
vt 0.124284 0.500000
vt 0.125117 0.500000
vt 0.125814 0.500000
vt 0.125000 0.500000
vt 0.375000 0.250000
vt 0.125000 0.500000
vt 0.125000 0.500000
vt 0.125000 0.500000
vt 0.375000 0.250000
vt 0.375000 0.250000
vt 0.375000 0.500000
vt 0.375000 0.500000
vt 0.375000 0.500000
vt 0.375000 0.500000
vt 0.375000 0.500000
vt 0.375000 0.500000
vt 0.625000 0.500000
vt 0.618735 0.500000
vt 0.625000 0.500000
vt 0.625000 0.500000
vt 0.622417 0.500000
vt 0.620671 0.500000
vt 0.625000 0.250000
vt 0.618735 0.250000
vt 0.618735 0.250000
vt 0.625000 0.250000
vt 0.625000 0.250000
vt 0.625000 0.250000
vt 0.625000 0.250000
vt 0.625000 0.250000
vt 0.625000 0.250000
vt 0.625000 0.250000
vt 0.625000 0.250000
vt 0.618735 0.250000
vt 0.618735 0.250000
vt 0.620671 0.250000
vt 0.620723 0.250000
vt 0.620658 0.250000
vt 0.622417 0.250000
vt 0.622335 0.250000
vt 0.622050 0.250000
vt 0.620671 0.250000
vt 0.622417 0.250000
vt 0.618735 0.250000
vt 0.620734 0.250000
vt 0.622332 0.250000
vt 0.618735 0.250000
vt 0.620663 0.250000
vt 0.622050 0.250000
vt 0.375000 0.250000
vt 0.375000 0.250000
vt 0.375000 0.250000
vt 0.375000 0.250000
vt 0.375000 0.250000
vt 0.375000 0.250000
vt 0.625000 0.500000
vt 0.618735 0.500000
vt 0.618735 0.500000
vt 0.625000 0.500000
vt 0.625000 0.500000
vt 0.625000 0.500000
vt 0.625000 0.500000
vt 0.625000 0.500000
vt 0.625000 0.500000
vt 0.625000 0.500000
vt 0.625000 0.500000
vt 0.618735 0.500000
vt 0.618735 0.500000
vt 0.620671 0.500000
vt 0.620723 0.500000
vt 0.620658 0.500000
vt 0.622417 0.500000
vt 0.622335 0.500000
vt 0.622050 0.500000
vt 0.620671 0.500000
vt 0.622417 0.500000
vt 0.618735 0.500000
vt 0.620734 0.500000
vt 0.622332 0.500000
vt 0.618735 0.500000
vt 0.620663 0.500000
vt 0.622050 0.500000
vt 0.375000 0.500000
vt 0.375000 0.500000
vt 0.375000 0.500000
vt 0.375000 0.500000
vt 0.375000 0.500000
vt 0.375000 0.500000
vt 0.375000 0.500000
vt 0.375000 0.500000
vt 0.375000 0.500000
vt 0.375000 0.500000
vt 0.375000 0.500000
vt 0.375000 0.500000
vt 0.125000 0.500000
vt 0.375000 0.250000
vt 0.125000 0.500000
vt 0.125000 0.500000
vt 0.375000 0.250000
vt 0.125000 0.500000
vt 0.375000 0.250000
vt 0.125000 0.500000
vt 0.375000 0.250000
vt 0.375000 0.250000
vt 0.125000 0.500000
vt 0.125000 0.500000
vt 0.125000 0.500000
vt 0.125000 0.500000
vt 0.125000 0.500000
vt 0.125000 0.500000
vt 0.125000 0.500000
vt 0.125000 0.500000
vt 0.375000 0.250000
vt 0.375000 0.250000
vt 0.375000 0.250000
vt 0.375000 0.250000
vt 0.375000 0.250000
vt 0.125000 0.500000
vt 0.375000 0.250000
vt 0.125000 0.500000
vt 0.375000 0.250000
vt 0.375000 0.250000
vt 0.125000 0.500000
vt 0.375000 0.250000
vt 0.375000 0.250000
vt 0.125000 0.500000
vt 0.375000 0.250000
vt 0.375000 0.250000
vt 0.375000 0.250000
vt 0.125000 0.500000
vt 0.375000 0.250000
vt 0.375000 0.250000
vt 0.375000 0.250000
vt 0.125000 0.500000
vt 0.375000 0.500000
vt 0.375000 0.500000
vt 0.375000 0.500000
vt 0.375000 0.500000
vt 0.375000 0.500000
vt 0.375000 0.500000
vt 0.375000 0.500000
vt 0.375000 0.500000
vt 0.375000 0.500000
vt 0.375000 0.500000
vt 0.375000 0.500000
vt 0.375000 0.500000
vt 0.375000 0.500000
vt 0.375000 0.500000
vt 0.375000 0.500000
vt 0.375000 0.500000
vt 0.375000 0.500000
vt 0.375000 0.500000
vt 0.375000 0.500000
vt 0.375000 0.500000
vt 0.375000 0.500000
vt 0.375000 0.500000
vt 0.375000 0.500000
vt 0.375000 0.500000
vt 0.375000 0.500000
vt 0.375000 0.500000
vt 0.375000 0.500000
vt 0.870833 0.500000
vt 0.875000 0.501389
vt 0.870833 0.501389
vt 0.872121 0.500000
vt 0.873282 0.500000
vt 0.870833 0.500000
vt 0.872163 0.500000
vt 0.873226 0.500000
vt 0.870833 0.500000
vt 0.872115 0.500000
vt 0.873038 0.500000
vt 0.875000 0.501389
vt 0.875000 0.501389
vt 0.875000 0.500960
vt 0.875000 0.500948
vt 0.875000 0.500963
vt 0.875000 0.500573
vt 0.875000 0.500591
vt 0.875000 0.500654
vt 0.870833 0.500960
vt 0.870833 0.500573
vt 0.872121 0.501389
vt 0.872155 0.500946
vt 0.872112 0.500591
vt 0.873282 0.501389
vt 0.873228 0.500961
vt 0.873038 0.500654
vt 0.625000 0.500000
vt 0.625000 0.500000
vt 0.629167 0.500000
vt 0.629167 0.501389
vt 0.621519 0.501389
vt 0.620528 0.500000
vt 0.625000 0.500000
vt 0.625000 0.500000
vt 0.625000 0.500000
vt 0.625000 0.500000
vt 0.625000 0.500000
vt 0.625000 0.500000
vt 0.625000 0.500000
vt 0.625000 0.500000
vt 0.625000 0.500000
vt 0.625000 0.500000
vt 0.625000 0.500000
vt 0.625000 0.500000
vt 0.625000 0.500000
vt 0.625000 0.500000
vt 0.625000 0.500000
vt 0.625000 0.500000
vt 0.629167 0.500000
vt 0.629167 0.500000
vt 0.627885 0.500000
vt 0.627755 0.500000
vt 0.627637 0.500000
vt 0.626725 0.500000
vt 0.626474 0.500000
vt 0.626133 0.500000
vt 0.627885 0.501389
vt 0.626725 0.501389
vt 0.629167 0.500962
vt 0.627748 0.500918
vt 0.626470 0.500879
vt 0.629167 0.500575
vt 0.627637 0.500491
vt 0.626133 0.500378
vt 0.621519 0.500962
vt 0.621519 0.500575
vt 0.622590 0.501389
vt 0.622698 0.500916
vt 0.622796 0.500490
vt 0.623558 0.501389
vt 0.623768 0.500879
vt 0.624053 0.500378
vt 0.621843 0.500000
vt 0.623070 0.500000
vt 0.620720 0.500000
vt 0.622108 0.500000
vt 0.623397 0.500000
vt 0.620962 0.500000
vt 0.622396 0.500000
vt 0.623830 0.500000
vt 0.875000 0.748611
vt 0.870833 0.750000
vt 0.870833 0.748611
vt 0.875000 0.749040
vt 0.875000 0.749427
vt 0.875000 0.748611
vt 0.875000 0.749054
vt 0.875000 0.749409
vt 0.875000 0.748611
vt 0.875000 0.749038
vt 0.875000 0.749346
vt 0.870833 0.750000
vt 0.870833 0.750000
vt 0.872121 0.750000
vt 0.872155 0.750000
vt 0.872112 0.750000
vt 0.873282 0.750000
vt 0.873228 0.750000
vt 0.873038 0.750000
vt 0.872121 0.748611
vt 0.873282 0.748611
vt 0.870833 0.749040
vt 0.872163 0.749052
vt 0.873226 0.749037
vt 0.870833 0.749427
vt 0.872115 0.749409
vt 0.873038 0.749346
vt 0.629167 0.748611
vt 0.629167 0.750000
vt 0.630001 0.750000
vt 0.625000 0.750000
vt 0.623122 0.750000
vt 0.621518 0.748611
vt 0.629167 0.749039
vt 0.629167 0.749425
vt 0.627885 0.748611
vt 0.627869 0.749069
vt 0.627847 0.749479
vt 0.626725 0.748611
vt 0.626709 0.749117
vt 0.626687 0.749569
vt 0.627885 0.750000
vt 0.626726 0.750000
vt 0.629167 0.750000
vt 0.627862 0.750000
vt 0.626705 0.750000
vt 0.629167 0.750000
vt 0.627847 0.750000
vt 0.626687 0.750000
vt 0.626841 0.750000
vt 0.625000 0.750000
vt 0.624241 0.750000
vt 0.625000 0.750000
vt 0.624402 0.750852
vt 0.625222 0.750000
vt 0.625000 0.750000
vt 0.625338 0.750000
vt 0.625347 0.750000
vt 0.625091 0.750451
vt 0.625806 0.750000
vt 0.625000 0.750000
vt 0.625857 0.750000
vt 0.625680 0.750124
vt 0.625854 0.750000
vt 0.622590 0.748611
vt 0.623558 0.748611
vt 0.622410 0.750000
vt 0.621890 0.749466
vt 0.623116 0.749320
vt 0.624038 0.749202
vt 0.622702 0.750000
vt 0.622865 0.750239
vt 0.623887 0.749961
vt 0.624689 0.749729
vt 0.750000 0.501389
vt 0.752946 0.501389
vt 0.752946 0.500000
vt 0.750000 0.500000
vt 0.745833 0.500000
vt 0.750000 0.501389
vt 0.750000 0.501389
vt 0.750000 0.500962
vt 0.750000 0.500956
vt 0.750000 0.500949
vt 0.750000 0.500575
vt 0.750000 0.500570
vt 0.750000 0.500562
vt 0.752946 0.500962
vt 0.752946 0.500575
vt 0.751936 0.501389
vt 0.751834 0.500954
vt 0.751763 0.500568
vt 0.750818 0.501389
vt 0.750713 0.500949
vt 0.750595 0.500562
vt 0.748726 0.500000
vt 0.751517 0.500000
vt 0.747560 0.500000
vt 0.749937 0.500000
vt 0.752946 0.500074
vt 0.750906 0.500000
vt 0.751575 0.500113
vt 0.750183 0.500116
vt 0.752946 0.500269
vt 0.751726 0.500000
vt 0.751673 0.500286
vt 0.750416 0.500285
vt 0.747115 0.500000
vt 0.748275 0.500000
vt 0.746053 0.500000
vt 0.747454 0.500000
vt 0.748599 0.500000
vt 0.748364 0.500000
vt 0.746638 0.500000
vt 0.748849 0.500116
vt 0.747951 0.500000
vt 0.749231 0.500285
vt 0.749051 0.500000
vt 0.257812 0.497396
vt 0.250000 0.500000
vt 0.255398 0.498201
vt 0.253220 0.498927
vt 0.250000 0.500000
vt 0.250000 0.500000
vt 0.375000 0.875000
vt 0.250000 0.750000
vt 0.375000 0.875000
vt 0.250000 0.750000
vt 0.375000 0.875000
vt 0.250000 0.750000
vt 0.250000 0.750000
vt 0.752946 0.748611
vt 0.750000 0.748611
vt 0.750000 0.750000
vt 0.745833 0.750000
vt 0.750000 0.750000
vt 0.751936 0.748611
vt 0.750818 0.748611
vt 0.752946 0.749038
vt 0.751837 0.749044
vt 0.750716 0.749051
vt 0.752946 0.749425
vt 0.751763 0.749430
vt 0.750595 0.749438
vt 0.750000 0.749038
vt 0.750000 0.749425
vt 0.750000 0.748611
vt 0.750000 0.749046
vt 0.750000 0.749432
vt 0.750000 0.748611
vt 0.750000 0.749051
vt 0.750000 0.749438
vt 0.746053 0.750000
vt 0.750000 0.750000
vt 0.750000 0.750000
vt 0.746638 0.750000
vt 0.750000 0.749926
vt 0.747115 0.750000
vt 0.750000 0.749887
vt 0.750000 0.749884
vt 0.747940 0.750000
vt 0.750000 0.749731
vt 0.748275 0.750000
vt 0.750000 0.749714
vt 0.749051 0.750000
vt 0.750000 0.749715
vt 0.750906 0.750000
vt 0.751726 0.750000
vt 0.748726 0.750000
vt 0.749769 0.750000
vt 0.750682 0.750000
vt 0.747560 0.750000
vt 0.748730 0.750000
vt 0.749745 0.750000
vt 0.745833 0.500000
vt 0.745833 0.500000
vt 0.743355 0.497522
vt 0.754167 0.500000
vt 0.754167 0.501389
vt 0.750000 0.501389
vt 0.745833 0.500000
vt 0.745833 0.500000
vt 0.747115 0.500000
vt 0.747200 0.500000
vt 0.747351 0.500000
vt 0.748274 0.500000
vt 0.748432 0.500000
vt 0.748706 0.500000
vt 0.750000 0.500091
vt 0.748397 0.500000
vt 0.750716 0.500000
vt 0.745833 0.500000
vt 0.744190 0.498357
vt 0.747975 0.500000
vt 0.749891 0.500000
vt 0.745833 0.500000
vt 0.744899 0.499065
vt 0.747606 0.500000
vt 0.749186 0.500000
vt 0.750000 0.499876
vt 0.752885 0.501389
vt 0.751725 0.501389
vt 0.753722 0.500000
vt 0.753722 0.500534
vt 0.752254 0.500680
vt 0.751151 0.500798
vt 0.752555 0.500000
vt 0.752555 0.499761
vt 0.751332 0.500039
vt 0.750373 0.500000
vt 0.750373 0.500271
vt 0.750000 0.500271
vt 0.750000 0.500962
vt 0.750000 0.500575
vt 0.750000 0.501389
vt 0.750000 0.500931
vt 0.750000 0.500521
vt 0.750000 0.501389
vt 0.750000 0.500883
vt 0.750000 0.500431
vt 0.750000 0.748611
vt 0.754167 0.750000
vt 0.750000 0.748611
vt 0.754167 0.748611
vt 0.745833 0.750000
vt 0.740508 0.755326
vt 0.745833 0.750000
vt 0.750000 0.748611
vt 0.750000 0.748611
vt 0.750000 0.749038
vt 0.750000 0.749067
vt 0.750000 0.749117
vt 0.750000 0.749425
vt 0.750000 0.749478
vt 0.750000 0.749569
vt 0.749726 0.750000
vt 0.753722 0.750000
vt 0.750000 0.749466
vt 0.752555 0.750000
vt 0.750000 0.750239
vt 0.750000 0.748611
vt 0.752885 0.748611
vt 0.750000 0.749325
vt 0.750000 0.749964
vt 0.750000 0.748611
vt 0.751726 0.748611
vt 0.750000 0.749202
vt 0.750000 0.749729
vt 0.750373 0.750000
vt 0.742250 0.753583
vt 0.743760 0.752073
vt 0.748397 0.750000
vt 0.743280 0.755117
vt 0.745035 0.752926
vt 0.746201 0.751405
vt 0.750716 0.750000
vt 0.750000 0.750852
vt 0.746594 0.754122
vt 0.750000 0.750444
vt 0.747924 0.751959
vt 0.750000 0.750124
vt 0.748730 0.750456
vt 0.749186 0.750000
vt 0.747115 0.750000
vt 0.748274 0.750000
vt 0.745833 0.750000
vt 0.747207 0.750000
vt 0.748436 0.750000
vt 0.745833 0.750000
vt 0.747351 0.750000
vt 0.748706 0.750000
vt 0.625000 0.375000
vt 0.628125 0.378125
vt 0.750000 0.500000
vt 0.625000 0.375000
vt 0.625000 0.375000
vt 0.626288 0.376288
vt 0.750000 0.500000
vt 0.625000 0.375000
vt 0.627159 0.377159
vt 0.750000 0.500000
vt 0.625000 0.875000
vt 0.750000 0.750000
vt 0.631250 0.868750
vt 0.625000 0.875000
vt 0.625000 0.875000
vt 0.750000 0.750000
vt 0.625000 0.875000
vt 0.627576 0.872424
vt 0.750000 0.750000
vt 0.629319 0.870681
vt 0.750000 0.500000
vt 0.750000 0.501389
vt 0.750000 0.500000
vt 0.750000 0.500000
vt 0.750000 0.500573
vt 0.750000 0.500960
vt 0.750000 0.748611
vt 0.750000 0.750000
vt 0.750000 0.749040
vt 0.750000 0.749427
vt 0.750000 0.750000
vt 0.750000 0.750000
vt 0.875000 0.750000
vt 0.875000 0.750000
vt 0.875000 0.750000
vt 0.875000 0.750000
vt 0.875000 0.750000
vt 0.875000 0.750000
vt 0.625000 0.000000
vt 0.875000 0.750000
vt 0.625000 0.000000
vt 0.625000 0.000000
vt 0.625000 0.000000
vt 0.875000 0.750000
vt 0.875000 0.750000
vt 0.875000 0.500000
vt 0.875000 0.500000
vt 0.875000 0.500000
vt 0.875000 0.500000
vt 0.875000 0.500000
vt 0.875000 0.500000
vt 0.625000 1.000000
vt 0.875000 0.750000
vt 0.625000 0.000000
vt 0.625000 1.000000
vt 0.625000 1.000000
vt 0.625000 1.000000
vt 0.625000 1.000000
vt 0.625000 1.000000
vt 0.625000 1.000000
vt 0.625000 1.000000
vt 0.625000 1.000000
vt 0.875000 0.750000
vt 0.625000 0.000000
vt 0.875000 0.750000
vt 0.875000 0.750000
vt 0.875000 0.750000
vt 0.875000 0.750000
vt 0.625000 0.000000
vt 0.625000 1.000000
vt 0.875000 0.750000
vt 0.625000 1.000000
vt 0.875000 0.750000
vt 0.875000 0.750000
vt 0.625000 0.000000
vt 0.625000 1.000000
vt 0.625000 0.000000
vt 0.625000 1.000000
vt 0.625000 0.000000
vt 0.625000 0.000000
vt 0.625000 0.000000
vt 0.625000 0.000000
vt 0.625000 1.000000
vt 0.625000 0.000000
vt 0.625000 0.000000
vt 0.625000 0.000000
vt 0.625000 1.000000
vt 0.625000 1.000000
vt 0.637500 0.987500
vt 0.875000 0.750000
vt 0.625000 1.000000
vt 0.625000 1.000000
vt 0.625000 1.000000
vt 0.625000 1.000000
vt 0.625000 1.000000
vt 0.625000 1.000000
vt 0.625000 1.000000
vt 0.625000 1.000000
vt 0.637500 0.987500
vt 0.637500 0.987500
vt 0.633637 0.991363
vt 0.633534 0.991466
vt 0.633663 0.991337
vt 0.630154 0.994846
vt 0.630317 0.994683
vt 0.630886 0.994114
vt 0.625000 1.000000
vt 0.875000 0.750000
vt 0.625000 1.000000
vt 0.875000 0.750000
vt 0.875000 0.750000
vt 0.875000 0.750000
vt 0.875000 0.750000
vt 0.625000 1.000000
vt 0.875000 0.750000
vt 0.637500 0.987500
vt 0.633654 0.991346
vt 0.875000 0.750000
vt 0.875000 0.750000
vt 0.625000 1.000000
vt 0.638290 0.263290
vt 0.625000 0.250000
vt 0.875000 0.500000
vt 0.636612 0.261612
vt 0.635193 0.260193
vt 0.635965 0.260965
vt 0.634080 0.259079
vt 0.632780 0.257780
vt 0.633965 0.258965
vt 0.632213 0.257213
vt 0.631276 0.256276
vt 0.625000 0.250000
vt 0.625000 0.250000
vt 0.625000 0.250000
vt 0.625000 0.250000
vt 0.625000 0.250000
vt 0.633333 0.258333
vt 0.625000 0.250000
vt 0.630769 0.255769
vt 0.625000 0.250000
vt 0.625000 0.250000
vt 0.628924 0.253924
vt 0.875000 0.500000
vt 0.875000 0.500000
vt 0.631250 0.256250
vt 0.875000 0.500000
vt 0.875000 0.500000
vt 0.875000 0.500000
vt 0.629332 0.254332
vt 0.875000 0.500000
vt 0.625000 0.250000
vt 0.625000 0.250000
vt 0.875000 0.500000
vt 0.625000 0.250000
vt 0.875000 0.500000
vt 0.627943 0.252943
vt 0.875000 0.500000
vt 0.625000 0.250000
vt 0.875000 0.500000
vt 0.625000 0.250000
vt 0.875000 0.500000
vt 0.625000 0.250000
vt 0.625000 0.250000
vt 0.625000 0.250000
vt 0.625000 0.250000
vt 0.875000 0.500000
vt 0.625000 0.250000
vt 0.625000 0.250000
vt 0.625000 0.250000
vt 0.625000 0.250000
vt 0.625000 0.250000
vt 0.625000 0.250000
vt 0.625000 0.250000
vt 0.625000 0.250000
vt 0.625000 0.250000
vt 0.625000 0.250000
vt 0.625000 0.250000
vt 0.625000 0.250000
vt 0.625000 0.250000
vt 0.625000 0.250000
vt 0.625000 0.250000
vt 0.625000 0.250000
vt 0.875000 0.500000
vt 0.875000 0.500000
vt 0.625000 0.250000
vt 0.875000 0.500000
vt 0.875000 0.500000
vt 0.875000 0.500000
vt 0.625000 0.250000
vt 0.625000 0.250000
vt 0.875000 0.500000
vt 0.625000 0.250000
vt 0.875000 0.500000
vt 0.875000 0.500000
vt 0.625000 0.250000
vt 0.625000 0.250000
vt 0.875000 0.500000
vt 0.625000 0.250000
vt 0.875000 0.500000
vt 0.625000 0.250000
vt 0.875000 0.500000
vt 0.875000 0.500000
vt 0.625000 0.250000
vt 0.625000 0.250000
vt 0.625000 0.250000
vt 0.625000 0.250000
vt 0.625000 0.250000
vt 0.625000 0.250000
vt 0.625000 0.000000
vt 0.625000 1.000000
vt 0.625000 0.000000
vt 0.625000 1.000000
vt 0.625000 0.000000
vt 0.625000 1.000000
vt 0.625000 1.000000
vt 0.875000 0.750000
vt 0.637500 0.987500
vt 0.625000 1.000000
vt 0.875000 0.750000
vt 0.633638 0.991362
vt 0.625000 1.000000
vt 0.875000 0.750000
vt 0.630153 0.994847
vt 0.625000 1.000000
vt 0.625000 1.000000
vt 0.500000 0.501389
vt 0.469477 0.500000
vt 0.499792 0.500960
vt 0.499189 0.500573
vt 0.487418 0.500000
vt 0.478909 0.500000
vt 0.375000 0.375000
vt 0.377083 0.377083
vt 0.375000 0.375000
vt 0.375000 0.375000
vt 0.375859 0.375859
vt 0.376440 0.376440
vt 0.497917 0.497917
vt 0.500000 0.500000
vt 0.498560 0.498560
vt 0.499141 0.499141
vt 0.500000 0.500000
vt 0.500000 0.500000
vt 0.375000 0.375000
vt 0.377083 0.377083
vt 0.375000 0.375000
vt 0.375000 0.375000
vt 0.375859 0.375859
vt 0.376440 0.376440
vt 0.500000 0.500000
vt 0.497917 0.497917
vt 0.500000 0.500000
vt 0.500000 0.500000
vt 0.499141 0.499141
vt 0.498560 0.498560
vt 0.375000 0.500000
vt 0.405523 0.500000
vt 0.375150 0.500000
vt 0.375584 0.500000
vt 0.387582 0.500000
vt 0.396091 0.500000
vt 0.376832 0.500000
vt 0.375000 0.500000
vt 0.375000 0.500000
vt 0.376377 0.500000
vt 0.375898 0.500000
vt 0.376468 0.500000
vt 0.376137 0.500000
vt 0.375819 0.500000
vt 0.376015 0.500000
vt 0.375865 0.500000
vt 0.375741 0.500000
vt 0.375000 0.500000
vt 0.375000 0.500000
vt 0.375000 0.500000
vt 0.375000 0.500000
vt 0.375000 0.500000
vt 0.375000 0.500000
vt 0.375000 0.500000
vt 0.375000 0.500000
vt 0.375000 0.500000
vt 0.375000 0.500000
vt 0.375000 0.500000
vt 0.375000 0.500000
vt 0.375000 0.500000
vt 0.375000 0.500000
vt 0.375000 0.500000
vt 0.375000 0.500000
vt 0.619721 0.500000
vt 0.618735 0.500000
vt 0.625000 0.500000
vt 0.619529 0.500000
vt 0.619287 0.500000
vt 0.621413 0.500000
vt 0.621339 0.500000
vt 0.621130 0.500000
vt 0.622901 0.500000
vt 0.622778 0.500000
vt 0.622453 0.500000
vt 0.620671 0.500000
vt 0.622417 0.500000
vt 0.618735 0.500000
vt 0.620734 0.500000
vt 0.622332 0.500000
vt 0.618735 0.500000
vt 0.620663 0.500000
vt 0.622050 0.500000
vt 0.625000 0.500000
vt 0.625000 0.500000
vt 0.625000 0.500000
vt 0.625000 0.500000
vt 0.625000 0.500000
vt 0.625000 0.500000
vt 0.625000 0.500000
vt 0.625000 0.500000
vt 0.854167 0.505556
vt 0.854167 0.506944
vt 0.858333 0.506944
vt 0.854167 0.505555
vt 0.854167 0.505556
vt 0.855454 0.505555
vt 0.855488 0.505555
vt 0.855445 0.505556
vt 0.856615 0.505556
vt 0.856561 0.505555
vt 0.856371 0.505555
vt 0.855454 0.506944
vt 0.856615 0.506944
vt 0.854167 0.506515
vt 0.855496 0.506504
vt 0.856559 0.506518
vt 0.854167 0.506128
vt 0.855449 0.506146
vt 0.856371 0.506209
vt 0.858333 0.506515
vt 0.858333 0.506128
vt 0.858333 0.506944
vt 0.858333 0.506501
vt 0.858333 0.506147
vt 0.858333 0.506944
vt 0.858333 0.506517
vt 0.858333 0.506209
vt 0.812500 0.750000
vt 0.812500 0.748611
vt 0.812500 0.750000
vt 0.812500 0.750000
vt 0.812500 0.749427
vt 0.812500 0.749040
vt 0.854167 0.744444
vt 0.858333 0.743056
vt 0.854167 0.743056
vt 0.855455 0.744445
vt 0.856616 0.744444
vt 0.854167 0.744444
vt 0.855496 0.744444
vt 0.856559 0.744444
vt 0.854167 0.744444
vt 0.855449 0.744444
vt 0.856371 0.744444
vt 0.858333 0.743056
vt 0.858333 0.743055
vt 0.858333 0.743485
vt 0.858333 0.743496
vt 0.858333 0.743482
vt 0.858333 0.743872
vt 0.858333 0.743854
vt 0.858333 0.743791
vt 0.854167 0.743485
vt 0.854167 0.743872
vt 0.855454 0.743056
vt 0.855489 0.743499
vt 0.855446 0.743853
vt 0.856615 0.743056
vt 0.856561 0.743483
vt 0.856371 0.743791
vt 0.812500 0.500000
vt 0.812500 0.501389
vt 0.812500 0.500000
vt 0.812500 0.500000
vt 0.812500 0.500573
vt 0.812500 0.500960
vt 0.870833 0.748611
vt 0.870833 0.750000
vt 0.875000 0.748611
vt 0.870833 0.749038
vt 0.870833 0.749425
vt 0.872115 0.748611
vt 0.872090 0.749032
vt 0.872074 0.749398
vt 0.873274 0.748611
vt 0.873189 0.749025
vt 0.873058 0.749353
vt 0.872115 0.750000
vt 0.873274 0.750000
vt 0.870833 0.750000
vt 0.872098 0.750000
vt 0.873193 0.750000
vt 0.870833 0.750000
vt 0.872074 0.750000
vt 0.873058 0.750000
vt 0.875000 0.748611
vt 0.875000 0.748611
vt 0.875000 0.749038
vt 0.875000 0.749030
vt 0.875000 0.749025
vt 0.875000 0.749425
vt 0.875000 0.749396
vt 0.875000 0.749353
vt 0.875000 0.501389
vt 0.870833 0.500000
vt 0.870833 0.501389
vt 0.875000 0.500960
vt 0.875000 0.500573
vt 0.875000 0.501389
vt 0.875000 0.500946
vt 0.875000 0.500591
vt 0.875000 0.501389
vt 0.875000 0.500962
vt 0.875000 0.500654
vt 0.870833 0.500000
vt 0.870833 0.500000
vt 0.872121 0.500000
vt 0.872155 0.500000
vt 0.872112 0.500000
vt 0.873282 0.500000
vt 0.873228 0.500000
vt 0.873038 0.500000
vt 0.872121 0.501389
vt 0.873282 0.501389
vt 0.870833 0.500960
vt 0.872163 0.500948
vt 0.873226 0.500963
vt 0.870833 0.500573
vt 0.872115 0.500591
vt 0.873038 0.500654
vt 0.816667 0.748611
vt 0.809554 0.748611
vt 0.809554 0.750000
vt 0.807039 0.750000
vt 0.816667 0.750000
vt 0.815237 0.748611
vt 0.813657 0.748611
vt 0.816667 0.749037
vt 0.815108 0.749043
vt 0.813532 0.749050
vt 0.816667 0.749424
vt 0.815036 0.749429
vt 0.813420 0.749437
vt 0.809554 0.749039
vt 0.809554 0.749426
vt 0.810564 0.748611
vt 0.810675 0.749047
vt 0.810773 0.749433
vt 0.811682 0.748611
vt 0.811804 0.749052
vt 0.811971 0.749438
vt 0.808939 0.750000
vt 0.811343 0.750000
vt 0.813161 0.750000
vt 0.811051 0.750000
vt 0.809554 0.749926
vt 0.807811 0.750000
vt 0.811141 0.749888
vt 0.812686 0.749885
vt 0.811390 0.750000
vt 0.809554 0.749732
vt 0.808511 0.750000
vt 0.810933 0.749715
vt 0.811674 0.750000
vt 0.812266 0.749716
vt 0.816667 0.750000
vt 0.816667 0.750000
vt 0.815119 0.750000
vt 0.814992 0.750000
vt 0.815002 0.750000
vt 0.813181 0.750000
vt 0.813216 0.750000
vt 0.813315 0.750000
vt 0.809554 0.501389
vt 0.816667 0.501389
vt 0.816667 0.500000
vt 0.807039 0.500000
vt 0.810564 0.501389
vt 0.811682 0.501389
vt 0.809554 0.500961
vt 0.810671 0.500956
vt 0.811802 0.500948
vt 0.809554 0.500574
vt 0.810773 0.500569
vt 0.811971 0.500562
vt 0.816667 0.500963
vt 0.816667 0.500576
vt 0.815237 0.501389
vt 0.815103 0.500955
vt 0.815035 0.500569
vt 0.813657 0.501389
vt 0.813528 0.500950
vt 0.813420 0.500564
vt 0.815119 0.500000
vt 0.813181 0.500000
vt 0.816667 0.500000
vt 0.815008 0.500113
vt 0.813226 0.500116
vt 0.813226 0.500000
vt 0.816667 0.500269
vt 0.816667 0.500000
vt 0.815002 0.500286
vt 0.813315 0.500000
vt 0.813315 0.500285
vt 0.807811 0.500000
vt 0.808511 0.500000
vt 0.808939 0.500000
vt 0.809580 0.500000
vt 0.810075 0.500000
vt 0.811051 0.500000
vt 0.811395 0.500000
vt 0.811674 0.500000
vt 0.866667 0.745833
vt 0.862500 0.747222
vt 0.862500 0.747222
vt 0.862500 0.748611
vt 0.870833 0.745833
vt 0.866667 0.746261
vt 0.866667 0.746647
vt 0.866667 0.745833
vt 0.866667 0.746291
vt 0.866667 0.746701
vt 0.866667 0.745833
vt 0.866667 0.746339
vt 0.866667 0.746791
vt 0.862500 0.747222
vt 0.862500 0.747222
vt 0.863782 0.747222
vt 0.863867 0.747222
vt 0.864018 0.747222
vt 0.864941 0.747222
vt 0.865099 0.747222
vt 0.865373 0.747222
vt 0.865064 0.748463
vt 0.865064 0.747222
vt 0.867382 0.747222
vt 0.867382 0.748074
vt 0.862500 0.747222
vt 0.862500 0.748184
vt 0.864642 0.747222
vt 0.866558 0.747222
vt 0.866558 0.747674
vt 0.862500 0.747222
vt 0.862500 0.747797
vt 0.864272 0.747222
vt 0.865853 0.747346
vt 0.865853 0.747222
vt 0.869552 0.745833
vt 0.868392 0.745833
vt 0.870389 0.746688
vt 0.868921 0.746542
vt 0.867818 0.746424
vt 0.869222 0.747461
vt 0.867999 0.747183
vt 0.867039 0.746951
vt 0.866667 0.504167
vt 0.866667 0.504167
vt 0.870833 0.504167
vt 0.862500 0.501389
vt 0.862500 0.502778
vt 0.866667 0.504167
vt 0.866667 0.504167
vt 0.866667 0.503739
vt 0.866667 0.503711
vt 0.866667 0.503661
vt 0.866667 0.503353
vt 0.866667 0.503300
vt 0.866667 0.503209
vt 0.870389 0.503312
vt 0.866667 0.503312
vt 0.866667 0.502539
vt 0.869222 0.502539
vt 0.866667 0.504167
vt 0.869551 0.504167
vt 0.866667 0.503453
vt 0.866667 0.502814
vt 0.868021 0.502814
vt 0.866667 0.504167
vt 0.868392 0.504167
vt 0.866667 0.503576
vt 0.867039 0.503049
vt 0.866667 0.503049
vt 0.862500 0.501816
vt 0.862500 0.502203
vt 0.865064 0.501537
vt 0.864627 0.502026
vt 0.864272 0.502394
vt 0.867382 0.501926
vt 0.866550 0.502334
vt 0.865853 0.502653
vt 0.863782 0.502778
vt 0.864941 0.502778
vt 0.862500 0.502778
vt 0.863874 0.502778
vt 0.865103 0.502778
vt 0.862500 0.502778
vt 0.864018 0.502778
vt 0.865373 0.502778
vt 0.825000 0.747222
vt 0.820833 0.745833
vt 0.820833 0.745833
vt 0.816667 0.745833
vt 0.825000 0.748611
vt 0.823718 0.747222
vt 0.822559 0.747222
vt 0.825000 0.747222
vt 0.823626 0.747222
vt 0.822397 0.747222
vt 0.825000 0.747222
vt 0.823482 0.747222
vt 0.822127 0.747222
vt 0.820833 0.745833
vt 0.820833 0.745833
vt 0.820833 0.746261
vt 0.820833 0.746289
vt 0.820833 0.746339
vt 0.820833 0.746647
vt 0.820833 0.746700
vt 0.820833 0.746791
vt 0.817111 0.746688
vt 0.820833 0.746688
vt 0.820833 0.747461
vt 0.818278 0.747461
vt 0.820833 0.745833
vt 0.817948 0.745833
vt 0.820833 0.746547
vt 0.820833 0.747186
vt 0.819479 0.747186
vt 0.820833 0.745833
vt 0.819108 0.745833
vt 0.820833 0.746424
vt 0.820461 0.746951
vt 0.820833 0.746951
vt 0.825000 0.748184
vt 0.825000 0.747797
vt 0.822436 0.748463
vt 0.822873 0.747974
vt 0.823228 0.747606
vt 0.820118 0.748074
vt 0.820950 0.747666
vt 0.821647 0.747346
vt 0.825000 0.502778
vt 0.825000 0.502778
vt 0.825000 0.501389
vt 0.816667 0.504167
vt 0.820833 0.504167
vt 0.825000 0.502778
vt 0.825000 0.502778
vt 0.823718 0.502778
vt 0.823633 0.502778
vt 0.823482 0.502778
vt 0.822559 0.502778
vt 0.822401 0.502778
vt 0.822127 0.502778
vt 0.822436 0.501537
vt 0.822436 0.502778
vt 0.820118 0.502778
vt 0.820118 0.501926
vt 0.825000 0.502778
vt 0.825000 0.501816
vt 0.822858 0.502778
vt 0.820942 0.502778
vt 0.820942 0.502326
vt 0.825000 0.502778
vt 0.825000 0.502203
vt 0.823228 0.502778
vt 0.821647 0.502653
vt 0.821647 0.502778
vt 0.817949 0.504167
vt 0.819108 0.504167
vt 0.817111 0.503312
vt 0.818579 0.503457
vt 0.819682 0.503576
vt 0.818278 0.502539
vt 0.819501 0.502817
vt 0.820461 0.503049
vt 0.820833 0.503739
vt 0.820833 0.503353
vt 0.820833 0.504167
vt 0.820833 0.503709
vt 0.820833 0.503299
vt 0.820833 0.504167
vt 0.820833 0.503661
vt 0.820833 0.503209
vt 0.866667 0.745833
vt 0.862500 0.747222
vt 0.866667 0.746263
vt 0.866667 0.746650
vt 0.864949 0.747222
vt 0.863788 0.747222
vt 0.862500 0.502778
vt 0.866667 0.504167
vt 0.863788 0.502778
vt 0.864949 0.502778
vt 0.866667 0.503350
vt 0.866667 0.503737
vt 0.825000 0.747222
vt 0.820833 0.745833
vt 0.823712 0.747222
vt 0.822551 0.747222
vt 0.820833 0.746650
vt 0.820833 0.746262
vt 0.820833 0.504167
vt 0.825000 0.502778
vt 0.820833 0.503737
vt 0.820833 0.503350
vt 0.822551 0.502778
vt 0.823712 0.502778
vt 0.858333 0.743056
vt 0.854167 0.744444
vt 0.858333 0.743485
vt 0.858333 0.743872
vt 0.856616 0.744444
vt 0.855454 0.744444
vt 0.858333 0.506944
vt 0.854167 0.505555
vt 0.858333 0.506515
vt 0.858333 0.506128
vt 0.856616 0.505555
vt 0.855454 0.505555
vt 0.833333 0.744444
vt 0.829167 0.743056
vt 0.832046 0.744445
vt 0.830884 0.744444
vt 0.829167 0.743872
vt 0.829167 0.743485
vt 0.829167 0.506944
vt 0.833333 0.505556
vt 0.829167 0.506515
vt 0.829167 0.506128
vt 0.830884 0.505556
vt 0.832046 0.505556
vt 0.866667 0.745833
vt 0.862500 0.745833
vt 0.862500 0.747222
vt 0.866667 0.745833
vt 0.866667 0.745833
vt 0.866667 0.746263
vt 0.866667 0.746274
vt 0.866667 0.746260
vt 0.866667 0.746650
vt 0.866667 0.746632
vt 0.866667 0.746568
vt 0.862500 0.746263
vt 0.862500 0.746650
vt 0.863788 0.745833
vt 0.863822 0.746276
vt 0.863779 0.746631
vt 0.864949 0.745833
vt 0.864894 0.746261
vt 0.864705 0.746568
vt 0.863788 0.747222
vt 0.864949 0.747222
vt 0.862500 0.747222
vt 0.863829 0.747222
vt 0.864892 0.747222
vt 0.862500 0.747222
vt 0.863782 0.747222
vt 0.864705 0.747222
vt 0.866667 0.504167
vt 0.862500 0.502778
vt 0.862500 0.504167
vt 0.866667 0.503737
vt 0.866667 0.503350
vt 0.866666 0.504167
vt 0.866667 0.503724
vt 0.866667 0.503369
vt 0.866667 0.504167
vt 0.866667 0.503739
vt 0.866667 0.503432
vt 0.862500 0.502778
vt 0.862500 0.502778
vt 0.863788 0.502778
vt 0.863822 0.502778
vt 0.863779 0.502778
vt 0.864949 0.502778
vt 0.864894 0.502778
vt 0.864705 0.502778
vt 0.863788 0.504167
vt 0.864949 0.504167
vt 0.862500 0.503737
vt 0.863829 0.503726
vt 0.864892 0.503740
vt 0.862500 0.503350
vt 0.863782 0.503368
vt 0.864705 0.503432
vt 0.820833 0.745833
vt 0.825000 0.747222
vt 0.825000 0.745833
vt 0.820833 0.746263
vt 0.820833 0.746650
vt 0.820833 0.745833
vt 0.820833 0.746276
vt 0.820833 0.746631
vt 0.820833 0.745833
vt 0.820833 0.746261
vt 0.820833 0.746568
vt 0.825000 0.747222
vt 0.825000 0.747222
vt 0.823712 0.747222
vt 0.823678 0.747222
vt 0.823721 0.747222
vt 0.822551 0.747222
vt 0.822606 0.747222
vt 0.822795 0.747222
vt 0.823712 0.745833
vt 0.822551 0.745833
vt 0.825000 0.746263
vt 0.823671 0.746274
vt 0.822608 0.746260
vt 0.825000 0.746650
vt 0.823718 0.746632
vt 0.822795 0.746568
vt 0.825000 0.502778
vt 0.820833 0.504167
vt 0.825000 0.504167
vt 0.823712 0.502778
vt 0.822551 0.502778
vt 0.825000 0.502778
vt 0.823671 0.502778
vt 0.822608 0.502778
vt 0.825000 0.502778
vt 0.823718 0.502778
vt 0.822795 0.502778
vt 0.820833 0.504167
vt 0.820833 0.504167
vt 0.820833 0.503737
vt 0.820833 0.503726
vt 0.820833 0.503740
vt 0.820833 0.503350
vt 0.820833 0.503368
vt 0.820833 0.503432
vt 0.825000 0.503737
vt 0.825000 0.503350
vt 0.823712 0.504167
vt 0.823678 0.503724
vt 0.823721 0.503369
vt 0.822551 0.504167
vt 0.822606 0.503739
vt 0.822795 0.503432
vt 0.854167 0.744444
vt 0.854167 0.744444
vt 0.854167 0.745833
vt 0.862500 0.743056
vt 0.858333 0.743056
vt 0.854167 0.744444
vt 0.854167 0.744444
vt 0.855449 0.744444
vt 0.855533 0.744444
vt 0.855685 0.744444
vt 0.856608 0.744444
vt 0.856766 0.744444
vt 0.857039 0.744444
vt 0.856730 0.745685
vt 0.856730 0.744444
vt 0.859049 0.745296
vt 0.859049 0.744444
vt 0.854167 0.744444
vt 0.854167 0.745406
vt 0.856309 0.744444
vt 0.858224 0.744444
vt 0.854167 0.744444
vt 0.854167 0.745020
vt 0.855939 0.744444
vt 0.857519 0.744444
vt 0.861218 0.743056
vt 0.860059 0.743056
vt 0.862055 0.743910
vt 0.860588 0.743765
vt 0.859485 0.743646
vt 0.860888 0.744444
vt 0.860888 0.744683
vt 0.859665 0.744405
vt 0.858706 0.744444
vt 0.858706 0.744173
vt 0.858333 0.743483
vt 0.858333 0.743869
vt 0.858333 0.743056
vt 0.858333 0.743514
vt 0.858333 0.743923
vt 0.858333 0.743056
vt 0.858333 0.743562
vt 0.858333 0.744013
vt 0.858333 0.506944
vt 0.858333 0.506944
vt 0.862500 0.506944
vt 0.854167 0.504167
vt 0.854167 0.505555
vt 0.858333 0.506944
vt 0.858333 0.506944
vt 0.858333 0.506517
vt 0.858333 0.506489
vt 0.858333 0.506438
vt 0.858333 0.506131
vt 0.858333 0.506078
vt 0.858333 0.505987
vt 0.862055 0.506090
vt 0.858333 0.506090
vt 0.860888 0.505317
vt 0.858333 0.505317
vt 0.858333 0.506944
vt 0.861218 0.506944
vt 0.858333 0.506230
vt 0.858333 0.505592
vt 0.858333 0.506944
vt 0.860059 0.506944
vt 0.858333 0.506353
vt 0.858333 0.505827
vt 0.854167 0.504594
vt 0.854167 0.504980
vt 0.856730 0.504315
vt 0.856294 0.504804
vt 0.855939 0.505172
vt 0.858333 0.504704
vt 0.859049 0.504704
vt 0.858333 0.505111
vt 0.858216 0.505111
vt 0.858333 0.505431
vt 0.857519 0.505431
vt 0.855448 0.505555
vt 0.856608 0.505555
vt 0.854167 0.505556
vt 0.855541 0.505555
vt 0.856770 0.505555
vt 0.854167 0.505555
vt 0.855685 0.505555
vt 0.857039 0.505555
vt 0.829167 0.743056
vt 0.829167 0.743056
vt 0.825000 0.743056
vt 0.833333 0.745833
vt 0.833333 0.744444
vt 0.829167 0.743056
vt 0.829167 0.743056
vt 0.829167 0.743483
vt 0.829167 0.743511
vt 0.829167 0.743562
vt 0.829167 0.743869
vt 0.829167 0.743922
vt 0.829167 0.744013
vt 0.825445 0.743910
vt 0.829167 0.743910
vt 0.826612 0.744683
vt 0.829167 0.744683
vt 0.829167 0.743056
vt 0.826282 0.743056
vt 0.829167 0.743770
vt 0.829167 0.744408
vt 0.829167 0.743056
vt 0.827441 0.743056
vt 0.829167 0.743646
vt 0.829167 0.744173
vt 0.833333 0.745406
vt 0.833333 0.745020
vt 0.830770 0.745685
vt 0.831206 0.745196
vt 0.831561 0.744828
vt 0.829167 0.745296
vt 0.828451 0.745296
vt 0.829167 0.744889
vt 0.829284 0.744888
vt 0.829167 0.744569
vt 0.829981 0.744569
vt 0.832052 0.744444
vt 0.830892 0.744444
vt 0.833333 0.744444
vt 0.831959 0.744444
vt 0.830730 0.744444
vt 0.833333 0.744444
vt 0.831815 0.744444
vt 0.830461 0.744444
vt 0.829167 0.506944
vt 0.833333 0.505556
vt 0.833333 0.505556
vt 0.833333 0.504167
vt 0.825000 0.506944
vt 0.829167 0.506517
vt 0.829167 0.506131
vt 0.829167 0.506944
vt 0.829167 0.506486
vt 0.829167 0.506077
vt 0.829167 0.506944
vt 0.829167 0.506438
vt 0.829167 0.505987
vt 0.833333 0.505556
vt 0.833333 0.505556
vt 0.832051 0.505556
vt 0.831967 0.505556
vt 0.831815 0.505556
vt 0.830892 0.505556
vt 0.830734 0.505556
vt 0.830461 0.505556
vt 0.830770 0.504315
vt 0.830770 0.505556
vt 0.828451 0.504704
vt 0.828451 0.505556
vt 0.833333 0.505556
vt 0.833333 0.504594
vt 0.831191 0.505556
vt 0.829276 0.505556
vt 0.833333 0.505555
vt 0.833333 0.504980
vt 0.831561 0.505556
vt 0.829980 0.505556
vt 0.826282 0.506944
vt 0.827441 0.506944
vt 0.825445 0.506090
vt 0.826912 0.506235
vt 0.828016 0.506354
vt 0.826612 0.505556
vt 0.826612 0.505317
vt 0.827835 0.505595
vt 0.828794 0.505555
vt 0.828794 0.505827
s 0
usemtl Material.001
f 664/763/1 73/73/1 111/121/1 743/858/1
f 1242/1419/1 1262/1446/1 1265/1450/1 1253/1433/1 1252/1431/1 1241/1416/1 35/35/1 463/527/1 1283/1477/1
f 68/68/2 526/606/2 1433/1662/2 29/29/2
f 232/266/2 169/187/2 1456/1691/2 32/32/2
f 21/21/3 22/22/3 3/3/3 2/2/3
f 6/6/4 5/5/4 157/173/4 163/180/4
f 6/6/4 163/180/4 368/430/4 12/12/4
f 328/380/4 17/17/4 18/18/4 827/957/4
f 5/5/4 6/6/4 7/7/4 4/4/4
f 701/808/2 8/8/2 19/19/2 748/863/2
f 157/173/4 5/5/4 323/374/4 334/387/4
f 2/2/3 158/174/3 336/389/3 311/360/3
f 74/75/5 667/768/5 451/514/5 13/13/5
f 457/520/3 465/530/3 1451/1683/3 1445/1675/3
f 4/4/4 17/17/4 328/380/4 316/366/4
f 276/319/6 296/345/6 299/348/6 287/332/6 286/329/6 275/317/6 9/9/6 317/367/6 329/381/6
f 362/424/6 239/273/6 756/872/6 833/964/6
f 21/21/3 2/2/3 311/360/3 1162/1319/3
f 276/319/6 329/381/6 826/956/6 792/914/6
f 9/9/6 10/10/6 322/373/6 317/367/6
f 240/274/6 260/300/6 263/304/6 251/286/6 250/285/6 239/273/6 362/424/6 1493/1728/6 171/192/6
f 5/5/4 4/4/4 316/366/4 323/374/4
f 164/181/3 3/3/3 11/11/3 367/429/3
f 14/14/4 12/12/4 1/1/4 15/15/4
f 452/515/4 14/14/4 15/15/4 616/713/4
f 666/767/4 7/7/4 14/14/4 452/515/4
f 434/497/5 1170/1329/5 1243/1421/5 501/581/5
f 1294/1492/1 1084/1222/1 1006/1144/1 1289/1487/1
f 145/161/2 1086/1225/2 433/496/2 445/508/2
f 7/7/4 6/6/4 12/12/4 14/14/4
f 464/528/2 34/34/2 30/30/2 1450/1681/2
f 31/31/4 28/28/4 1306/1504/4 1400/1623/4
f 1312/1511/2 29/29/2 1433/1662/2 1372/1586/2
f 1439/1669/4 31/31/4 1400/1623/4 1406/1630/4
f 13/13/5 451/514/5 617/714/5 529/611/5 556/647/5 559/652/5 547/633/5 546/631/5 528/608/5
f 529/611/5 617/714/5 1438/1668/5 1432/1661/5
f 445/508/2 433/496/2 500/580/2 590/687/2
f 1687/1925/5 1686/1922/5 1668/1904/5 1171/1330/5 1295/1493/5 1573/1808/5
f 12/12/4 368/430/4 458/521/4 1/1/4
f 151/167/3 146/162/3 22/22/3 21/21/3
f 277/320/2 791/913/2 1462/1697/2 1474/1709/2
f 4/4/4 7/7/4 666/766/4 686/791/4 689/795/4 677/779/4 676/777/4 665/765/4 17/17/4
f 361/423/2 8/8/2 1486/1721/2 1494/1729/2
f 8/8/2 701/808/2 1520/1755/2 1486/1721/2
f 145/161/2 152/168/2 32/32/2 1087/1226/2 1114/1261/2 1117/1265/2 1105/1246/2 1104/1244/2 1086/1224/2
f 110/120/1 708/816/1 838/969/1 623/720/1
f 793/915/6 820/948/6 823/952/6 811/934/6 810/933/6 792/914/6 826/956/6 922/1054/6 916/1047/6
f 18/18/4 742/857/4 846/977/4 871/1002/4
f 827/957/4 18/18/4 871/1002/4 923/1055/4
f 748/863/2 19/19/2 905/1036/2 878/1009/2
f 19/19/2 832/963/2 949/1087/2 905/1036/2
f 790/912/3 754/869/3 1468/1703/3 1463/1698/3
f 631/728/1 1003/1141/1 1521/1756/1 700/807/1
f 241/276/5 1156/1313/5 33/33/5 1481/1716/5
f 33/33/5 1475/1710/5 75/77/5 27/27/5
f 367/429/3 11/11/3 466/531/3 493/571/3 496/575/3 484/556/3 483/554/3 465/530/3 457/520/3
f 1469/1704/4 1480/1715/4 628/725/4 706/813/4
f 872/1003/5 16/16/5 917/1048/5 924/1056/5
f 16/16/5 20/20/5 910/1041/5 917/1048/5
f 16/16/5 622/719/5 839/970/5 20/20/5
f 20/20/5 904/1035/5 951/1089/5 910/1041/5
f 1639/1874/2 1614/1849/2 1057/1195/2 977/1115/2
f 1463/1698/3 1468/1703/3 709/817/3 109/118/3
f 20/20/5 839/970/5 879/1010/5 904/1035/5
f 833/964/6 756/872/6 776/898/6 779/901/6 767/885/6 766/882/6 755/870/6 911/1042/6 950/1088/6
f 743/858/1 111/121/1 131/147/1 134/150/1 122/134/1 121/131/1 110/119/1 623/720/1 844/975/1
f 631/728/1 700/807/1 749/864/1 707/814/1
f 1474/1709/2 1462/1697/2 112/122/2 76/78/2
f 32/32/2 1456/1691/2 1007/1145/2 1087/1227/2
f 1171/1330/5 1198/1363/5 1201/1366/5 1189/1350/5 1188/1347/5 1170/1329/5 434/497/5 1085/1223/5 1295/1493/5
f 1123/1273/3 427/490/3 40/40/3 1204/1369/3
f 1059/1197/1 1574/1809/1 1607/1842/1 978/1116/1
f 1347/1555/1 1300/1498/1 1307/1505/1 1319/1518/1
f 17/17/4 665/765/4 742/857/4 18/18/4
f 26/26/3 446/509/3 589/686/3 1282/1476/3
f 27/27/5 75/76/5 95/99/5 98/103/5 86/89/5 85/87/5 74/74/5 13/13/5 25/25/5
f 3/3/3 22/22/3 26/26/3 11/11/3
f 630/727/2 439/502/2 428/491/2 1004/1142/2
f 1574/1809/1 1294/1492/1 1289/1487/1 1607/1842/1
f 591/688/1 499/579/1 1242/1420/1 1283/1478/1
f 232/266/2 32/32/2 152/168/2 207/237/2
f 9/9/6 23/23/6 24/24/6 10/10/6
f 10/10/6 310/359/6 335/388/6 322/373/6
f 24/24/6 233/267/6 206/236/6 1163/1320/6
f 440/503/5 25/25/5 1276/1466/5 562/659/5
f 151/167/3 21/21/3 1162/1319/3 205/235/3
f 1122/1272/3 1705/1947/3 1732/1977/3 1735/1980/3 1723/1965/3 1606/1841/3 1288/1486/3
f 629/726/5 27/27/5 25/25/5 440/503/5
f 1346/1554/2 1450/1682/2 30/30/2 1301/1499/2
f 1300/1498/1 1313/1512/1 1399/1622/1 1307/1505/1
f 1445/1675/3 1451/1683/3 1345/1553/3 1318/1517/3
f 28/28/4 1444/1674/4 1320/1519/4 1306/1504/4
f 1432/1661/5 1438/1668/5 1405/1629/5 1373/1587/5
f 622/719/5 16/16/5 872/1003/5 845/976/5
f 1/1/4 458/521/4 1444/1674/4 28/28/4
f 67/67/1 1206/1372/1 1226/1397/1 1229/1401/1 1217/1385/1 1216/1384/1 1205/1370/1 1277/1468/1 527/607/1
f 42/42/1 563/660/1 1277/1467/1 1205/1371/1
f 15/15/4 1/1/4 28/28/4 31/31/4
f 616/713/4 15/15/4 31/31/4 1439/1669/4
f 11/11/3 26/26/3 1282/1476/3 466/532/3
f 35/35/1 1241/1418/1 1206/1373/1 67/67/1
f 564/661/2 41/41/2 428/491/2 439/502/2
f 1313/1512/1 1374/1588/1 1407/1631/1 1399/1622/1
f 25/25/5 13/13/5 528/610/5 1276/1466/5
f 30/30/2 29/29/2 1312/1511/2 1301/1499/2
f 1487/1722/3 1519/1754/3 1008/1146/3 1457/1692/3
f 1492/1727/3 1487/1722/3 1457/1692/3 172/193/3
f 22/22/3 146/162/3 446/509/3 26/26/3
f 2/2/3 3/3/3 164/181/3 158/174/3
f 757/873/4 238/272/4 1480/1715/4 1469/1704/4
f 23/23/6 9/9/6 275/318/6 1157/1314/6
f 1156/1313/5 274/316/5 1475/1710/5 33/33/5
f 10/10/6 24/24/6 1163/1320/6 310/359/6
f 755/871/6 793/916/6 916/1047/6 911/1042/6
f 708/815/1 728/841/1 731/845/1 719/827/1 718/826/1 707/814/1 749/864/1 877/1008/1 838/969/1
f 8/8/2 361/423/2 832/963/2 19/19/2
f 23/23/6 170/190/6 233/267/6 24/24/6
f 1613/1848/5 1669/1905/5 1696/1938/5 1699/1941/5 1687/1925/5 1573/1808/5 1058/1196/5
f 1481/1716/5 33/33/5 27/27/5 629/726/5
f 171/191/6 191/219/6 194/223/6 182/204/6 181/202/6 170/188/6 23/23/6 1157/1314/6 240/275/6
f 1702/1944/7 1121/1270/7 1168/1326/7 1667/1902/7
f 1723/1965/3 1722/1964/3 1704/1946/3 1640/1875/3 976/1114/3 1606/1841/3
f 1207/1374/2 1240/1415/2 1169/1327/2 1120/1269/2
f 1759/2007/6 1758/2004/6 1740/1986/6 1813/2073/6 1840/2106/6 1843/2109/6 1831/2093/6 1666/1901/6 1612/1847/6
f 1859/2128/6 1858/2125/6 1847/2114/6 1776/2029/6 1796/2055/6 1799/2058/6 1787/2042/6 1641/1876/6 1703/1945/6
f 1831/2093/6 1830/2090/6 1812/2072/6 1848/2115/6 1868/2141/6 1871/2144/6 1859/2128/6 1703/1945/6 1666/1901/6
f 1738/1983/2 1774/2026/2 1889/2162/2 1882/2155/2
f 1882/2155/2 1889/2162/2 1957/2230/2 1930/2203/2
f 1810/2069/5 1739/1984/5 1883/2156/5 1894/2167/5
f 1849/2116/4 1811/2070/4 1895/2168/4 1900/2173/4
f 1777/2030/3 1846/2112/3 1901/2174/3 1888/2161/3
f 1888/2161/3 1901/2174/3 2011/2284/3 1958/2231/3
f 1912/2185/4 1906/2179/4 2041/2315/4 2074/2354/4
f 1925/2198/5 1913/2186/5 2077/2358/5 2147/2443/5
f 2087/2369/6 2086/2367/6 2075/2356/6 2040/2314/6 2060/2338/6 2063/2342/6 2051/2326/6 1931/2204/6 1959/2232/6
f 427/490/3 1123/1273/3 1150/1304/3 1153/1308/3 1141/1292/3 1140/1290/3 1122/1272/3 1288/1486/3 1005/1143/3
f 1787/2042/6 1786/2039/6 1775/2028/6 1741/1987/6 1768/2020/6 1771/2023/6 1759/2007/6 1612/1847/6 1641/1876/6
f 2051/2326/8 2050/2324/8 2039/2313/8 2112/2401/8 2132/2425/8 2135/2429/8 2123/2413/8 1986/2259/8 1931/2204/8
f 2167/2465/9 2166/2463/9 2148/2445/9 2076/2357/9 2096/2381/9 2099/2385/9 2087/2369/9 1959/2232/9 2013/2286/9
f 2123/2413/6 2122/2411/6 2111/2400/6 2149/2446/6 2176/2477/6 2179/2481/6 2167/2465/6 2013/2286/6 1986/2259/6
f 1919/2192/2 1924/2197/2 2146/2442/2 2110/2398/2
f 1907/2180/3 1918/2191/3 2113/2402/3 2038/2311/3
f 1900/2173/4 1895/2168/4 1984/2257/4 2012/2285/4
f 1894/2167/5 1883/2156/5 1932/2205/5 1985/2258/5
f 40/40/10 43/43/10 46/46/10 45/45/10
f 43/43/11 44/44/11 47/47/11 46/46/11
f 44/44/12 56/56/12 57/57/12 47/47/12
f 45/45/13 46/46/13 49/49/13 48/48/13
f 46/46/14 47/47/14 50/50/14 49/49/14
f 47/47/15 57/57/15 58/58/15 50/50/15
f 41/41/16 51/51/16 54/54/16 53/53/16
f 51/51/17 52/52/17 55/55/17 54/54/17
f 52/52/18 64/64/18 65/65/18 55/55/18
f 53/53/19 54/54/19 57/57/19 56/56/19
f 54/54/20 55/55/20 58/58/20 57/57/20
f 55/55/21 65/65/21 66/66/21 58/58/21
f 42/42/22 59/59/22 62/62/22 61/61/22
f 59/59/23 60/60/23 63/63/23 62/62/23
f 60/60/24 48/48/24 49/49/24 63/63/24
f 61/61/25 62/62/25 65/65/25 64/64/25
f 62/62/26 63/63/26 66/66/26 65/65/26
f 63/63/27 49/49/27 50/50/27 66/66/27
f 50/50/28 58/58/28 66/66/28
f 73/73/29 77/79/29 80/82/29 79/81/29
f 77/79/30 78/80/30 81/83/30 80/82/30
f 78/80/31 90/94/31 91/95/31 81/83/31
f 79/81/32 80/82/32 83/85/32 82/84/32
f 80/82/33 81/83/33 84/86/33 83/85/33
f 81/83/34 91/95/34 92/96/34 84/86/34
f 74/75/35 85/88/35 88/92/35 87/91/35
f 85/88/36 86/90/36 89/93/36 88/92/36
f 86/90/37 98/104/37 99/106/37 89/93/37
f 87/91/38 88/92/38 91/95/38 90/94/38
f 88/92/39 89/93/39 92/96/39 91/95/39
f 89/93/40 99/106/40 100/108/40 92/96/40
f 75/77/41 93/97/41 96/101/41 95/100/41
f 93/97/42 94/98/42 97/102/42 96/101/42
f 94/98/43 106/115/43 107/116/43 97/102/43
f 95/100/44 96/101/44 99/107/44 98/105/44
f 96/101/45 97/102/45 100/109/45 99/107/45
f 97/102/46 107/116/46 108/117/46 100/109/46
f 76/78/47 101/110/47 104/113/47 103/112/47
f 101/110/48 102/111/48 105/114/48 104/113/48
f 102/111/49 82/84/49 83/85/49 105/114/49
f 103/112/50 104/113/50 107/116/50 106/115/50
f 104/113/51 105/114/51 108/117/51 107/116/51
f 105/114/52 83/85/52 84/86/52 108/117/52
f 84/86/53 92/96/53 100/109/53 108/117/53
f 109/118/54 113/123/54 116/126/54 115/125/54
f 113/123/55 114/124/55 117/127/55 116/126/55
f 114/124/56 126/140/56 127/142/56 117/127/56
f 115/125/57 116/126/57 119/129/57 118/128/57
f 116/126/58 117/127/58 120/130/58 119/129/58
f 117/127/59 127/142/59 128/144/59 120/130/59
f 110/120/60 121/132/60 124/137/60 123/135/60
f 121/132/61 122/133/61 125/138/61 124/137/61
f 122/134/62 134/150/62 135/151/62 125/139/62
f 123/135/63 124/137/63 127/142/63 126/140/63
f 124/137/64 125/138/64 128/144/64 127/142/64
f 125/139/65 135/151/65 136/152/65 128/143/65
f 111/121/66 129/145/66 132/148/66 131/147/66
f 129/145/67 130/146/67 133/149/67 132/148/67
f 130/146/68 142/158/68 143/159/68 133/149/68
f 131/147/69 132/148/69 135/151/69 134/150/69
f 132/148/70 133/149/70 136/152/70 135/151/70
f 133/149/71 143/159/71 144/160/71 136/152/71
f 112/122/72 137/153/72 140/156/72 139/155/72
f 137/153/73 138/154/73 141/157/73 140/156/73
f 138/154/74 118/128/74 119/129/74 141/157/74
f 139/155/75 140/156/75 143/159/75 142/158/75
f 140/156/76 141/157/76 144/160/76 143/159/76
f 141/157/77 119/129/77 120/130/77 144/160/77
f 120/130/78 128/144/78 136/152/78 144/160/78
f 169/187/79 173/194/79 176/197/79 175/196/79
f 173/194/80 174/195/80 177/198/80 176/197/80
f 174/195/81 186/212/81 187/214/81 177/198/81
f 175/196/82 176/197/82 179/200/82 178/199/82
f 176/197/83 177/198/83 180/201/83 179/200/83
f 177/198/84 187/214/84 188/216/84 180/201/84
f 170/189/85 181/203/85 184/209/85 183/207/85
f 181/203/86 182/205/86 185/210/86 184/209/86
f 182/206/87 194/224/87 195/225/87 185/211/87
f 183/207/88 184/209/88 187/214/88 186/212/88
f 184/209/89 185/210/89 188/216/89 187/214/89
f 185/211/90 195/225/90 196/226/90 188/215/90
f 171/192/91 189/217/91 192/221/91 191/220/91
f 189/217/92 190/218/92 193/222/92 192/221/92
f 190/218/93 202/232/93 203/233/93 193/222/93
f 191/220/94 192/221/94 195/225/94 194/224/94
f 192/221/95 193/222/95 196/226/95 195/225/95
f 193/222/96 203/233/96 204/234/96 196/226/96
f 172/193/97 197/227/97 200/230/97 199/229/97
f 197/227/98 198/228/98 201/231/98 200/230/98
f 198/228/99 178/199/99 179/200/99 201/231/99
f 199/229/100 200/230/100 203/233/100 202/232/100
f 200/230/101 201/231/101 204/234/101 203/233/101
f 201/231/102 179/200/102 180/201/102 204/234/102
f 180/201/103 188/216/103 196/226/103 204/234/103
f 205/235/104 208/238/104 211/242/104 210/241/104
f 208/238/105 209/240/105 212/243/105 211/242/105
f 209/239/106 221/254/106 222/255/106 212/244/106
f 210/241/107 211/242/107 214/246/107 213/245/107
f 211/242/108 212/243/108 215/247/108 214/246/108
f 212/244/109 222/255/109 223/256/109 215/248/109
f 206/236/110 216/249/110 219/252/110 218/251/110
f 216/249/111 217/250/111 220/253/111 219/252/111
f 217/250/112 229/262/112 230/263/112 220/253/112
f 218/251/113 219/252/113 222/255/113 221/254/113
f 219/252/114 220/253/114 223/256/114 222/255/114
f 220/253/115 230/263/115 231/264/115 223/256/115
f 207/237/116 224/257/116 227/260/116 226/259/116
f 224/257/117 225/258/117 228/261/117 227/260/117
f 225/258/118 213/245/118 214/246/118 228/261/118
f 226/259/119 227/260/119 230/263/119 229/262/119
f 227/260/120 228/261/120 231/264/120 230/263/120
f 228/261/121 214/246/121 215/247/121 231/264/121
f 215/248/122 223/256/122 231/265/122
f 238/272/123 242/277/123 245/280/123 244/279/123
f 242/277/124 243/278/124 246/281/124 245/280/124
f 243/278/125 255/293/125 256/295/125 246/281/125
f 244/279/126 245/280/126 248/283/126 247/282/126
f 245/280/127 246/281/127 249/284/127 248/283/127
f 246/281/128 256/295/128 257/297/128 249/284/128
f 239/273/129 250/285/129 253/290/129 252/288/129
f 250/285/130 251/286/130 254/291/130 253/290/130
f 251/287/131 263/305/131 264/306/131 254/292/131
f 252/288/132 253/290/132 256/295/132 255/293/132
f 253/290/133 254/291/133 257/297/133 256/295/133
f 254/292/134 264/306/134 265/307/134 257/296/134
f 240/275/135 258/298/135 261/302/135 260/301/135
f 258/298/136 259/299/136 262/303/136 261/302/136
f 259/299/137 271/313/137 272/314/137 262/303/137
f 260/301/138 261/302/138 264/306/138 263/305/138
f 261/302/139 262/303/139 265/307/139 264/306/139
f 262/303/140 272/314/140 273/315/140 265/307/140
f 241/276/141 266/308/141 269/311/141 268/310/141
f 266/308/142 267/309/142 270/312/142 269/311/142
f 267/309/143 247/282/143 248/283/143 270/312/143
f 268/310/144 269/311/144 272/314/144 271/313/144
f 269/311/145 270/312/145 273/315/145 272/314/145
f 270/312/146 248/283/146 249/284/146 273/315/146
f 249/284/147 257/297/147 265/307/147 273/315/147
f 274/316/148 278/321/148 281/324/148 280/323/148
f 278/321/149 279/322/149 282/325/149 281/324/149
f 279/322/150 291/338/150 292/340/150 282/325/150
f 280/323/151 281/324/151 284/327/151 283/326/151
f 281/324/152 282/325/152 285/328/152 284/327/152
f 282/325/153 292/340/153 293/342/153 285/328/153
f 275/318/154 286/330/154 289/335/154 288/333/154
f 286/330/155 287/331/155 290/336/155 289/335/155
f 287/332/156 299/348/156 300/349/156 290/337/156
f 288/333/157 289/335/157 292/340/157 291/338/157
f 289/335/158 290/336/158 293/342/158 292/340/158
f 290/337/159 300/349/159 301/350/159 293/341/159
f 276/319/160 294/343/160 297/346/160 296/345/160
f 294/343/161 295/344/161 298/347/161 297/346/161
f 295/344/162 307/356/162 308/357/162 298/347/162
f 296/345/163 297/346/163 300/349/163 299/348/163
f 297/346/164 298/347/164 301/350/164 300/349/164
f 298/347/165 308/357/165 309/358/165 301/350/165
f 277/320/166 302/351/166 305/354/166 304/353/166
f 302/351/167 303/352/167 306/355/167 305/354/167
f 303/352/168 283/326/168 284/327/168 306/355/168
f 304/353/169 305/354/169 308/357/169 307/356/169
f 305/354/170 306/355/170 309/358/170 308/357/170
f 306/355/171 284/327/171 285/328/171 309/358/171
f 285/328/172 293/342/172 301/350/172 309/358/172
f 334/387/173 337/390/173 340/394/173 339/393/173
f 337/390/174 338/392/174 341/395/174 340/394/174
f 338/391/175 350/409/175 351/410/175 341/396/175
f 339/393/176 340/394/176 343/399/176 342/397/176
f 340/394/177 341/395/177 344/401/177 343/399/177
f 341/396/178 351/410/178 352/411/178 344/403/178
f 335/388/179 345/404/179 348/407/179 347/406/179
f 345/404/180 346/405/180 349/408/180 348/407/180
f 346/405/181 358/417/181 359/419/181 349/408/181
f 347/406/182 348/407/182 351/410/182 350/409/182
f 348/407/183 349/408/183 352/411/183 351/410/183
f 349/408/184 359/419/184 360/422/184 352/411/184
f 336/389/185 353/412/185 356/415/185 355/414/185
f 353/412/186 354/413/186 357/416/186 356/415/186
f 354/413/187 342/398/187 343/400/187 357/416/187
f 355/414/188 356/415/188 359/420/188 358/418/188
f 356/415/189 357/416/189 360/421/189 359/420/189
f 357/416/190 343/400/190 344/402/190 360/421/190
f 344/403/191 352/411/191 360/422/191
f 463/527/220 467/533/220 470/536/220 469/535/220
f 467/533/221 468/534/221 471/537/221 470/536/221
f 468/534/222 480/550/222 481/551/222 471/537/222
f 469/535/223 470/536/223 473/540/223 472/538/223
f 470/536/224 471/537/224 474/542/224 473/540/224
f 471/537/225 481/551/225 482/552/225 474/542/225
f 464/528/226 475/544/226 478/548/226 477/547/226
f 475/544/227 476/546/227 479/549/227 478/548/227
f 476/546/228 488/564/228 489/566/228 479/549/228
f 477/547/229 478/548/229 481/551/229 480/550/229
f 478/548/230 479/549/230 482/552/230 481/551/230
f 479/549/231 489/566/231 490/567/231 482/552/231
f 465/529/232 483/555/232 486/561/232 485/559/232
f 483/555/233 484/557/233 487/562/233 486/561/233
f 484/558/234 496/576/234 497/577/234 487/563/234
f 485/559/235 486/561/235 489/566/235 488/564/235
f 486/561/236 487/562/236 490/567/236 489/566/236
f 487/563/237 497/577/237 498/578/237 490/568/237
f 466/532/238 491/569/238 494/573/238 493/572/238
f 491/569/239 492/570/239 495/574/239 494/573/239
f 492/570/240 472/539/240 473/541/240 495/574/240
f 493/572/241 494/573/241 497/577/241 496/576/241
f 494/573/242 495/574/242 498/578/242 497/577/242
f 495/574/243 473/541/243 474/543/243 498/578/243
f 474/543/244 482/553/244 490/568/244 498/578/244
f 499/579/245 502/582/245 505/585/245 504/584/245
f 502/582/246 503/583/246 506/586/246 505/585/246
f 503/583/247 515/595/247 516/596/247 506/586/247
f 504/584/248 505/585/248 508/588/248 507/587/248
f 505/585/249 506/586/249 509/589/249 508/588/249
f 506/586/250 516/596/250 517/597/250 509/589/250
f 500/580/251 510/590/251 513/593/251 512/592/251
f 510/590/252 511/591/252 514/594/252 513/593/252
f 511/591/253 523/603/253 524/604/253 514/594/253
f 512/592/254 513/593/254 516/596/254 515/595/254
f 513/593/255 514/594/255 517/597/255 516/596/255
f 514/594/256 524/604/256 525/605/256 517/597/256
f 501/581/257 518/598/257 521/601/257 520/600/257
f 518/598/258 519/599/258 522/602/258 521/601/258
f 519/599/259 507/587/259 508/588/259 522/602/259
f 520/600/260 521/601/260 524/604/260 523/603/260
f 521/601/261 522/602/261 525/605/261 524/604/261
f 522/602/262 508/588/262 509/589/262 525/605/262
f 509/589/263 517/597/263 525/605/263
f 526/606/47 530/612/47 533/615/47 532/614/47
f 530/612/48 531/613/48 534/616/48 533/615/48
f 531/613/49 543/627/49 544/628/49 534/616/49
f 532/614/50 533/615/50 536/618/50 535/617/50
f 533/615/51 534/616/51 537/619/51 536/618/51
f 534/616/52 544/628/52 545/629/52 537/619/52
f 527/607/264 538/621/264 541/625/264 540/624/264
f 538/621/30 539/622/30 542/626/30 541/625/30
f 539/622/31 551/639/31 552/641/31 542/626/31
f 540/624/32 541/625/32 544/628/32 543/627/32
f 541/625/33 542/626/33 545/629/33 544/628/33
f 542/626/34 552/641/34 553/642/34 545/629/34
f 528/609/265 546/632/265 549/637/265 548/635/265
f 546/632/36 547/634/36 550/638/36 549/637/36
f 547/634/37 559/651/37 560/653/37 550/638/37
f 548/635/38 549/637/38 552/641/38 551/639/38
f 549/637/39 550/638/39 553/642/39 552/641/39
f 550/638/40 560/653/40 561/655/40 553/642/40
f 529/611/41 554/644/41 557/648/41 556/647/41
f 554/644/42 555/646/42 558/649/42 557/648/42
f 555/645/266 535/617/266 536/618/266 558/650/266
f 556/647/267 557/648/267 560/654/267 559/652/267
f 557/648/45 558/649/45 561/656/45 560/654/45
f 558/650/268 536/618/268 537/619/268 561/657/268
f 537/620/269 545/630/269 553/643/269 561/658/269
f 562/659/270 565/662/270 568/665/270 567/664/270
f 565/662/258 566/663/258 569/666/258 568/665/258
f 566/663/259 578/675/259 579/676/259 569/666/259
f 567/664/271 568/665/271 571/668/271 570/667/271
f 568/665/261 569/666/261 572/669/261 571/668/261
f 569/666/272 579/676/272 580/677/272 572/669/272
f 563/660/245 573/670/245 576/673/245 575/672/245
f 573/670/273 574/671/273 577/674/273 576/673/273
f 574/671/247 586/683/247 587/684/247 577/674/247
f 575/672/274 576/673/274 579/676/274 578/675/274
f 576/673/249 577/674/249 580/677/249 579/676/249
f 577/674/250 587/684/250 588/685/250 580/677/250
f 564/661/251 581/678/251 584/681/251 583/680/251
f 581/678/275 582/679/275 585/682/275 584/681/275
f 582/679/276 570/667/276 571/668/276 585/682/276
f 583/680/254 584/681/254 587/684/254 586/683/254
f 584/681/255 585/682/255 588/685/255 587/684/255
f 585/682/277 571/668/277 572/669/277 588/685/277
f 572/669/278 580/677/278 588/685/278
f 589/686/10 592/689/10 595/692/10 594/691/10
f 592/689/279 593/690/279 596/693/279 595/692/279
f 593/690/12 605/702/12 606/703/12 596/693/12
f 594/691/13 595/692/13 598/695/13 597/694/13
f 595/692/280 596/693/280 599/696/280 598/695/280
f 596/693/15 606/703/15 607/704/15 599/696/15
f 590/687/16 600/697/16 603/700/16 602/699/16
f 600/697/17 601/698/17 604/701/17 603/700/17
f 601/698/18 613/710/18 614/711/18 604/701/18
f 602/699/281 603/700/281 606/703/281 605/702/281
f 603/700/20 604/701/20 607/704/20 606/703/20
f 604/701/21 614/711/21 615/712/21 607/704/21
f 591/688/22 608/705/22 611/708/22 610/707/22
f 608/705/23 609/706/23 612/709/23 611/708/23
f 609/706/24 597/694/24 598/695/24 612/709/24
f 610/707/25 611/708/25 614/711/25 613/710/25
f 611/708/282 612/709/282 615/712/282 614/711/282
f 612/709/27 598/695/27 599/696/27 615/712/27
f 599/696/283 607/704/283 615/712/283
f 628/725/284 632/729/284 635/732/284 634/731/284
f 632/729/285 633/730/285 636/733/285 635/732/285
f 633/730/286 645/743/286 646/745/286 636/733/286
f 634/731/287 635/732/287 638/735/287 637/734/287
f 635/732/288 636/733/288 639/736/288 638/735/288
f 636/733/289 646/745/289 647/746/289 639/736/289
f 629/726/290 640/737/290 643/741/290 642/739/290
f 640/737/291 641/738/291 644/742/291 643/741/291
f 641/738/292 653/752/292 654/753/292 644/742/292
f 642/739/293 643/741/293 646/745/293 645/743/293
f 643/741/294 644/742/294 647/746/294 646/745/294
f 644/742/295 654/753/295 655/754/295 647/746/295
f 630/727/296 648/747/296 651/750/296 650/749/296
f 648/747/297 649/748/297 652/751/297 651/750/297
f 649/748/298 661/760/298 662/761/298 652/751/298
f 650/749/299 651/750/299 654/753/299 653/752/299
f 651/750/300 652/751/300 655/754/300 654/753/300
f 652/751/301 662/761/301 663/762/301 655/754/301
f 631/728/302 656/755/302 659/758/302 658/757/302
f 656/755/303 657/756/303 660/759/303 659/758/303
f 657/756/304 637/734/304 638/735/304 660/759/304
f 658/757/305 659/758/305 662/761/305 661/760/305
f 659/758/306 660/759/306 663/762/306 662/761/306
f 660/759/307 638/735/307 639/736/307 663/762/307
f 639/736/308 647/746/308 655/754/308 663/762/308
f 664/763/309 668/769/309 671/772/309 670/771/309
f 668/769/310 669/770/310 672/773/310 671/772/310
f 669/770/311 681/785/311 682/787/311 672/773/311
f 670/771/312 671/772/312 674/775/312 673/774/312
f 671/772/313 672/773/313 675/776/313 674/775/313
f 672/773/314 682/787/314 683/788/314 675/776/314
f 665/764/315 676/778/315 679/783/315 678/781/315
f 676/778/316 677/780/316 680/784/316 679/783/316
f 677/780/317 689/796/317 690/797/317 680/784/317
f 678/781/318 679/783/318 682/787/318 681/785/318
f 679/783/319 680/784/319 683/788/319 682/787/319
f 680/784/320 690/797/320 691/798/320 683/788/320
f 666/767/321 684/789/321 687/793/321 686/792/321
f 684/789/322 685/790/322 688/794/322 687/793/322
f 685/790/323 697/804/323 698/805/323 688/794/323
f 686/792/324 687/793/324 690/797/324 689/796/324
f 687/793/325 688/794/325 691/798/325 690/797/325
f 688/794/326 698/805/326 699/806/326 691/798/326
f 667/768/327 692/799/327 695/802/327 694/801/327
f 692/799/328 693/800/328 696/803/328 695/802/328
f 693/800/329 673/774/329 674/775/329 696/803/329
f 694/801/330 695/802/330 698/805/330 697/804/330
f 695/802/331 696/803/331 699/806/331 698/805/331
f 696/803/332 674/775/332 675/776/332 699/806/332
f 675/776/333 683/788/333 691/798/333 699/806/333
f 706/813/334 710/818/334 713/821/334 712/820/334
f 710/818/335 711/819/335 714/822/335 713/821/335
f 711/819/336 723/834/336 724/836/336 714/822/336
f 712/820/337 713/821/337 716/824/337 715/823/337
f 713/821/338 714/822/338 717/825/338 716/824/338
f 714/822/339 724/836/339 725/838/339 717/825/339
f 707/814/340 718/826/340 721/831/340 720/829/340
f 718/826/341 719/827/341 722/832/341 721/831/341
f 719/828/342 731/846/342 732/847/342 722/833/342
f 720/829/343 721/831/343 724/836/343 723/834/343
f 721/831/344 722/832/344 725/838/344 724/836/344
f 722/833/345 732/847/345 733/848/345 725/837/345
f 708/816/346 726/839/346 729/843/346 728/842/346
f 726/839/347 727/840/347 730/844/347 729/843/347
f 727/840/348 739/854/348 740/855/348 730/844/348
f 728/842/349 729/843/349 732/847/349 731/846/349
f 729/843/350 730/844/350 733/848/350 732/847/350
f 730/844/351 740/855/351 741/856/351 733/848/351
f 709/817/352 734/849/352 737/852/352 736/851/352
f 734/849/353 735/850/353 738/853/353 737/852/353
f 735/850/354 715/823/354 716/824/354 738/853/354
f 736/851/355 737/852/355 740/855/355 739/854/355
f 737/852/356 738/853/356 741/856/356 740/855/356
f 738/853/357 716/824/357 717/825/357 741/856/357
f 717/825/358 725/838/358 733/848/358 741/856/358
f 754/869/359 758/874/359 761/877/359 760/876/359
f 758/874/360 759/875/360 762/878/360 761/877/360
f 759/875/361 771/891/361 772/893/361 762/878/361
f 760/876/362 761/877/362 764/880/362 763/879/362
f 761/877/363 762/878/363 765/881/363 764/880/363
f 762/878/364 772/893/364 773/895/364 765/881/364
f 755/871/365 766/883/365 769/888/365 768/886/365
f 766/883/366 767/884/366 770/889/366 769/888/366
f 767/885/367 779/901/367 780/902/367 770/890/367
f 768/886/368 769/888/368 772/893/368 771/891/368
f 769/888/369 770/889/369 773/895/369 772/893/369
f 770/890/370 780/902/370 781/903/370 773/894/370
f 756/872/371 774/896/371 777/899/371 776/898/371
f 774/896/372 775/897/372 778/900/372 777/899/372
f 775/897/373 787/909/373 788/910/373 778/900/373
f 776/898/374 777/899/374 780/902/374 779/901/374
f 777/899/375 778/900/375 781/903/375 780/902/375
f 778/900/376 788/910/376 789/911/376 781/903/376
f 757/873/377 782/904/377 785/907/377 784/906/377
f 782/904/378 783/905/378 786/908/378 785/907/378
f 783/905/379 763/879/379 764/880/379 786/908/379
f 784/906/380 785/907/380 788/910/380 787/909/380
f 785/907/381 786/908/381 789/911/381 788/910/381
f 786/908/382 764/880/382 765/881/382 789/911/382
f 765/881/383 773/895/383 781/903/383 789/911/383
f 790/912/97 794/917/97 797/920/97 796/919/97
f 794/917/98 795/918/98 798/921/98 797/920/98
f 795/918/99 807/930/99 808/931/99 798/921/99
f 796/919/100 797/920/100 800/923/100 799/922/100
f 797/920/101 798/921/101 801/924/101 800/923/101
f 798/921/102 808/931/102 809/932/102 801/924/102
f 791/913/79 802/925/79 805/928/79 804/927/79
f 802/925/80 803/926/80 806/929/80 805/928/80
f 803/926/384 815/941/384 816/943/384 806/929/384
f 804/927/82 805/928/82 808/931/82 807/930/82
f 805/928/83 806/929/83 809/932/83 808/931/83
f 806/929/84 816/943/84 817/945/84 809/932/84
f 792/914/85 810/933/85 813/938/85 812/936/85
f 810/933/86 811/934/86 814/939/86 813/938/86
f 811/935/87 823/953/87 824/954/87 814/940/87
f 812/936/88 813/938/88 816/943/88 815/941/88
f 813/938/89 814/939/89 817/945/89 816/943/89
f 814/940/90 824/954/90 825/955/90 817/944/90
f 793/916/385 818/946/385 821/950/385 820/949/385
f 818/946/92 819/947/92 822/951/92 821/950/92
f 819/947/93 799/922/93 800/923/93 822/951/93
f 820/949/94 821/950/94 824/954/94 823/953/94
f 821/950/95 822/951/95 825/955/95 824/954/95
f 822/951/96 800/923/96 801/924/96 825/955/96
f 801/924/103 809/932/103 817/945/103 825/955/103
f 844/975/386 847/978/386 850/981/386 849/980/386
f 847/978/387 848/979/387 851/982/387 850/981/387
f 848/979/388 860/991/388 861/992/388 851/982/388
f 849/980/389 850/981/389 853/984/389 852/983/389
f 850/981/390 851/982/390 854/985/390 853/984/390
f 851/982/391 861/992/391 862/993/391 854/985/391
f 845/976/392 855/986/392 858/989/392 857/988/392
f 855/986/393 856/987/393 859/990/393 858/989/393
f 856/987/394 868/999/394 869/1000/394 859/990/394
f 857/988/395 858/989/395 861/992/395 860/991/395
f 858/989/396 859/990/396 862/993/396 861/992/396
f 859/990/397 869/1000/397 870/1001/397 862/993/397
f 846/977/398 863/994/398 866/997/398 865/996/398
f 863/994/399 864/995/399 867/998/399 866/997/399
f 864/995/400 852/983/400 853/984/400 867/998/400
f 865/996/401 866/997/401 869/1000/401 868/999/401
f 866/997/402 867/998/402 870/1001/402 869/1000/402
f 867/998/403 853/984/403 854/985/403 870/1001/403
f 854/985/404 862/993/404 870/1001/404
f 877/1008/245 880/1011/245 883/1014/245 882/1013/245
f 880/1011/246 881/1012/246 884/1015/246 883/1014/246
f 881/1012/247 893/1024/247 894/1025/247 884/1015/247
f 882/1013/274 883/1014/274 886/1017/274 885/1016/274
f 883/1014/405 884/1015/405 887/1018/405 886/1017/405
f 884/1015/250 894/1025/250 895/1026/250 887/1018/250
f 878/1009/251 888/1019/251 891/1022/251 890/1021/251
f 888/1019/275 889/1020/275 892/1023/275 891/1022/275
f 889/1020/276 901/1032/276 902/1033/276 892/1023/276
f 890/1021/254 891/1022/254 894/1025/254 893/1024/254
f 891/1022/406 892/1023/406 895/1026/406 894/1025/406
f 892/1023/277 902/1033/277 903/1034/277 895/1026/277
f 879/1010/270 896/1027/270 899/1030/270 898/1029/270
f 896/1027/258 897/1028/258 900/1031/258 899/1030/258
f 897/1028/259 885/1016/259 886/1017/259 900/1031/259
f 898/1029/271 899/1030/271 902/1033/271 901/1032/271
f 899/1030/261 900/1031/261 903/1034/261 902/1033/261
f 900/1031/262 886/1017/262 887/1018/262 903/1034/262
f 887/1018/407 895/1026/407 903/1034/407
f 922/1054/408 925/1057/408 928/1060/408 927/1059/408
f 925/1057/409 926/1058/409 929/1061/409 928/1060/409
f 926/1058/410 938/1070/410 939/1072/410 929/1061/410
f 927/1059/411 928/1060/411 931/1063/411 930/1062/411
f 928/1060/412 929/1061/412 932/1064/412 931/1063/412
f 929/1061/413 939/1072/413 940/1075/413 932/1064/413
f 923/1055/414 933/1065/414 936/1068/414 935/1067/414
f 933/1065/415 934/1066/415 937/1069/415 936/1068/415
f 934/1066/416 946/1083/416 947/1084/416 937/1069/416
f 935/1067/417 936/1068/417 939/1073/417 938/1071/417
f 936/1068/418 937/1069/418 940/1074/418 939/1073/418
f 937/1069/419 947/1084/419 948/1085/419 940/1074/419
f 924/1056/420 941/1076/420 944/1080/420 943/1079/420
f 941/1076/421 942/1077/421 945/1081/421 944/1080/421
f 942/1078/422 930/1062/422 931/1063/422 945/1082/422
f 943/1079/423 944/1080/423 947/1084/423 946/1083/423
f 944/1080/424 945/1081/424 948/1085/424 947/1084/424
f 945/1082/425 931/1063/425 932/1064/425 948/1086/425
f 932/1064/426 940/1075/426 948/1086/426
f 949/1087/192 952/1090/192 955/1093/192 954/1092/192
f 952/1090/193 953/1091/193 956/1094/193 955/1093/193
f 953/1091/427 965/1103/427 966/1104/427 956/1094/427
f 954/1092/428 955/1093/428 958/1096/428 957/1095/428
f 955/1093/196 956/1094/196 959/1097/196 958/1096/196
f 956/1094/197 966/1104/197 967/1105/197 959/1097/197
f 950/1088/198 960/1098/198 963/1101/198 962/1100/198
f 960/1098/429 961/1099/429 964/1102/429 963/1101/429
f 961/1099/200 973/1111/200 974/1112/200 964/1102/200
f 962/1100/430 963/1101/430 966/1104/430 965/1103/430
f 963/1101/431 964/1102/431 967/1105/431 966/1104/431
f 964/1102/203 974/1112/203 975/1113/203 967/1105/203
f 951/1089/204 968/1106/204 971/1109/204 970/1108/204
f 968/1106/205 969/1107/205 972/1110/205 971/1109/205
f 969/1107/206 957/1095/206 958/1096/206 972/1110/206
f 970/1108/207 971/1109/207 974/1112/207 973/1111/207
f 971/1109/432 972/1110/432 975/1113/432 974/1112/432
f 972/1110/209 958/1096/209 959/1097/209 975/1113/209
f 959/1097/433 967/1105/433 975/1113/433
f 976/1114/10 979/1117/10 982/1120/10 981/1119/10
f 979/1117/279 980/1118/279 983/1121/279 982/1120/279
f 980/1118/12 992/1130/12 993/1131/12 983/1121/12
f 981/1119/13 982/1120/13 985/1123/13 984/1122/13
f 982/1120/14 983/1121/14 986/1124/14 985/1123/14
f 983/1121/15 993/1131/15 994/1132/15 986/1124/15
f 977/1115/16 987/1125/16 990/1128/16 989/1127/16
f 987/1125/17 988/1126/17 991/1129/17 990/1128/17
f 988/1126/18 1000/1138/18 1001/1139/18 991/1129/18
f 989/1127/19 990/1128/19 993/1131/19 992/1130/19
f 990/1128/20 991/1129/20 994/1132/20 993/1131/20
f 991/1129/21 1001/1139/21 1002/1140/21 994/1132/21
f 978/1116/22 995/1133/22 998/1136/22 997/1135/22
f 995/1133/23 996/1134/23 999/1137/23 998/1136/23
f 996/1134/24 984/1122/24 985/1123/24 999/1137/24
f 997/1135/25 998/1136/25 1001/1139/25 1000/1138/25
f 998/1136/282 999/1137/282 1002/1140/282 1001/1139/282
f 999/1137/434 985/1123/434 986/1124/434 1002/1140/434
f 986/1124/435 994/1132/435 1002/1140/435
f 1003/1141/436 1009/1147/436 1012/1150/436 1011/1149/436
f 1009/1147/437 1010/1148/437 1013/1151/437 1012/1150/437
f 1010/1148/438 1022/1160/438 1023/1161/438 1013/1151/438
f 1011/1149/439 1012/1150/439 1015/1153/439 1014/1152/439
f 1012/1150/440 1013/1151/440 1016/1154/440 1015/1153/440
f 1013/1151/441 1023/1161/441 1024/1162/441 1016/1154/441
f 1004/1142/442 1017/1155/442 1020/1158/442 1019/1157/442
f 1017/1155/443 1018/1156/443 1021/1159/443 1020/1158/443
f 1018/1156/444 1030/1168/444 1031/1169/444 1021/1159/444
f 1019/1157/445 1020/1158/445 1023/1161/445 1022/1160/445
f 1020/1158/446 1021/1159/446 1024/1162/446 1023/1161/446
f 1021/1159/447 1031/1169/447 1032/1170/447 1024/1162/447
f 1005/1143/448 1025/1163/448 1028/1166/448 1027/1165/448
f 1025/1163/449 1026/1164/449 1029/1167/449 1028/1166/449
f 1026/1164/450 1038/1176/450 1039/1177/450 1029/1167/450
f 1027/1165/451 1028/1166/451 1031/1169/451 1030/1168/451
f 1028/1166/452 1029/1167/452 1032/1170/452 1031/1169/452
f 1029/1167/453 1039/1177/453 1040/1178/453 1032/1170/453
f 1006/1144/436 1033/1171/436 1036/1174/436 1035/1173/436
f 1033/1171/437 1034/1172/437 1037/1175/437 1036/1174/437
f 1034/1172/454 1046/1184/454 1047/1185/454 1037/1175/454
f 1035/1173/439 1036/1174/439 1039/1177/439 1038/1176/439
f 1036/1174/440 1037/1175/440 1040/1178/440 1039/1177/440
f 1037/1175/441 1047/1185/441 1048/1186/441 1040/1178/441
f 1007/1145/442 1041/1179/442 1044/1182/442 1043/1181/442
f 1041/1179/443 1042/1180/443 1045/1183/443 1044/1182/443
f 1042/1180/444 1054/1192/444 1055/1193/444 1045/1183/444
f 1043/1181/445 1044/1182/445 1047/1185/445 1046/1184/445
f 1044/1182/446 1045/1183/446 1048/1186/446 1047/1185/446
f 1045/1183/447 1055/1193/447 1056/1194/447 1048/1186/447
f 1008/1146/448 1049/1187/448 1052/1190/448 1051/1189/448
f 1049/1187/449 1050/1188/449 1053/1191/449 1052/1190/449
f 1050/1188/450 1014/1152/450 1015/1153/450 1053/1191/450
f 1051/1189/451 1052/1190/451 1055/1193/451 1054/1192/451
f 1052/1190/452 1053/1191/452 1056/1194/452 1055/1193/452
f 1053/1191/453 1015/1153/453 1016/1154/453 1056/1194/453
f 1016/1154/455 1024/1162/455 1032/1170/455 1040/1178/455 1048/1186/455 1056/1194/455
f 1057/1195/251 1060/1198/251 1063/1201/251 1062/1200/251
f 1060/1198/275 1061/1199/275 1064/1202/275 1063/1201/275
f 1061/1199/276 1073/1211/276 1074/1212/276 1064/1202/276
f 1062/1200/456 1063/1201/456 1066/1204/456 1065/1203/456
f 1063/1201/406 1064/1202/406 1067/1205/406 1066/1204/406
f 1064/1202/277 1074/1212/277 1075/1213/277 1067/1205/277
f 1058/1196/270 1068/1206/270 1071/1209/270 1070/1208/270
f 1068/1206/457 1069/1207/457 1072/1210/457 1071/1209/457
f 1069/1207/259 1081/1219/259 1082/1220/259 1072/1210/259
f 1070/1208/458 1071/1209/458 1074/1212/458 1073/1211/458
f 1071/1209/459 1072/1210/459 1075/1213/459 1074/1212/459
f 1072/1210/460 1082/1220/460 1083/1221/460 1075/1213/460
f 1059/1197/245 1076/1214/245 1079/1217/245 1078/1216/245
f 1076/1214/273 1077/1215/273 1080/1218/273 1079/1217/273
f 1077/1215/247 1065/1203/247 1066/1204/247 1080/1218/247
f 1078/1216/461 1079/1217/461 1082/1220/461 1081/1219/461
f 1079/1217/249 1080/1218/249 1083/1221/249 1082/1220/249
f 1080/1218/250 1066/1204/250 1067/1205/250 1083/1221/250
f 1067/1205/462 1075/1213/462 1083/1221/462
f 1084/1222/463 1088/1228/463 1091/1231/463 1090/1230/463
f 1088/1228/464 1089/1229/464 1092/1232/464 1091/1231/464
f 1089/1229/465 1101/1241/465 1102/1242/465 1092/1232/465
f 1090/1230/466 1091/1231/466 1094/1234/466 1093/1233/466
f 1091/1231/467 1092/1232/467 1095/1235/467 1094/1234/467
f 1092/1232/468 1102/1242/468 1103/1243/468 1095/1235/468
f 1085/1223/469 1096/1236/469 1099/1239/469 1098/1238/469
f 1096/1236/470 1097/1237/470 1100/1240/470 1099/1239/470
f 1097/1237/471 1109/1254/471 1110/1256/471 1100/1240/471
f 1098/1238/472 1099/1239/472 1102/1242/472 1101/1241/472
f 1099/1239/473 1100/1240/473 1103/1243/473 1102/1242/473
f 1100/1240/474 1110/1256/474 1111/1258/474 1103/1243/474
f 1086/1225/475 1104/1245/475 1107/1251/475 1106/1249/475
f 1104/1245/476 1105/1247/476 1108/1252/476 1107/1251/476
f 1105/1248/477 1117/1266/477 1118/1267/477 1108/1253/477
f 1106/1249/478 1107/1251/478 1110/1256/478 1109/1254/478
f 1107/1251/479 1108/1252/479 1111/1258/479 1110/1256/479
f 1108/1253/480 1118/1267/480 1119/1268/480 1111/1257/480
f 1087/1227/481 1112/1259/481 1115/1263/481 1114/1262/481
f 1112/1259/482 1113/1260/482 1116/1264/482 1115/1263/482
f 1113/1260/483 1093/1233/483 1094/1234/483 1116/1264/483
f 1114/1262/484 1115/1263/484 1118/1267/484 1117/1266/484
f 1115/1263/485 1116/1264/485 1119/1268/485 1118/1267/485
f 1116/1264/486 1094/1234/486 1095/1235/486 1119/1268/486
f 1095/1235/487 1103/1243/487 1111/1258/487 1119/1268/487
f 1120/1269/488 1124/1274/488 1127/1277/488 1126/1276/488
f 1124/1274/489 1125/1275/489 1128/1278/489 1127/1277/489
f 1125/1275/490 1137/1287/490 1138/1288/490 1128/1278/490
f 1126/1276/491 1127/1277/491 1130/1280/491 1129/1279/491
f 1127/1277/492 1128/1278/492 1131/1281/492 1130/1280/492
f 1128/1278/493 1138/1288/493 1139/1289/493 1131/1281/493
f 1121/1270/494 1132/1282/494 1135/1285/494 1134/1284/494
f 1132/1282/495 1133/1283/495 1136/1286/495 1135/1285/495
f 1133/1283/496 1145/1298/496 1146/1300/496 1136/1286/496
f 1134/1284/497 1135/1285/497 1138/1288/497 1137/1287/497
f 1135/1285/498 1136/1286/498 1139/1289/498 1138/1288/498
f 1136/1286/499 1146/1300/499 1147/1301/499 1139/1289/499
f 1122/1271/500 1140/1291/500 1143/1296/500 1142/1294/500
f 1140/1291/501 1141/1293/501 1144/1297/501 1143/1296/501
f 1141/1293/502 1153/1307/502 1154/1309/502 1144/1297/502
f 1142/1294/503 1143/1296/503 1146/1300/503 1145/1298/503
f 1143/1296/504 1144/1297/504 1147/1301/504 1146/1300/504
f 1144/1297/505 1154/1309/505 1155/1311/505 1147/1301/505
f 1123/1273/506 1148/1302/506 1151/1305/506 1150/1304/506
f 1148/1302/507 1149/1303/507 1152/1306/507 1151/1305/507
f 1149/1303/508 1129/1279/508 1130/1280/508 1152/1306/508
f 1150/1304/509 1151/1305/509 1154/1310/509 1153/1308/509
f 1151/1305/510 1152/1306/510 1155/1312/510 1154/1310/510
f 1152/1306/511 1130/1280/511 1131/1281/511 1155/1312/511
f 1131/1281/512 1139/1289/512 1147/1301/512 1155/1312/512
f 1168/1326/513 1172/1331/513 1175/1334/513 1174/1333/513
f 1172/1331/514 1173/1332/514 1176/1335/514 1175/1334/514
f 1173/1332/515 1185/1344/515 1186/1345/515 1176/1335/515
f 1174/1333/516 1175/1334/516 1178/1337/516 1177/1336/516
f 1175/1334/517 1176/1335/517 1179/1338/517 1178/1337/517
f 1176/1335/518 1186/1345/518 1187/1346/518 1179/1338/518
f 1169/1327/519 1180/1339/519 1183/1342/519 1182/1341/519
f 1180/1339/520 1181/1340/520 1184/1343/520 1183/1342/520
f 1181/1340/521 1193/1356/521 1194/1358/521 1184/1343/521
f 1182/1341/522 1183/1342/522 1186/1345/522 1185/1344/522
f 1183/1342/523 1184/1343/523 1187/1346/523 1186/1345/523
f 1184/1343/524 1194/1358/524 1195/1360/524 1187/1346/524
f 1170/1328/525 1188/1348/525 1191/1353/525 1190/1351/525
f 1188/1348/526 1189/1349/526 1192/1354/526 1191/1353/526
f 1189/1350/527 1201/1366/527 1202/1367/527 1192/1355/527
f 1190/1351/528 1191/1353/528 1194/1358/528 1193/1356/528
f 1191/1353/529 1192/1354/529 1195/1360/529 1194/1358/529
f 1192/1355/530 1202/1367/530 1203/1368/530 1195/1359/530
f 1171/1330/531 1196/1361/531 1199/1364/531 1198/1363/531
f 1196/1361/532 1197/1362/532 1200/1365/532 1199/1364/532
f 1197/1362/533 1177/1336/533 1178/1337/533 1200/1365/533
f 1198/1363/534 1199/1364/534 1202/1367/534 1201/1366/534
f 1199/1364/535 1200/1365/535 1203/1368/535 1202/1367/535
f 1200/1365/536 1178/1337/536 1179/1338/536 1203/1368/536
f 1179/1338/537 1187/1346/537 1195/1360/537 1203/1368/537
f 1204/1369/538 1208/1375/538 1211/1378/538 1210/1377/538
f 1208/1375/55 1209/1376/55 1212/1379/55 1211/1378/55
f 1209/1376/539 1221/1390/539 1222/1392/539 1212/1379/539
f 1210/1377/540 1211/1378/540 1214/1381/540 1213/1380/540
f 1211/1378/58 1212/1379/58 1215/1382/58 1214/1381/58
f 1212/1379/59 1222/1392/59 1223/1393/59 1215/1382/59
f 1205/1370/541 1216/1384/541 1219/1388/541 1218/1386/541
f 1216/1384/61 1217/1385/61 1220/1389/61 1219/1388/61
f 1217/1385/62 1229/1401/62 1230/1403/62 1220/1389/62
f 1218/1386/63 1219/1388/63 1222/1392/63 1221/1390/63
f 1219/1388/64 1220/1389/64 1223/1393/64 1222/1392/64
f 1220/1389/65 1230/1403/65 1231/1404/65 1223/1393/65
f 1206/1373/66 1224/1395/66 1227/1399/66 1226/1398/66
f 1224/1395/67 1225/1396/67 1228/1400/67 1227/1399/67
f 1225/1396/68 1237/1412/68 1238/1413/68 1228/1400/68
f 1226/1398/542 1227/1399/542 1230/1403/542 1229/1402/542
f 1227/1399/543 1228/1400/543 1231/1405/543 1230/1403/543
f 1228/1400/544 1238/1413/544 1239/1414/544 1231/1405/544
f 1207/1374/72 1232/1407/72 1235/1410/72 1234/1409/72
f 1232/1407/73 1233/1408/73 1236/1411/73 1235/1410/73
f 1233/1408/74 1213/1380/74 1214/1381/74 1236/1411/74
f 1234/1409/75 1235/1410/75 1238/1413/75 1237/1412/75
f 1235/1410/76 1236/1411/76 1239/1414/76 1238/1413/76
f 1236/1411/77 1214/1381/77 1215/1382/77 1239/1414/77
f 1215/1383/545 1223/1394/545 1231/1406/545 1239/1414/545
f 1240/1415/546 1244/1422/546 1247/1425/546 1246/1424/546
f 1244/1422/547 1245/1423/547 1248/1426/547 1247/1425/547
f 1245/1423/548 1257/1439/548 1258/1441/548 1248/1426/548
f 1246/1424/549 1247/1425/549 1250/1428/549 1249/1427/549
f 1247/1425/550 1248/1426/550 1251/1429/550 1250/1428/550
f 1248/1426/551 1258/1441/551 1259/1442/551 1251/1429/551
f 1241/1417/552 1252/1432/552 1255/1437/552 1254/1435/552
f 1252/1432/553 1253/1434/553 1256/1438/553 1255/1437/553
f 1253/1434/554 1265/1451/554 1266/1453/554 1256/1438/554
f 1254/1435/555 1255/1437/555 1258/1441/555 1257/1439/555
f 1255/1437/556 1256/1438/556 1259/1442/556 1258/1441/556
f 1256/1438/557 1266/1453/557 1267/1455/557 1259/1442/557
f 1242/1420/558 1260/1444/558 1263/1448/558 1262/1447/558
f 1260/1444/559 1261/1445/559 1264/1449/559 1263/1448/559
f 1261/1445/560 1273/1463/560 1274/1464/560 1264/1449/560
f 1262/1447/561 1263/1448/561 1266/1454/561 1265/1452/561
f 1263/1448/562 1264/1449/562 1267/1456/562 1266/1454/562
f 1264/1449/563 1274/1464/563 1275/1465/563 1267/1456/563
f 1243/1421/564 1268/1458/564 1271/1461/564 1270/1460/564
f 1268/1458/565 1269/1459/565 1272/1462/565 1271/1461/565
f 1269/1459/566 1249/1427/566 1250/1428/566 1272/1462/566
f 1270/1460/567 1271/1461/567 1274/1464/567 1273/1463/567
f 1271/1461/568 1272/1462/568 1275/1465/568 1274/1464/568
f 1272/1462/569 1250/1428/569 1251/1429/569 1275/1465/569
f 1251/1430/570 1259/1443/570 1267/1457/570 1275/1465/570
f 1318/1517/571 1321/1520/571 1324/1523/571 1323/1522/571
f 1321/1520/572 1322/1521/572 1325/1524/572 1324/1523/572
f 1322/1521/573 1334/1535/573 1335/1537/573 1325/1524/573
f 1323/1522/574 1324/1523/574 1327/1526/574 1326/1525/574
f 1324/1523/575 1325/1524/575 1328/1527/575 1327/1526/575
f 1325/1524/576 1335/1537/576 1336/1541/576 1328/1527/576
f 1319/1518/577 1329/1528/577 1332/1532/577 1331/1531/577
f 1329/1528/578 1330/1530/578 1333/1533/578 1332/1532/578
f 1330/1529/579 1342/1549/579 1343/1550/579 1333/1534/579
f 1331/1531/580 1332/1532/580 1335/1538/580 1334/1536/580
f 1332/1532/581 1333/1533/581 1336/1539/581 1335/1538/581
f 1333/1534/582 1343/1550/582 1344/1551/582 1336/1540/582
f 1320/1519/583 1337/1542/583 1340/1546/583 1339/1545/583
f 1337/1542/584 1338/1544/584 1341/1547/584 1340/1546/584
f 1338/1543/585 1326/1525/585 1327/1526/585 1341/1548/585
f 1339/1545/586 1340/1546/586 1343/1550/586 1342/1549/586
f 1340/1546/587 1341/1547/587 1344/1551/587 1343/1550/587
f 1341/1548/588 1327/1526/588 1328/1527/588 1344/1552/588
f 1328/1527/589 1336/1541/589 1344/1552/589
f 1345/1553/10 1348/1556/10 1351/1559/10 1350/1558/10
f 1348/1556/279 1349/1557/279 1352/1560/279 1351/1559/279
f 1349/1557/12 1361/1569/12 1362/1570/12 1352/1560/12
f 1350/1558/13 1351/1559/13 1354/1562/13 1353/1561/13
f 1351/1559/280 1352/1560/280 1355/1563/280 1354/1562/280
f 1352/1560/15 1362/1570/15 1363/1571/15 1355/1563/15
f 1346/1554/16 1356/1564/16 1359/1567/16 1358/1566/16
f 1356/1564/17 1357/1565/17 1360/1568/17 1359/1567/17
f 1357/1565/18 1369/1581/18 1370/1582/18 1360/1568/18
f 1358/1566/281 1359/1567/281 1362/1570/281 1361/1569/281
f 1359/1567/20 1360/1568/20 1363/1571/20 1362/1570/20
f 1360/1568/21 1370/1582/21 1371/1585/21 1363/1571/21
f 1347/1555/22 1364/1573/22 1367/1577/22 1366/1576/22
f 1364/1573/23 1365/1575/23 1368/1578/23 1367/1577/23
f 1365/1574/24 1353/1561/24 1354/1562/24 1368/1579/24
f 1366/1576/25 1367/1577/25 1370/1583/25 1369/1580/25
f 1367/1577/282 1368/1578/282 1371/1584/282 1370/1583/282
f 1368/1579/27 1354/1562/27 1355/1563/27 1371/1585/27
f 1355/1563/283 1363/1572/283 1371/1585/283
f 1372/1586/251 1375/1589/251 1378/1592/251 1377/1591/251
f 1375/1589/275 1376/1590/275 1379/1593/275 1378/1592/275
f 1376/1590/276 1388/1602/276 1389/1604/276 1379/1593/276
f 1377/1591/254 1378/1592/254 1381/1595/254 1380/1594/254
f 1378/1592/255 1379/1593/255 1382/1596/255 1381/1595/255
f 1379/1593/277 1389/1604/277 1390/1607/277 1382/1596/277
f 1373/1587/270 1383/1597/270 1386/1600/270 1385/1599/270
f 1383/1597/258 1384/1598/258 1387/1601/258 1386/1600/258
f 1384/1598/259 1396/1616/259 1397/1617/259 1387/1601/259
f 1385/1599/271 1386/1600/271 1389/1605/271 1388/1603/271
f 1386/1600/459 1387/1601/459 1390/1606/459 1389/1605/459
f 1387/1601/272 1397/1617/272 1398/1619/272 1390/1606/272
f 1374/1588/245 1391/1608/245 1394/1612/245 1393/1611/245
f 1391/1608/273 1392/1609/273 1395/1613/273 1394/1612/273
f 1392/1610/247 1380/1594/247 1381/1595/247 1395/1614/247
f 1393/1611/274 1394/1612/274 1397/1618/274 1396/1615/274
f 1394/1612/249 1395/1613/249 1398/1620/249 1397/1618/249
f 1395/1614/250 1381/1595/250 1382/1596/250 1398/1621/250
f 1382/1596/278 1390/1607/278 1398/1621/278
f 1405/1629/392 1408/1632/392 1411/1635/392 1410/1634/392
f 1408/1632/590 1409/1633/590 1412/1636/590 1411/1635/590
f 1409/1633/394 1421/1645/394 1422/1646/394 1412/1636/394
f 1410/1634/591 1411/1635/591 1414/1638/591 1413/1637/591
f 1411/1635/592 1412/1636/592 1415/1639/592 1414/1638/592
f 1412/1636/397 1422/1646/397 1423/1647/397 1415/1639/397
f 1406/1630/398 1416/1640/398 1419/1643/398 1418/1642/398
f 1416/1640/593 1417/1641/593 1420/1644/593 1419/1643/593
f 1417/1641/400 1429/1655/400 1430/1657/400 1420/1644/400
f 1418/1642/594 1419/1643/594 1422/1646/594 1421/1645/594
f 1419/1643/595 1420/1644/595 1423/1647/595 1422/1646/595
f 1420/1644/403 1430/1657/403 1431/1660/403 1423/1647/403
f 1407/1631/386 1424/1648/386 1427/1652/386 1426/1651/386
f 1424/1648/596 1425/1649/596 1428/1653/596 1427/1652/596
f 1425/1650/388 1413/1637/388 1414/1638/388 1428/1654/388
f 1426/1651/597 1427/1652/597 1430/1658/597 1429/1656/597
f 1427/1652/390 1428/1653/390 1431/1659/390 1430/1658/390
f 1428/1654/391 1414/1638/391 1415/1639/391 1431/1660/391
f 1415/1639/598 1423/1647/598 1431/1660/598
f 1492/1727/104 1495/1730/104 1498/1733/104 1497/1732/104
f 1495/1730/105 1496/1731/105 1499/1734/105 1498/1733/105
f 1496/1731/106 1508/1743/106 1509/1744/106 1499/1734/106
f 1497/1732/107 1498/1733/107 1501/1736/107 1500/1735/107
f 1498/1733/108 1499/1734/108 1502/1737/108 1501/1736/108
f 1499/1734/109 1509/1744/109 1510/1745/109 1502/1737/109
f 1493/1728/110 1503/1738/110 1506/1741/110 1505/1740/110
f 1503/1738/216 1504/1739/216 1507/1742/216 1506/1741/216
f 1504/1739/112 1516/1751/112 1517/1752/112 1507/1742/112
f 1505/1740/217 1506/1741/217 1509/1744/217 1508/1743/217
f 1506/1741/218 1507/1742/218 1510/1745/218 1509/1744/218
f 1507/1742/115 1517/1752/115 1518/1753/115 1510/1745/115
f 1494/1729/116 1511/1746/116 1514/1749/116 1513/1748/116
f 1511/1746/117 1512/1747/117 1515/1750/117 1514/1749/117
f 1512/1747/118 1500/1735/118 1501/1736/118 1515/1750/118
f 1513/1748/212 1514/1749/212 1517/1752/212 1516/1751/212
f 1514/1749/599 1515/1750/599 1518/1753/599 1517/1752/599
f 1515/1750/214 1501/1736/214 1502/1737/214 1518/1753/214
f 1502/1737/600 1510/1745/600 1518/1753/600
f 1519/1754/10 1522/1757/10 1525/1760/10 1524/1759/10
f 1522/1757/11 1523/1758/11 1526/1761/11 1525/1760/11
f 1523/1758/12 1535/1770/12 1536/1771/12 1526/1761/12
f 1524/1759/13 1525/1760/13 1528/1763/13 1527/1762/13
f 1525/1760/14 1526/1761/14 1529/1764/14 1528/1763/14
f 1526/1761/15 1536/1771/15 1537/1772/15 1529/1764/15
f 1520/1755/16 1530/1765/16 1533/1768/16 1532/1767/16
f 1530/1765/17 1531/1766/17 1534/1769/17 1533/1768/17
f 1531/1766/18 1543/1778/18 1544/1779/18 1534/1769/18
f 1532/1767/19 1533/1768/19 1536/1771/19 1535/1770/19
f 1533/1768/20 1534/1769/20 1537/1772/20 1536/1771/20
f 1534/1769/21 1544/1779/21 1545/1780/21 1537/1772/21
f 1521/1756/22 1538/1773/22 1541/1776/22 1540/1775/22
f 1538/1773/601 1539/1774/601 1542/1777/601 1541/1776/601
f 1539/1774/24 1527/1762/24 1528/1763/24 1542/1777/24
f 1540/1775/25 1541/1776/25 1544/1779/25 1543/1778/25
f 1541/1776/602 1542/1777/602 1545/1780/602 1544/1779/602
f 1542/1777/27 1528/1763/27 1529/1764/27 1545/1780/27
f 1529/1764/603 1537/1772/603 1545/1780/603
f 1612/1847/620 1615/1850/620 1618/1853/620 1617/1852/620
f 1615/1850/621 1616/1851/621 1619/1854/621 1618/1853/621
f 1616/1851/622 1628/1863/622 1629/1864/622 1619/1854/622
f 1617/1852/623 1618/1853/623 1621/1856/623 1620/1855/623
f 1618/1853/624 1619/1854/624 1622/1857/624 1621/1856/624
f 1619/1854/625 1629/1864/625 1630/1865/625 1622/1857/625
f 1613/1848/626 1623/1858/626 1626/1861/626 1625/1860/626
f 1623/1858/627 1624/1859/627 1627/1862/627 1626/1861/627
f 1624/1859/628 1636/1871/628 1637/1872/628 1627/1862/628
f 1625/1860/629 1626/1861/629 1629/1864/629 1628/1863/629
f 1626/1861/630 1627/1862/630 1630/1865/630 1629/1864/630
f 1627/1862/631 1637/1872/631 1638/1873/631 1630/1865/631
f 1614/1849/632 1631/1866/632 1634/1869/632 1633/1868/632
f 1631/1866/633 1632/1867/633 1635/1870/633 1634/1869/633
f 1632/1867/634 1620/1855/634 1621/1856/634 1635/1870/634
f 1633/1868/635 1634/1869/635 1637/1872/635 1636/1871/635
f 1634/1869/636 1635/1870/636 1638/1873/636 1637/1872/636
f 1635/1870/637 1621/1856/637 1622/1857/637 1638/1873/637
f 1622/1857/210 1630/1865/210 1638/1873/210
f 1639/1874/116 1642/1877/116 1645/1880/116 1644/1879/116
f 1642/1877/211 1643/1878/211 1646/1881/211 1645/1880/211
f 1643/1878/118 1655/1890/118 1656/1891/118 1646/1881/118
f 1644/1879/638 1645/1880/638 1648/1883/638 1647/1882/638
f 1645/1880/599 1646/1881/599 1649/1884/599 1648/1883/599
f 1646/1881/214 1656/1891/214 1657/1892/214 1649/1884/214
f 1640/1875/104 1650/1885/104 1653/1888/104 1652/1887/104
f 1650/1885/639 1651/1886/639 1654/1889/639 1653/1888/639
f 1651/1886/106 1663/1898/106 1664/1899/106 1654/1889/106
f 1652/1887/107 1653/1888/107 1656/1891/107 1655/1890/107
f 1653/1888/108 1654/1889/108 1657/1892/108 1656/1891/108
f 1654/1889/109 1664/1899/109 1665/1900/109 1657/1892/109
f 1641/1876/110 1658/1893/110 1661/1896/110 1660/1895/110
f 1658/1893/216 1659/1894/216 1662/1897/216 1661/1896/216
f 1659/1894/112 1647/1882/112 1648/1883/112 1662/1897/112
f 1660/1895/217 1661/1896/217 1664/1899/217 1663/1898/217
f 1661/1896/640 1662/1897/640 1665/1900/640 1664/1899/640
f 1662/1897/115 1648/1883/115 1649/1884/115 1665/1900/115
f 1649/1884/641 1657/1892/641 1665/1900/641
f 1666/1901/642 1670/1906/642 1673/1909/642 1672/1908/642
f 1670/1906/643 1671/1907/643 1674/1910/643 1673/1909/643
f 1671/1907/644 1683/1919/644 1684/1920/644 1674/1910/644
f 1672/1908/645 1673/1909/645 1676/1912/645 1675/1911/645
f 1673/1909/646 1674/1910/646 1677/1913/646 1676/1912/646
f 1674/1910/647 1684/1920/647 1685/1921/647 1677/1913/647
f 1667/1902/648 1678/1914/648 1681/1917/648 1680/1916/648
f 1678/1914/649 1679/1915/649 1682/1918/649 1681/1917/649
f 1679/1915/650 1691/1931/650 1692/1933/650 1682/1918/650
f 1680/1916/651 1681/1917/651 1684/1920/651 1683/1919/651
f 1681/1917/652 1682/1918/652 1685/1921/652 1684/1920/652
f 1682/1918/653 1692/1933/653 1693/1935/653 1685/1921/653
f 1668/1903/654 1686/1923/654 1689/1928/654 1688/1926/654
f 1686/1923/655 1687/1924/655 1690/1929/655 1689/1928/655
f 1687/1925/656 1699/1941/656 1700/1942/656 1690/1930/656
f 1688/1926/657 1689/1928/657 1692/1933/657 1691/1931/657
f 1689/1928/658 1690/1929/658 1693/1935/658 1692/1933/658
f 1690/1930/659 1700/1942/659 1701/1943/659 1693/1934/659
f 1669/1905/660 1694/1936/660 1697/1939/660 1696/1938/660
f 1694/1936/661 1695/1937/661 1698/1940/661 1697/1939/661
f 1695/1937/662 1675/1911/662 1676/1912/662 1698/1940/662
f 1696/1938/663 1697/1939/663 1700/1942/663 1699/1941/663
f 1697/1939/664 1698/1940/664 1701/1943/664 1700/1942/664
f 1698/1940/665 1676/1912/665 1677/1913/665 1701/1943/665
f 1677/1913/666 1685/1921/666 1693/1935/666 1701/1943/666
f 1702/1944/667 1706/1948/667 1709/1951/667 1708/1950/667
f 1706/1948/668 1707/1949/668 1710/1952/668 1709/1951/668
f 1707/1949/669 1719/1961/669 1720/1962/669 1710/1952/669
f 1708/1950/670 1709/1951/670 1712/1954/670 1711/1953/670
f 1709/1951/671 1710/1952/671 1713/1955/671 1712/1954/671
f 1710/1952/672 1720/1962/672 1721/1963/672 1713/1955/672
f 1703/1945/673 1714/1956/673 1717/1959/673 1716/1958/673
f 1714/1956/674 1715/1957/674 1718/1960/674 1717/1959/674
f 1715/1957/675 1727/1970/675 1728/1972/675 1718/1960/675
f 1716/1958/676 1717/1959/676 1720/1962/676 1719/1961/676
f 1717/1959/677 1718/1960/677 1721/1963/677 1720/1962/677
f 1718/1960/678 1728/1972/678 1729/1974/678 1721/1963/678
f 1704/1946/679 1722/1964/679 1725/1967/679 1724/1966/679
f 1722/1964/680 1723/1965/680 1726/1968/680 1725/1967/680
f 1723/1965/681 1735/1980/681 1736/1981/681 1726/1969/681
f 1724/1966/682 1725/1967/682 1728/1972/682 1727/1970/682
f 1725/1967/683 1726/1968/683 1729/1974/683 1728/1972/683
f 1726/1969/684 1736/1981/684 1737/1982/684 1729/1973/684
f 1705/1947/685 1730/1975/685 1733/1978/685 1732/1977/685
f 1730/1975/686 1731/1976/686 1734/1979/686 1733/1978/686
f 1731/1976/687 1711/1953/687 1712/1954/687 1734/1979/687
f 1732/1977/688 1733/1978/688 1736/1981/688 1735/1980/688
f 1733/1978/689 1734/1979/689 1737/1982/689 1736/1981/689
f 1734/1979/690 1712/1954/690 1713/1955/690 1737/1982/690
f 1713/1955/691 1721/1963/691 1729/1974/691 1737/1982/691
f 1738/1983/166 1742/1988/166 1745/1991/166 1744/1990/166
f 1742/1988/167 1743/1989/167 1746/1992/167 1745/1991/167
f 1743/1989/692 1755/2001/692 1756/2002/692 1746/1992/692
f 1744/1990/169 1745/1991/169 1748/1994/169 1747/1993/169
f 1745/1991/170 1746/1992/170 1749/1995/170 1748/1994/170
f 1746/1992/171 1756/2002/171 1757/2003/171 1749/1995/171
f 1739/1984/693 1750/1996/693 1753/1999/693 1752/1998/693
f 1750/1996/694 1751/1997/694 1754/2000/694 1753/1999/694
f 1751/1997/150 1763/2013/150 1764/2015/150 1754/2000/150
f 1752/1998/151 1753/1999/151 1756/2002/151 1755/2001/151
f 1753/1999/152 1754/2000/152 1757/2003/152 1756/2002/152
f 1754/2000/153 1764/2015/153 1765/2017/153 1757/2003/153
f 1740/1985/154 1758/2005/154 1761/2010/154 1760/2008/154
f 1758/2005/155 1759/2006/155 1762/2011/155 1761/2010/155
f 1759/2007/156 1771/2023/156 1772/2024/156 1762/2012/156
f 1760/2008/157 1761/2010/157 1764/2015/157 1763/2013/157
f 1761/2010/158 1762/2011/158 1765/2017/158 1764/2015/158
f 1762/2012/159 1772/2024/159 1773/2025/159 1765/2016/159
f 1741/1987/695 1766/2018/695 1769/2021/695 1768/2020/695
f 1766/2018/161 1767/2019/161 1770/2022/161 1769/2021/161
f 1767/2019/162 1747/1993/162 1748/1994/162 1770/2022/162
f 1768/2020/163 1769/2021/163 1772/2024/163 1771/2023/163
f 1769/2021/164 1770/2022/164 1773/2025/164 1772/2024/164
f 1770/2022/165 1748/1994/165 1749/1995/165 1773/2025/165
f 1749/1995/696 1757/2003/696 1765/2017/696 1773/2025/696
f 1774/2026/79 1778/2031/79 1781/2034/79 1780/2033/79
f 1778/2031/80 1779/2032/80 1782/2035/80 1781/2034/80
f 1779/2032/81 1791/2048/81 1792/2050/81 1782/2035/81
f 1780/2033/82 1781/2034/82 1784/2037/82 1783/2036/82
f 1781/2034/83 1782/2035/83 1785/2038/83 1784/2037/83
f 1782/2035/84 1792/2050/84 1793/2052/84 1785/2038/84
f 1775/2027/85 1786/2040/85 1789/2045/85 1788/2043/85
f 1786/2040/86 1787/2041/86 1790/2046/86 1789/2045/86
f 1787/2042/87 1799/2058/87 1800/2059/87 1790/2047/87
f 1788/2043/88 1789/2045/88 1792/2050/88 1791/2048/88
f 1789/2045/89 1790/2046/89 1793/2052/89 1792/2050/89
f 1790/2047/90 1800/2059/90 1801/2060/90 1793/2051/90
f 1776/2029/385 1794/2053/385 1797/2056/385 1796/2055/385
f 1794/2053/92 1795/2054/92 1798/2057/92 1797/2056/92
f 1795/2054/93 1807/2066/93 1808/2067/93 1798/2057/93
f 1796/2055/697 1797/2056/697 1800/2059/697 1799/2058/697
f 1797/2056/95 1798/2057/95 1801/2060/95 1800/2059/95
f 1798/2057/96 1808/2067/96 1809/2068/96 1801/2060/96
f 1777/2030/97 1802/2061/97 1805/2064/97 1804/2063/97
f 1802/2061/98 1803/2062/98 1806/2065/98 1805/2064/98
f 1803/2062/99 1783/2036/99 1784/2037/99 1806/2065/99
f 1804/2063/100 1805/2064/100 1808/2067/100 1807/2066/100
f 1805/2064/101 1806/2065/101 1809/2068/101 1808/2067/101
f 1806/2065/102 1784/2037/102 1785/2038/102 1809/2068/102
f 1785/2038/103 1793/2052/103 1801/2060/103 1809/2068/103
f 1810/2069/698 1814/2074/698 1817/2077/698 1816/2076/698
f 1814/2074/699 1815/2075/699 1818/2078/699 1817/2077/699
f 1815/2075/700 1827/2087/700 1828/2088/700 1818/2078/700
f 1816/2076/701 1817/2077/701 1820/2080/701 1819/2079/701
f 1817/2077/145 1818/2078/145 1821/2081/145 1820/2080/145
f 1818/2078/146 1828/2088/146 1829/2089/146 1821/2081/146
f 1811/2070/123 1822/2082/123 1825/2085/123 1824/2084/123
f 1822/2082/124 1823/2083/124 1826/2086/124 1825/2085/124
f 1823/2083/125 1835/2099/125 1836/2101/125 1826/2086/125
f 1824/2084/126 1825/2085/126 1828/2088/126 1827/2087/126
f 1825/2085/127 1826/2086/127 1829/2089/127 1828/2088/127
f 1826/2086/128 1836/2101/128 1837/2103/128 1829/2089/128
f 1812/2071/702 1830/2091/702 1833/2096/702 1832/2094/702
f 1830/2091/130 1831/2092/130 1834/2097/130 1833/2096/130
f 1831/2093/131 1843/2109/131 1844/2110/131 1834/2098/131
f 1832/2094/132 1833/2096/132 1836/2101/132 1835/2099/132
f 1833/2096/133 1834/2097/133 1837/2103/133 1836/2101/133
f 1834/2098/134 1844/2110/134 1845/2111/134 1837/2102/134
f 1813/2073/703 1838/2104/703 1841/2107/703 1840/2106/703
f 1838/2104/136 1839/2105/136 1842/2108/136 1841/2107/136
f 1839/2105/704 1819/2079/704 1820/2080/704 1842/2108/704
f 1840/2106/138 1841/2107/138 1844/2110/138 1843/2109/138
f 1841/2107/705 1842/2108/705 1845/2111/705 1844/2110/705
f 1842/2108/140 1820/2080/140 1821/2081/140 1845/2111/140
f 1821/2081/147 1829/2089/147 1837/2103/147 1845/2111/147
f 1846/2112/706 1850/2117/706 1853/2120/706 1852/2119/706
f 1850/2117/360 1851/2118/360 1854/2121/360 1853/2120/360
f 1851/2118/707 1863/2134/707 1864/2136/707 1854/2121/707
f 1852/2119/708 1853/2120/708 1856/2123/708 1855/2122/708
f 1853/2120/709 1854/2121/709 1857/2124/709 1856/2123/709
f 1854/2121/364 1864/2136/364 1865/2138/364 1857/2124/364
f 1847/2113/365 1858/2126/365 1861/2131/365 1860/2129/365
f 1858/2126/366 1859/2127/366 1862/2132/366 1861/2131/366
f 1859/2128/367 1871/2144/367 1872/2145/367 1862/2133/367
f 1860/2129/368 1861/2131/368 1864/2136/368 1863/2134/368
f 1861/2131/369 1862/2132/369 1865/2138/369 1864/2136/369
f 1862/2133/370 1872/2145/370 1873/2146/370 1865/2137/370
f 1848/2115/710 1866/2139/710 1869/2142/710 1868/2141/710
f 1866/2139/372 1867/2140/372 1870/2143/372 1869/2142/372
f 1867/2140/373 1879/2152/373 1880/2153/373 1870/2143/373
f 1868/2141/711 1869/2142/711 1872/2145/711 1871/2144/711
f 1869/2142/712 1870/2143/712 1873/2146/712 1872/2145/712
f 1870/2143/376 1880/2153/376 1881/2154/376 1873/2146/376
f 1849/2116/377 1874/2147/377 1877/2150/377 1876/2149/377
f 1874/2147/378 1875/2148/378 1878/2151/378 1877/2150/378
f 1875/2148/379 1855/2122/379 1856/2123/379 1878/2151/379
f 1876/2149/380 1877/2150/380 1880/2153/380 1879/2152/380
f 1877/2150/381 1878/2151/381 1881/2154/381 1880/2153/381
f 1878/2151/713 1856/2123/713 1857/2124/713 1881/2154/713
f 1857/2124/714 1865/2138/714 1873/2146/714 1881/2154/714
f 1930/2203/192 1933/2206/192 1936/2209/192 1935/2208/192
f 1933/2206/193 1934/2207/193 1937/2210/193 1936/2209/193
f 1934/2207/194 1946/2219/194 1947/2220/194 1937/2210/194
f 1935/2208/195 1936/2209/195 1939/2212/195 1938/2211/195
f 1936/2209/196 1937/2210/196 1940/2213/196 1939/2212/196
f 1937/2210/197 1947/2220/197 1948/2221/197 1940/2213/197
f 1931/2204/198 1941/2214/198 1944/2217/198 1943/2216/198
f 1941/2214/199 1942/2215/199 1945/2218/199 1944/2217/199
f 1942/2215/200 1954/2227/200 1955/2228/200 1945/2218/200
f 1943/2216/201 1944/2217/201 1947/2220/201 1946/2219/201
f 1944/2217/715 1945/2218/715 1948/2221/715 1947/2220/715
f 1945/2218/203 1955/2228/203 1956/2229/203 1948/2221/203
f 1932/2205/204 1949/2222/204 1952/2225/204 1951/2224/204
f 1949/2222/205 1950/2223/205 1953/2226/205 1952/2225/205
f 1950/2223/716 1938/2211/716 1939/2212/716 1953/2226/716
f 1951/2224/207 1952/2225/207 1955/2228/207 1954/2227/207
f 1952/2225/717 1953/2226/717 1956/2229/717 1955/2228/717
f 1953/2226/209 1939/2212/209 1940/2213/209 1956/2229/209
f 1940/2213/718 1948/2221/718 1956/2229/718
f 1957/2230/116 1960/2233/116 1963/2236/116 1962/2235/116
f 1960/2233/211 1961/2234/211 1964/2237/211 1963/2236/211
f 1961/2234/118 1973/2246/118 1974/2247/118 1964/2237/118
f 1962/2235/119 1963/2236/119 1966/2239/119 1965/2238/119
f 1963/2236/599 1964/2237/599 1967/2240/599 1966/2239/599
f 1964/2237/214 1974/2247/214 1975/2248/214 1967/2240/214
f 1958/2231/104 1968/2241/104 1971/2244/104 1970/2243/104
f 1968/2241/105 1969/2242/105 1972/2245/105 1971/2244/105
f 1969/2242/106 1981/2254/106 1982/2255/106 1972/2245/106
f 1970/2243/107 1971/2244/107 1974/2247/107 1973/2246/107
f 1971/2244/108 1972/2245/108 1975/2248/108 1974/2247/108
f 1972/2245/109 1982/2255/109 1983/2256/109 1975/2248/109
f 1959/2232/110 1976/2249/110 1979/2252/110 1978/2251/110
f 1976/2249/216 1977/2250/216 1980/2253/216 1979/2252/216
f 1977/2250/112 1965/2238/112 1966/2239/112 1980/2253/112
f 1978/2251/719 1979/2252/719 1982/2255/719 1981/2254/719
f 1979/2252/114 1980/2253/114 1983/2256/114 1982/2255/114
f 1980/2253/115 1966/2239/115 1967/2240/115 1983/2256/115
f 1967/2240/720 1975/2248/720 1983/2256/720
f 1984/2257/414 1987/2260/414 1990/2263/414 1989/2262/414
f 1987/2260/721 1988/2261/721 1991/2264/721 1990/2263/721
f 1988/2261/416 2000/2273/416 2001/2274/416 1991/2264/416
f 1989/2262/417 1990/2263/417 1993/2266/417 1992/2265/417
f 1990/2263/722 1991/2264/722 1994/2267/722 1993/2266/722
f 1991/2264/419 2001/2274/419 2002/2275/419 1994/2267/419
f 1985/2258/420 1995/2268/420 1998/2271/420 1997/2270/420
f 1995/2268/723 1996/2269/723 1999/2272/723 1998/2271/723
f 1996/2269/422 2008/2281/422 2009/2282/422 1999/2272/422
f 1997/2270/724 1998/2271/724 2001/2274/724 2000/2273/724
f 1998/2271/725 1999/2272/725 2002/2275/725 2001/2274/725
f 1999/2272/425 2009/2282/425 2010/2283/425 2002/2275/425
f 1986/2259/408 2003/2276/408 2006/2279/408 2005/2278/408
f 2003/2276/409 2004/2277/409 2007/2280/409 2006/2279/409
f 2004/2277/410 1992/2265/410 1993/2266/410 2007/2280/410
f 2005/2278/411 2006/2279/411 2009/2282/411 2008/2281/411
f 2006/2279/412 2007/2280/412 2010/2283/412 2009/2282/412
f 2007/2280/413 1993/2266/413 1994/2267/413 2010/2283/413
f 1994/2267/726 2002/2275/726 2010/2283/726
f 2011/2284/185 2014/2287/185 2017/2290/185 2016/2289/185
f 2014/2287/727 2015/2288/727 2018/2291/727 2017/2290/727
f 2015/2288/187 2027/2300/187 2028/2301/187 2018/2291/187
f 2016/2289/188 2017/2290/188 2020/2293/188 2019/2292/188
f 2017/2290/610 2018/2291/610 2021/2294/610 2020/2293/610
f 2018/2291/611 2028/2301/611 2029/2302/611 2021/2294/611
f 2012/2285/173 2022/2295/173 2025/2298/173 2024/2297/173
f 2022/2295/174 2023/2296/174 2026/2299/174 2025/2298/174
f 2023/2296/175 2035/2308/175 2036/2309/175 2026/2299/175
f 2024/2297/176 2025/2298/176 2028/2301/176 2027/2300/176
f 2025/2298/613 2026/2299/613 2029/2302/613 2028/2301/613
f 2026/2299/614 2036/2309/614 2037/2310/614 2029/2302/614
f 2013/2286/179 2030/2303/179 2033/2306/179 2032/2305/179
f 2030/2303/180 2031/2304/180 2034/2307/180 2033/2306/180
f 2031/2304/181 2019/2292/181 2020/2293/181 2034/2307/181
f 2032/2305/616 2033/2306/616 2036/2309/616 2035/2308/616
f 2033/2306/617 2034/2307/617 2037/2310/617 2036/2309/617
f 2034/2307/184 2020/2293/184 2021/2294/184 2037/2310/184
f 2021/2294/728 2029/2302/728 2037/2310/728
f 2038/2311/359 2042/2316/359 2045/2319/359 2044/2318/359
f 2042/2316/360 2043/2317/360 2046/2320/360 2045/2319/360
f 2043/2317/729 2055/2332/729 2056/2334/729 2046/2320/729
f 2044/2318/362 2045/2319/362 2048/2322/362 2047/2321/362
f 2045/2319/709 2046/2320/709 2049/2323/709 2048/2322/709
f 2046/2320/364 2056/2334/364 2057/2335/364 2049/2323/364
f 2039/2312/730 2050/2325/730 2053/2330/730 2052/2328/730
f 2050/2325/366 2051/2327/366 2054/2331/366 2053/2330/366
f 2051/2327/367 2063/2341/367 2064/2343/367 2054/2331/367
f 2052/2328/368 2053/2330/368 2056/2334/368 2055/2332/368
f 2053/2330/369 2054/2331/369 2057/2335/369 2056/2334/369
f 2054/2331/370 2064/2343/370 2065/2344/370 2057/2335/370
f 2040/2314/371 2058/2336/371 2061/2339/371 2060/2338/371
f 2058/2336/372 2059/2337/372 2062/2340/372 2061/2339/372
f 2059/2337/373 2071/2351/373 2072/2352/373 2062/2340/373
f 2060/2338/374 2061/2339/374 2064/2343/374 2063/2342/374
f 2061/2339/712 2062/2340/712 2065/2345/712 2064/2343/712
f 2062/2340/376 2072/2352/376 2073/2353/376 2065/2345/376
f 2041/2315/377 2066/2346/377 2069/2349/377 2068/2348/377
f 2066/2346/378 2067/2347/378 2070/2350/378 2069/2349/378
f 2067/2347/379 2047/2321/379 2048/2322/379 2070/2350/379
f 2068/2348/731 2069/2349/731 2072/2352/731 2071/2351/731
f 2069/2349/381 2070/2350/381 2073/2353/381 2072/2352/381
f 2070/2350/713 2048/2322/713 2049/2323/713 2073/2353/713
f 2049/2323/383 2057/2335/383 2065/2345/383 2073/2353/383
f 2074/2354/123 2078/2359/123 2081/2362/123 2080/2361/123
f 2078/2359/124 2079/2360/124 2082/2363/124 2081/2362/124
f 2079/2360/732 2091/2375/732 2092/2377/732 2082/2363/732
f 2080/2361/126 2081/2362/126 2084/2365/126 2083/2364/126
f 2081/2362/127 2082/2363/127 2085/2366/127 2084/2365/127
f 2082/2363/128 2092/2377/128 2093/2378/128 2085/2366/128
f 2075/2355/702 2086/2368/702 2089/2373/702 2088/2371/702
f 2086/2368/130 2087/2370/130 2090/2374/130 2089/2373/130
f 2087/2370/131 2099/2384/131 2100/2386/131 2090/2374/131
f 2088/2371/132 2089/2373/132 2092/2377/132 2091/2375/132
f 2089/2373/133 2090/2374/133 2093/2378/133 2092/2377/133
f 2090/2374/134 2100/2386/134 2101/2388/134 2093/2378/134
f 2076/2357/135 2094/2379/135 2097/2382/135 2096/2381/135
f 2094/2379/136 2095/2380/136 2098/2383/136 2097/2382/136
f 2095/2380/137 2107/2395/137 2108/2396/137 2098/2383/137
f 2096/2381/733 2097/2382/733 2100/2387/733 2099/2385/733
f 2097/2382/139 2098/2383/139 2101/2389/139 2100/2387/139
f 2098/2383/734 2108/2396/734 2109/2397/734 2101/2389/734
f 2077/2358/141 2102/2390/141 2105/2393/141 2104/2392/141
f 2102/2390/142 2103/2391/142 2106/2394/142 2105/2393/142
f 2103/2391/143 2083/2364/143 2084/2365/143 2106/2394/143
f 2104/2392/144 2105/2393/144 2108/2396/144 2107/2395/144
f 2105/2393/145 2106/2394/145 2109/2397/145 2108/2396/145
f 2106/2394/146 2084/2365/146 2085/2366/146 2109/2397/146
f 2085/2366/147 2093/2378/147 2101/2389/147 2109/2397/147
f 2110/2398/79 2114/2403/79 2117/2406/79 2116/2405/79
f 2114/2403/80 2115/2404/80 2118/2407/80 2117/2406/80
f 2115/2404/81 2127/2419/81 2128/2421/81 2118/2407/81
f 2116/2405/82 2117/2406/82 2120/2409/82 2119/2408/82
f 2117/2406/83 2118/2407/83 2121/2410/83 2120/2409/83
f 2118/2407/84 2128/2421/84 2129/2422/84 2121/2410/84
f 2111/2399/735 2122/2412/735 2125/2417/735 2124/2415/735
f 2122/2412/86 2123/2414/86 2126/2418/86 2125/2417/86
f 2123/2414/87 2135/2428/87 2136/2430/87 2126/2418/87
f 2124/2415/736 2125/2417/736 2128/2421/736 2127/2419/736
f 2125/2417/89 2126/2418/89 2129/2422/89 2128/2421/89
f 2126/2418/90 2136/2430/90 2137/2432/90 2129/2422/90
f 2112/2401/91 2130/2423/91 2133/2426/91 2132/2425/91
f 2130/2423/92 2131/2424/92 2134/2427/92 2133/2426/92
f 2131/2424/93 2143/2439/93 2144/2440/93 2134/2427/93
f 2132/2425/737 2133/2426/737 2136/2431/737 2135/2429/737
f 2133/2426/95 2134/2427/95 2137/2433/95 2136/2431/95
f 2134/2427/738 2144/2440/738 2145/2441/738 2137/2433/738
f 2113/2402/97 2138/2434/97 2141/2437/97 2140/2436/97
f 2138/2434/739 2139/2435/739 2142/2438/739 2141/2437/739
f 2139/2435/740 2119/2408/740 2120/2409/740 2142/2438/740
f 2140/2436/100 2141/2437/100 2144/2440/100 2143/2439/100
f 2141/2437/101 2142/2438/101 2145/2441/101 2144/2440/101
f 2142/2438/102 2120/2409/102 2121/2410/102 2145/2441/102
f 2121/2410/741 2129/2422/741 2137/2433/741 2145/2441/741
f 2146/2442/166 2150/2447/166 2153/2450/166 2152/2449/166
f 2150/2447/167 2151/2448/167 2154/2451/167 2153/2450/167
f 2151/2448/168 2163/2460/168 2164/2461/168 2154/2451/168
f 2152/2449/169 2153/2450/169 2156/2453/169 2155/2452/169
f 2153/2450/170 2154/2451/170 2157/2454/170 2156/2453/170
f 2154/2451/171 2164/2461/171 2165/2462/171 2157/2454/171
f 2147/2443/742 2158/2455/742 2161/2458/742 2160/2457/742
f 2158/2455/149 2159/2456/149 2162/2459/149 2161/2458/149
f 2159/2456/150 2171/2471/150 2172/2473/150 2162/2459/150
f 2160/2457/151 2161/2458/151 2164/2461/151 2163/2460/151
f 2161/2458/152 2162/2459/152 2165/2462/152 2164/2461/152
f 2162/2459/153 2172/2473/153 2173/2474/153 2165/2462/153
f 2148/2444/743 2166/2464/743 2169/2469/743 2168/2467/743
f 2166/2464/155 2167/2466/155 2170/2470/155 2169/2469/155
f 2167/2466/156 2179/2480/156 2180/2482/156 2170/2470/156
f 2168/2467/157 2169/2469/157 2172/2473/157 2171/2471/157
f 2169/2469/158 2170/2470/158 2173/2474/158 2172/2473/158
f 2170/2470/159 2180/2482/159 2181/2483/159 2173/2474/159
f 2149/2446/160 2174/2475/160 2177/2478/160 2176/2477/160
f 2174/2475/161 2175/2476/161 2178/2479/161 2177/2478/161
f 2175/2476/744 2155/2452/744 2156/2453/744 2178/2479/744
f 2176/2477/745 2177/2478/745 2180/2482/745 2179/2481/745
f 2177/2478/164 2178/2479/164 2181/2484/164 2180/2482/164
f 2178/2479/165 2156/2453/165 2157/2454/165 2181/2484/165
f 2157/2454/696 2165/2462/696 2173/2474/696 2181/2484/696
f 368/430/746 163/180/746 165/182/746 372/435/746
f 372/435/747 165/182/747 166/184/747 371/434/747
f 371/433/748 166/183/748 167/185/748 370/432/748
f 370/432/749 167/185/749 168/186/749 369/431/749
f 369/431/750 168/186/750 164/181/750 367/429/750
f 146/162/751 151/167/751 153/169/751 150/166/751
f 150/166/752 153/169/752 154/170/752 149/165/752
f 149/165/753 154/170/753 155/171/753 148/164/753
f 148/164/754 155/171/754 156/172/754 147/163/754
f 147/163/755 156/172/755 152/168/755 145/161/755
f 446/509/751 146/162/751 150/166/751 450/513/751
f 450/513/752 150/166/752 149/165/752 449/512/752
f 449/512/753 149/165/753 148/164/753 448/511/753
f 448/511/754 148/164/754 147/163/754 447/510/754
f 447/510/755 147/163/755 145/161/755 445/508/755
f 158/174/750 164/181/750 168/186/750 162/179/750
f 162/179/749 168/186/749 167/185/749 161/178/749
f 161/178/748 167/185/748 166/183/748 160/177/748
f 160/176/747 166/184/747 165/182/747 159/175/747
f 159/175/746 165/182/746 163/180/746 157/173/746
f 1614/1849/756 1639/1874/756 1644/1879/756 1631/1866/756
f 1631/1866/757 1644/1879/757 1647/1882/757 1632/1867/757
f 1632/1867/7 1647/1882/7 1659/1894/7 1620/1855/7
f 1620/1855/758 1659/1894/758 1658/1893/758 1617/1852/758
f 1617/1852/759 1658/1893/759 1641/1876/759 1612/1847/759
f 233/267/759 170/190/759 183/208/759 237/271/759
f 237/271/758 183/208/758 186/213/758 236/270/758
f 236/270/7 186/213/7 174/195/7 235/269/7
f 235/269/757 174/195/757 173/194/757 234/268/757
f 234/268/756 173/194/756 169/187/756 232/266/756
f 1157/1314/760 275/318/760 288/334/760 1161/1318/760
f 1161/1318/761 288/334/761 291/339/761 1160/1317/761
f 1160/1317/762 291/339/762 279/322/762 1159/1316/762
f 1159/1316/763 279/322/763 278/321/763 1158/1315/763
f 1158/1315/764 278/321/764 274/316/764 1156/1313/764
f 1163/1320/765 206/236/765 218/251/765 1167/1325/765
f 1167/1325/766 218/251/766 221/254/766 1166/1324/766
f 1166/1324/767 221/254/767 209/239/767 1165/1322/767
f 1165/1323/768 209/240/768 208/238/768 1164/1321/768
f 1164/1321/769 208/238/769 205/235/769 1162/1319/769
f 206/236/770 233/267/770 237/271/770 216/249/770
f 216/249/771 237/271/771 236/270/771 217/250/771
f 217/250/7 236/270/7 235/269/7 229/262/7
f 229/262/772 235/269/772 234/268/772 226/259/772
f 226/259/773 234/268/773 232/266/773 207/237/773
f 317/367/774 322/373/774 324/375/774 321/372/774
f 321/372/775 324/375/775 325/376/775 320/371/775
f 320/371/776 325/376/776 326/377/776 319/370/776
f 319/369/777 326/378/777 327/379/777 318/368/777
f 318/368/778 327/379/778 323/374/778 316/366/778
f 316/366/778 328/380/778 330/382/778 318/368/778
f 318/368/777 330/382/777 331/384/777 319/369/777
f 319/370/776 331/383/776 332/385/776 320/371/776
f 320/371/775 332/385/775 333/386/775 321/372/775
f 321/372/774 333/386/774 329/381/774 317/367/774
f 322/373/779 335/388/779 347/406/779 324/375/779
f 324/375/775 347/406/775 350/409/775 325/376/775
f 325/376/776 350/409/776 338/391/776 326/377/776
f 326/378/777 338/392/777 337/390/777 327/379/777
f 327/379/780 337/390/780 334/387/780 323/374/780
f 335/388/765 310/359/765 312/361/765 345/404/765
f 345/404/766 312/361/766 313/362/766 346/405/766
f 346/405/767 313/362/767 314/363/767 358/417/767
f 358/418/768 314/364/768 315/365/768 355/414/768
f 355/414/769 315/365/769 311/360/769 336/389/769
f 157/173/746 334/387/746 339/393/746 159/175/746
f 159/175/747 339/393/747 342/397/747 160/176/747
f 160/177/748 342/398/748 354/413/748 161/178/748
f 161/178/749 354/413/749 353/412/749 162/179/749
f 162/179/781 353/412/781 336/389/781 158/174/781
f 151/167/751 205/235/751 210/241/751 153/169/751
f 153/169/752 210/241/752 213/245/752 154/170/752
f 154/170/753 213/245/753 225/258/753 155/171/753
f 155/171/754 225/258/754 224/257/754 156/172/754
f 156/172/782 224/257/782 207/237/782 152/168/782
f 1639/1874/782 977/1115/782 989/1127/782 1642/1877/782
f 1642/1877/754 989/1127/754 992/1130/754 1643/1878/754
f 1643/1878/753 992/1130/753 980/1118/753 1655/1890/753
f 1655/1890/752 980/1118/752 979/1117/752 1652/1887/752
f 1652/1887/751 979/1117/751 976/1114/751 1640/1875/751
f 1669/1905/783 1613/1848/783 1625/1860/783 1694/1936/783
f 1694/1936/784 1625/1860/784 1628/1863/784 1695/1937/784
f 1695/1937/785 1628/1863/785 1616/1851/785 1675/1911/785
f 1675/1911/786 1616/1851/786 1615/1850/786 1672/1908/786
f 1672/1908/787 1615/1850/787 1612/1847/787 1666/1901/787
f 445/508/782 590/687/782 602/699/782 447/510/782
f 447/510/754 602/699/754 605/702/754 448/511/754
f 448/511/753 605/702/753 593/690/753 449/512/753
f 449/512/788 593/690/788 592/689/788 450/513/788
f 450/513/751 592/689/751 589/686/751 446/509/751
f 452/515/789 616/713/789 618/715/789 456/519/789
f 456/519/790 618/715/790 619/716/790 455/518/790
f 455/518/791 619/716/791 620/717/791 454/517/791
f 454/517/792 620/717/792 621/718/792 453/516/792
f 453/516/793 621/718/793 617/714/793 451/514/793
f 1204/1369/794 40/40/794 45/45/794 1208/1375/794
f 1208/1375/795 45/45/795 48/48/795 1209/1376/795
f 1209/1376/796 48/48/796 60/60/796 1221/1391/796
f 1221/1391/797 60/60/797 59/59/797 1218/1387/797
f 1218/1387/798 59/59/798 42/42/798 1205/1371/798
f 1433/1662/799 526/606/799 532/614/799 1437/1667/799
f 1437/1667/800 532/614/800 535/617/800 1436/1666/800
f 1436/1666/801 535/617/801 555/645/801 1435/1664/801
f 1435/1665/802 555/646/802 554/644/802 1434/1663/802
f 1434/1663/803 554/644/803 529/611/803 1432/1661/803
f 35/35/804 67/67/804 69/69/804 39/39/804
f 39/39/805 69/69/805 70/70/805 38/38/805
f 38/38/806 70/70/806 71/71/806 37/37/806
f 37/37/807 71/71/807 72/72/807 36/36/807
f 36/36/808 72/72/808 68/68/808 34/34/808
f 1277/1467/809 563/660/809 575/672/809 1281/1474/809
f 1281/1474/810 575/672/810 578/675/810 1280/1471/810
f 1280/1471/308 578/675/308 566/663/308 1279/1470/308
f 1279/1470/811 566/663/811 565/662/811 1278/1469/811
f 1278/1469/812 565/662/812 562/659/812 1276/1466/812
f 41/41/813 564/661/813 583/680/813 51/51/813
f 51/51/807 583/680/807 586/683/807 52/52/807
f 52/52/806 586/683/806 574/671/806 64/64/806
f 64/64/805 574/671/805 573/670/805 61/61/805
f 61/61/804 573/670/804 563/660/804 42/42/804
f 526/606/814 68/68/814 72/72/814 530/612/814
f 530/612/815 72/72/815 71/71/815 531/613/815
f 531/613/816 71/71/816 70/70/816 543/627/816
f 543/627/817 70/70/817 69/69/817 540/624/817
f 540/624/818 69/69/818 67/67/818 527/607/818
f 1283/1477/798 463/527/798 469/535/798 1287/1484/798
f 1287/1484/797 469/535/797 472/538/797 1286/1481/797
f 1286/1482/796 472/539/796 492/570/796 1285/1480/796
f 1285/1480/795 492/570/795 491/569/795 1284/1479/795
f 1284/1479/794 491/569/794 466/532/794 1282/1476/794
f 34/34/819 464/528/819 477/547/819 36/36/819
f 36/36/820 477/547/820 480/550/820 37/37/820
f 37/37/821 480/550/821 468/534/821 38/38/821
f 38/38/822 468/534/822 467/533/822 39/39/822
f 39/39/823 467/533/823 463/527/823 35/35/823
f 590/687/813 500/580/813 512/592/813 600/697/813
f 600/697/807 512/592/807 515/595/807 601/698/807
f 601/698/806 515/595/806 503/583/806 613/710/806
f 613/710/805 503/583/805 502/582/805 610/707/805
f 610/707/804 502/582/804 499/579/804 591/688/804
f 1439/1669/824 1406/1630/824 1418/1642/824 1443/1673/824
f 1443/1673/790 1418/1642/790 1421/1645/790 1442/1672/790
f 1442/1672/791 1421/1645/791 1409/1633/791 1441/1671/791
f 1441/1671/792 1409/1633/792 1408/1632/792 1440/1670/792
f 1440/1670/793 1408/1632/793 1405/1629/793 1438/1668/793
f 428/491/755 41/41/755 53/53/755 432/495/755
f 432/495/754 53/53/754 56/56/754 431/494/754
f 431/494/753 56/56/753 44/44/753 430/493/753
f 430/493/752 44/44/752 43/43/752 429/492/752
f 429/492/825 43/43/825 40/40/825 427/490/825
f 1206/1373/826 1241/1418/826 1254/1436/826 1224/1395/826
f 1224/1395/827 1254/1436/827 1257/1440/827 1225/1396/827
f 1225/1396/806 1257/1440/806 1245/1423/806 1237/1412/806
f 1237/1412/828 1245/1423/828 1244/1422/828 1234/1409/828
f 1234/1409/829 1244/1422/829 1240/1415/829 1207/1374/829
f 1168/1326/830 1121/1270/830 1134/1284/830 1172/1331/830
f 1172/1331/831 1134/1284/831 1137/1287/831 1173/1332/831
f 1173/1332/832 1137/1287/832 1125/1275/832 1185/1344/832
f 1185/1344/833 1125/1275/833 1124/1274/833 1182/1341/833
f 1182/1341/834 1124/1274/834 1120/1269/834 1169/1327/834
f 500/580/835 433/496/835 435/498/835 510/590/835
f 510/590/836 435/498/836 436/499/836 511/591/836
f 511/591/837 436/499/837 437/500/837 523/603/837
f 523/603/838 437/500/838 438/501/838 520/600/838
f 520/600/839 438/501/839 434/497/839 501/581/839
f 440/503/840 562/659/840 567/664/840 444/507/840
f 444/507/841 567/664/841 570/667/841 443/506/841
f 443/506/837 570/667/837 582/679/837 442/505/837
f 442/505/836 582/679/836 581/678/836 441/504/836
f 441/504/842 581/678/842 564/661/842 439/502/842
f 367/429/750 457/520/750 459/522/750 369/431/750
f 369/431/749 459/522/749 460/523/749 370/432/749
f 370/432/748 460/523/748 461/524/748 371/433/748
f 371/434/747 461/525/747 462/526/747 372/435/747
f 372/435/746 462/526/746 458/521/746 368/430/746
f 749/864/843 700/807/843 702/809/843 753/868/843
f 753/868/805 702/809/805 703/810/805 752/867/805
f 752/867/806 703/810/806 704/811/806 751/866/806
f 751/866/807 704/811/807 705/812/807 750/865/807
f 750/865/808 705/812/808 701/808/808 748/863/808
f 631/728/844 707/814/844 720/830/844 656/755/844
f 656/755/845 720/830/845 723/835/845 657/756/845
f 657/756/846 723/835/846 711/819/846 637/734/846
f 637/734/847 711/819/847 710/818/847 634/731/847
f 634/731/848 710/818/848 706/813/848 628/725/848
f 109/118/849 709/817/849 736/851/849 113/123/849
f 113/123/850 736/851/850 739/854/850 114/124/850
f 114/124/851 739/854/851 727/840/851 126/141/851
f 126/141/852 727/840/852 726/839/852 123/136/852
f 123/136/853 726/839/853 708/816/853 110/120/853
f 743/858/854 844/975/854 849/980/854 747/862/854
f 747/862/855 849/980/855 852/983/855 746/861/855
f 746/861/846 852/983/846 864/995/846 745/860/846
f 745/860/856 864/995/856 863/994/856 744/859/856
f 744/859/857 863/994/857 846/977/857 742/857/857
f 922/1054/779 826/956/779 828/958/779 925/1057/779
f 925/1057/775 828/958/775 829/959/775 926/1058/775
f 926/1058/776 829/959/776 830/960/776 938/1070/776
f 938/1071/777 830/961/777 831/962/777 935/1067/777
f 935/1067/780 831/962/780 827/957/780 923/1055/780
f 877/1008/843 749/864/843 753/868/843 880/1011/843
f 880/1011/805 753/868/805 752/867/805 881/1012/805
f 881/1012/806 752/867/806 751/866/806 893/1024/806
f 893/1024/807 751/866/807 750/865/807 890/1021/807
f 890/1021/808 750/865/808 748/863/808 878/1009/808
f 754/869/858 790/912/858 796/919/858 758/874/858
f 758/874/859 796/919/859 799/922/859 759/875/859
f 759/875/767 799/922/767 819/947/767 771/892/767
f 771/892/860 819/947/860 818/946/860 768/887/860
f 768/887/861 818/946/861 793/916/861 755/871/861
f 664/763/862 743/858/862 747/862/862 668/769/862
f 668/769/863 747/862/863 746/861/863 669/770/863
f 669/770/846 746/861/846 745/860/846 681/786/846
f 681/786/864 745/860/864 744/859/864 678/782/864
f 678/782/865 744/859/865 742/857/865 665/765/865
f 872/1003/793 924/1056/793 943/1079/793 876/1007/793
f 876/1007/792 943/1079/792 946/1083/792 875/1006/792
f 875/1006/791 946/1083/791 934/1066/791 874/1005/791
f 874/1005/790 934/1066/790 933/1065/790 873/1004/790
f 873/1004/824 933/1065/824 923/1055/824 871/1002/824
f 623/720/809 838/969/809 840/971/809 627/724/809
f 627/724/810 840/971/810 841/972/810 626/723/810
f 626/723/308 841/972/308 842/973/308 625/722/308
f 625/722/811 842/973/811 843/974/811 624/721/811
f 624/721/812 843/974/812 839/970/812 622/719/812
f 905/1036/842 949/1087/842 954/1092/842 909/1040/842
f 909/1040/836 954/1092/836 957/1095/836 908/1039/836
f 908/1039/837 957/1095/837 969/1107/837 907/1038/837
f 907/1038/841 969/1107/841 968/1106/841 906/1037/841
f 906/1037/840 968/1106/840 951/1089/840 904/1035/840
f 845/976/793 872/1003/793 876/1007/793 855/986/793
f 855/986/792 876/1007/792 875/1006/792 856/987/792
f 856/987/791 875/1006/791 874/1005/791 868/999/791
f 868/999/790 874/1005/790 873/1004/790 865/996/790
f 865/996/789 873/1004/789 871/1002/789 846/977/789
f 844/975/809 623/720/809 627/724/809 847/978/809
f 847/978/810 627/724/810 626/723/810 848/979/810
f 848/979/308 626/723/308 625/722/308 860/991/308
f 860/991/811 625/722/811 624/721/811 857/988/811
f 857/988/812 624/721/812 622/719/812 845/976/812
f 878/1009/842 905/1036/842 909/1040/842 888/1019/842
f 888/1019/836 909/1040/836 908/1039/836 889/1020/836
f 889/1020/837 908/1039/837 907/1038/837 901/1032/837
f 901/1032/841 907/1038/841 906/1037/841 898/1029/841
f 898/1029/840 906/1037/840 904/1035/840 879/1010/840
f 838/969/809 877/1008/809 882/1013/809 840/971/809
f 840/971/810 882/1013/810 885/1016/810 841/972/810
f 841/972/308 885/1016/308 897/1028/308 842/973/308
f 842/973/811 897/1028/811 896/1027/811 843/974/811
f 843/974/812 896/1027/812 879/1010/812 839/970/812
f 911/1042/866 916/1047/866 918/1049/866 915/1046/866
f 915/1046/867 918/1049/867 919/1050/867 914/1045/867
f 914/1045/868 919/1050/868 920/1052/868 913/1044/868
f 913/1044/869 920/1051/869 921/1053/869 912/1043/869
f 912/1043/870 921/1053/870 917/1048/870 910/1041/870
f 924/1056/870 917/1048/870 921/1053/870 941/1076/870
f 941/1076/869 921/1053/869 920/1051/869 942/1077/869
f 942/1078/868 920/1052/868 919/1050/868 930/1062/868
f 930/1062/867 919/1050/867 918/1049/867 927/1059/867
f 927/1059/866 918/1049/866 916/1047/866 922/1054/866
f 950/1088/866 911/1042/866 915/1046/866 960/1098/866
f 960/1098/867 915/1046/867 914/1045/867 961/1099/867
f 961/1099/868 914/1045/868 913/1044/868 973/1111/868
f 973/1111/869 913/1044/869 912/1043/869 970/1108/869
f 970/1108/870 912/1043/870 910/1041/870 951/1089/870
f 949/1087/871 832/963/871 834/965/871 952/1090/871
f 952/1090/772 834/965/772 835/966/772 953/1091/772
f 953/1091/7 835/966/7 836/967/7 965/1103/7
f 965/1103/771 836/967/771 837/968/771 962/1100/771
f 962/1100/770 837/968/770 833/964/770 950/1088/770
f 1463/1698/872 109/118/872 115/125/872 1467/1702/872
f 1467/1702/873 115/125/873 118/128/873 1466/1701/873
f 1466/1701/874 118/128/874 138/154/874 1465/1700/874
f 1465/1700/875 138/154/875 137/153/875 1464/1699/875
f 1464/1699/876 137/153/876 112/122/876 1462/1697/876
f 1469/1704/877 706/813/877 712/820/877 1473/1708/877
f 1473/1708/878 712/820/878 715/823/878 1472/1707/878
f 1472/1707/879 715/823/879 735/850/879 1471/1706/879
f 1471/1706/880 735/850/880 734/849/880 1470/1705/880
f 1470/1705/881 734/849/881 709/817/881 1468/1703/881
f 630/727/882 1004/1142/882 1019/1157/882 648/747/882
f 648/747/883 1019/1157/883 1022/1160/883 649/748/883
f 649/748/806 1022/1160/806 1010/1148/806 661/760/806
f 661/760/884 1010/1148/884 1009/1147/884 658/757/884
f 658/757/885 1009/1147/885 1003/1141/885 631/728/885
f 439/502/886 630/727/886 650/749/886 441/504/886
f 441/504/887 650/749/887 653/752/887 442/505/887
f 442/505/801 653/752/801 641/738/801 443/506/801
f 443/506/888 641/738/888 640/737/888 444/507/888
f 444/507/889 640/737/889 629/726/889 440/503/889
f 667/768/890 74/75/890 87/91/890 692/799/890
f 692/799/891 87/91/891 90/94/891 693/800/891
f 693/800/308 90/94/308 78/80/308 673/774/308
f 673/774/892 78/80/892 77/79/892 670/771/892
f 670/771/893 77/79/893 73/73/893 664/763/893
f 451/514/894 667/768/894 694/801/894 453/516/894
f 453/516/895 694/801/895 697/804/895 454/517/895
f 454/517/896 697/804/896 685/790/896 455/518/896
f 455/518/897 685/790/897 684/789/897 456/519/897
f 456/519/898 684/789/898 666/767/898 452/515/898
f 111/121/826 73/73/826 79/81/826 129/145/826
f 129/145/827 79/81/827 82/84/827 130/146/827
f 130/146/806 82/84/806 102/111/806 142/158/806
f 142/158/828 102/111/828 101/110/828 139/155/828
f 139/155/829 101/110/829 76/78/829 112/122/829
f 756/872/899 239/273/899 252/289/899 774/896/899
f 774/896/900 252/289/900 255/294/900 775/897/900
f 775/897/776 255/294/776 243/278/776 787/909/776
f 787/909/901 243/278/901 242/277/901 784/906/901
f 784/906/902 242/277/902 238/272/902 757/873/902
f 276/319/903 792/914/903 812/937/903 294/343/903
f 294/343/904 812/937/904 815/942/904 295/344/904
f 295/344/7 815/942/7 803/926/7 307/356/7
f 307/356/905 803/926/905 802/925/905 304/353/905
f 304/353/906 802/925/906 791/913/906 277/320/906
f 826/956/774 329/381/774 333/386/774 828/958/774
f 828/958/775 333/386/775 332/385/775 829/959/775
f 829/959/776 332/385/776 331/383/776 830/960/776
f 830/961/777 331/384/777 330/382/777 831/962/777
f 831/962/778 330/382/778 328/380/778 827/957/778
f 832/963/871 361/423/871 363/425/871 834/965/871
f 834/965/772 363/425/772 364/426/772 835/966/772
f 835/966/7 364/426/7 365/427/7 836/967/7
f 836/967/771 365/427/771 366/428/771 837/968/771
f 837/968/907 366/428/907 362/424/907 833/964/907
f 1475/1710/908 274/316/908 280/323/908 1479/1714/908
f 1479/1714/909 280/323/909 283/326/909 1478/1713/909
f 1478/1713/910 283/326/910 303/352/910 1477/1712/910
f 1477/1712/911 303/352/911 302/351/911 1476/1711/911
f 1476/1711/912 302/351/912 277/320/912 1474/1709/912
f 1481/1716/913 629/726/913 642/740/913 1485/1720/913
f 1485/1720/914 642/740/914 645/744/914 1484/1719/914
f 1484/1719/896 645/744/896 633/730/896 1483/1718/896
f 1483/1718/915 633/730/915 632/729/915 1482/1717/915
f 1482/1717/916 632/729/916 628/725/916 1480/1715/916
f 1289/1487/798 1006/1144/798 1035/1173/798 1293/1491/798
f 1293/1491/797 1035/1173/797 1038/1176/797 1292/1490/797
f 1292/1490/796 1038/1176/796 1026/1164/796 1291/1489/796
f 1291/1489/795 1026/1164/795 1025/1163/795 1290/1488/795
f 1290/1488/794 1025/1163/794 1005/1143/794 1288/1486/794
f 1059/1197/804 978/1116/804 997/1135/804 1076/1214/804
f 1076/1214/805 997/1135/805 1000/1138/805 1077/1215/805
f 1077/1215/806 1000/1138/806 988/1126/806 1065/1203/806
f 1065/1203/807 988/1126/807 987/1125/807 1062/1200/807
f 1062/1200/813 987/1125/813 977/1115/813 1057/1195/813
f 1006/1144/826 1084/1222/826 1090/1230/826 1033/1171/826
f 1033/1171/827 1090/1230/827 1093/1233/827 1034/1172/827
f 1034/1172/806 1093/1233/806 1113/1260/806 1046/1184/806
f 1046/1184/828 1113/1260/828 1112/1259/828 1043/1181/828
f 1043/1181/829 1112/1259/829 1087/1227/829 1007/1145/829
f 1574/1809/917 1059/1197/917 1078/1216/917 1578/1813/917
f 1578/1813/810 1078/1216/810 1081/1219/810 1577/1812/810
f 1577/1812/308 1081/1219/308 1069/1207/308 1576/1811/308
f 1576/1811/811 1069/1207/811 1068/1206/811 1575/1810/811
f 1575/1810/812 1068/1206/812 1058/1196/812 1573/1808/812
f 1004/1142/918 428/491/918 432/495/918 1017/1155/918
f 1017/1155/875 432/495/875 431/494/875 1018/1156/875
f 1018/1156/874 431/494/874 430/493/874 1030/1168/874
f 1030/1168/873 430/493/873 429/492/873 1027/1165/873
f 1027/1165/919 429/492/919 427/490/919 1005/1143/919
f 433/496/920 1086/1225/920 1106/1250/920 435/498/920
f 435/498/800 1106/1250/800 1109/1255/800 436/499/800
f 436/499/801 1109/1255/801 1097/1237/801 437/500/801
f 437/500/802 1097/1237/802 1096/1236/802 438/501/802
f 438/501/921 1096/1236/921 1085/1223/921 434/497/921
f 1057/1195/799 1614/1849/799 1633/1868/799 1060/1198/799
f 1060/1198/800 1633/1868/800 1636/1871/800 1061/1199/800
f 1061/1199/801 1636/1871/801 1624/1859/801 1073/1211/801
f 1073/1211/802 1624/1859/802 1623/1858/802 1070/1208/802
f 1070/1208/922 1623/1858/922 1613/1848/922 1058/1196/922
f 1705/1947/923 1122/1272/923 1142/1295/923 1730/1975/923
f 1730/1975/924 1142/1295/924 1145/1299/924 1731/1976/924
f 1731/1976/925 1145/1299/925 1133/1283/925 1711/1953/925
f 1711/1953/926 1133/1283/926 1132/1282/926 1708/1950/926
f 1708/1950/927 1132/1282/927 1121/1270/927 1702/1944/927
f 240/275/928 1157/1314/928 1161/1318/928 258/298/928
f 258/298/929 1161/1318/929 1160/1317/929 259/299/929
f 259/299/930 1160/1317/930 1159/1316/930 271/313/930
f 271/313/931 1159/1316/931 1158/1315/931 268/310/931
f 268/310/932 1158/1315/932 1156/1313/932 241/276/932
f 310/359/933 1163/1320/933 1167/1325/933 312/361/933
f 312/361/766 1167/1325/766 1166/1324/766 313/362/766
f 313/362/767 1166/1324/767 1165/1322/767 314/363/767
f 314/364/768 1165/1323/768 1164/1321/768 315/365/768
f 315/365/769 1164/1321/769 1162/1319/769 311/360/769
f 501/581/934 1243/1421/934 1270/1460/934 518/598/934
f 518/598/935 1270/1460/935 1273/1463/935 519/599/935
f 519/599/936 1273/1463/936 1261/1445/936 507/587/936
f 507/587/937 1261/1445/937 1260/1444/937 504/584/937
f 504/584/938 1260/1444/938 1242/1420/938 499/579/938
f 527/607/938 1277/1468/938 1281/1475/938 538/621/938
f 538/621/939 1281/1475/939 1280/1472/939 539/622/939
f 539/623/936 1280/1473/936 1279/1470/936 551/640/936
f 551/640/935 1279/1470/935 1278/1469/935 548/636/935
f 548/636/940 1278/1469/940 1276/1466/940 528/610/940
f 591/688/941 1283/1478/941 1287/1485/941 608/705/941
f 608/705/942 1287/1485/942 1286/1483/942 609/706/942
f 609/706/851 1286/1483/851 1285/1480/851 597/694/851
f 597/694/943 1285/1480/943 1284/1479/943 594/691/943
f 594/691/944 1284/1479/944 1282/1476/944 589/686/944
f 1607/1842/941 1289/1487/941 1293/1491/941 1611/1846/941
f 1611/1846/942 1293/1491/942 1292/1490/942 1610/1845/942
f 1610/1845/851 1292/1490/851 1291/1489/851 1609/1844/851
f 1609/1844/943 1291/1489/943 1290/1488/943 1608/1843/943
f 1608/1843/945 1290/1488/945 1288/1486/945 1606/1841/945
f 1084/1222/938 1294/1492/938 1296/1494/938 1088/1228/938
f 1088/1228/939 1296/1494/939 1297/1495/939 1089/1229/939
f 1089/1229/936 1297/1495/936 1298/1496/936 1101/1241/936
f 1101/1241/935 1298/1496/935 1299/1497/935 1098/1238/935
f 1098/1238/940 1299/1497/940 1295/1493/940 1085/1223/940
f 1123/1273/946 1204/1369/946 1210/1377/946 1148/1302/946
f 1148/1302/947 1210/1377/947 1213/1380/947 1149/1303/947
f 1149/1303/753 1213/1380/753 1233/1408/753 1129/1279/753
f 1129/1279/948 1233/1408/948 1232/1407/948 1126/1276/948
f 1126/1276/949 1232/1407/949 1207/1374/949 1120/1269/949
f 1169/1327/950 1240/1415/950 1246/1424/950 1180/1339/950
f 1180/1339/951 1246/1424/951 1249/1427/951 1181/1340/951
f 1181/1340/837 1249/1427/837 1269/1459/837 1193/1357/837
f 1193/1357/952 1269/1459/952 1268/1458/952 1190/1352/952
f 1190/1352/953 1268/1458/953 1243/1421/953 1170/1329/953
f 1301/1499/808 1312/1511/808 1314/1513/808 1305/1503/808
f 1305/1503/807 1314/1513/807 1315/1514/807 1304/1502/807
f 1304/1502/806 1315/1514/806 1316/1515/806 1303/1501/806
f 1303/1501/805 1316/1515/805 1317/1516/805 1302/1500/805
f 1302/1500/804 1317/1516/804 1313/1512/804 1300/1498/804
f 1318/1517/944 1345/1553/944 1350/1558/944 1321/1520/944
f 1321/1520/943 1350/1558/943 1353/1561/943 1322/1521/943
f 1322/1521/851 1353/1561/851 1365/1574/851 1334/1535/851
f 1334/1536/954 1365/1575/954 1364/1573/954 1331/1531/954
f 1331/1531/941 1364/1573/941 1347/1555/941 1319/1518/941
f 1374/1588/804 1313/1512/804 1317/1516/804 1391/1608/804
f 1391/1608/805 1317/1516/805 1316/1515/805 1392/1609/805
f 1392/1610/806 1316/1515/806 1315/1514/806 1380/1594/806
f 1380/1594/807 1315/1514/807 1314/1513/807 1377/1591/807
f 1377/1591/813 1314/1513/813 1312/1511/813 1372/1586/813
f 1300/1498/804 1347/1555/804 1366/1576/804 1302/1500/804
f 1302/1500/805 1366/1576/805 1369/1580/805 1303/1501/805
f 1303/1501/806 1369/1581/806 1357/1565/806 1304/1502/806
f 1304/1502/807 1357/1565/807 1356/1564/807 1305/1503/807
f 1305/1503/813 1356/1564/813 1346/1554/813 1301/1499/813
f 1307/1505/955 1399/1622/955 1401/1624/955 1311/1510/955
f 1311/1510/855 1401/1624/855 1402/1626/855 1310/1509/855
f 1310/1508/846 1402/1625/846 1403/1627/846 1309/1507/846
f 1309/1507/856 1403/1627/856 1404/1628/856 1308/1506/856
f 1308/1506/857 1404/1628/857 1400/1623/857 1306/1504/857
f 1406/1630/857 1400/1623/857 1404/1628/857 1416/1640/857
f 1416/1640/856 1404/1628/856 1403/1627/856 1417/1641/856
f 1417/1641/846 1403/1627/846 1402/1625/846 1429/1655/846
f 1429/1656/855 1402/1626/855 1401/1624/855 1426/1651/855
f 1426/1651/955 1401/1624/955 1399/1622/955 1407/1631/955
f 1306/1504/956 1320/1519/956 1339/1545/956 1308/1506/956
f 1308/1506/856 1339/1545/856 1342/1549/856 1309/1507/856
f 1309/1507/846 1342/1549/846 1330/1529/846 1310/1508/846
f 1310/1509/855 1330/1530/855 1329/1528/855 1311/1510/855
f 1311/1510/955 1329/1528/955 1319/1518/955 1307/1505/955
f 1407/1631/917 1374/1588/917 1393/1611/917 1424/1648/917
f 1424/1648/957 1393/1611/957 1396/1615/957 1425/1649/957
f 1425/1650/308 1396/1616/308 1384/1598/308 1413/1637/308
f 1413/1637/811 1384/1598/811 1383/1597/811 1410/1634/811
f 1410/1634/812 1383/1597/812 1373/1587/812 1405/1629/812
f 1445/1675/750 1318/1517/750 1323/1522/750 1449/1680/750
f 1449/1680/749 1323/1522/749 1326/1525/749 1448/1679/749
f 1448/1679/748 1326/1525/748 1338/1543/748 1447/1677/748
f 1447/1678/747 1338/1544/747 1337/1542/747 1446/1676/747
f 1446/1676/746 1337/1542/746 1320/1519/746 1444/1674/746
f 1451/1683/958 465/530/958 485/560/958 1455/1690/958
f 1455/1690/873 485/560/873 488/565/873 1454/1689/873
f 1454/1689/874 488/565/874 476/545/874 1453/1686/874
f 1453/1687/875 476/546/875 475/544/875 1452/1684/875
f 1452/1684/876 475/544/876 464/528/876 1450/1681/876
f 1372/1586/842 1433/1662/842 1437/1667/842 1375/1589/842
f 1375/1589/836 1437/1667/836 1436/1666/836 1376/1590/836
f 1376/1590/837 1436/1666/837 1435/1664/837 1388/1602/837
f 1388/1603/841 1435/1665/841 1434/1663/841 1385/1599/841
f 1385/1599/840 1434/1663/840 1432/1661/840 1373/1587/840
f 616/713/789 1439/1669/789 1443/1673/789 618/715/789
f 618/715/790 1443/1673/790 1442/1672/790 619/716/790
f 619/716/791 1442/1672/791 1441/1671/791 620/717/791
f 620/717/792 1441/1671/792 1440/1670/792 621/718/792
f 621/718/793 1440/1670/793 1438/1668/793 617/714/793
f 457/520/750 1445/1675/750 1449/1680/750 459/522/750
f 459/522/749 1449/1680/749 1448/1679/749 460/523/749
f 460/523/748 1448/1679/748 1447/1677/748 461/524/748
f 461/525/747 1447/1678/747 1446/1676/747 462/526/747
f 462/526/746 1446/1676/746 1444/1674/746 458/521/746
f 1345/1553/751 1451/1683/751 1455/1690/751 1348/1556/751
f 1348/1556/752 1455/1690/752 1454/1689/752 1349/1557/752
f 1349/1557/753 1454/1689/753 1453/1688/753 1361/1569/753
f 1361/1569/754 1453/1688/754 1452/1685/754 1358/1566/754
f 1358/1566/782 1452/1685/782 1450/1682/782 1346/1554/782
f 1457/1692/872 1008/1146/872 1051/1189/872 1461/1696/872
f 1461/1696/873 1051/1189/873 1054/1192/873 1460/1695/873
f 1460/1695/874 1054/1192/874 1042/1180/874 1459/1694/874
f 1459/1694/875 1042/1180/875 1041/1179/875 1458/1693/875
f 1458/1693/876 1041/1179/876 1007/1145/876 1456/1691/876
f 172/193/959 1457/1692/959 1461/1696/959 197/227/959
f 197/227/960 1461/1696/960 1460/1695/960 198/228/960
f 198/228/961 1460/1695/961 1459/1694/961 178/199/961
f 178/199/962 1459/1694/962 1458/1693/962 175/196/962
f 175/196/963 1458/1693/963 1456/1691/963 169/187/963
f 790/912/964 1463/1698/964 1467/1702/964 794/917/964
f 794/917/965 1467/1702/965 1466/1701/965 795/918/965
f 795/918/961 1466/1701/961 1465/1700/961 807/930/961
f 807/930/962 1465/1700/962 1464/1699/962 804/927/962
f 804/927/966 1464/1699/966 1462/1697/966 791/913/966
f 757/873/967 1469/1704/967 1473/1708/967 782/904/967
f 782/904/968 1473/1708/968 1472/1707/968 783/905/968
f 783/905/969 1472/1707/969 1471/1706/969 763/879/969
f 763/879/970 1471/1706/970 1470/1705/970 760/876/970
f 760/876/971 1470/1705/971 1468/1703/971 754/869/971
f 75/77/922 1475/1710/922 1479/1714/922 93/97/922
f 93/97/802 1479/1714/802 1478/1713/802 94/98/802
f 94/98/801 1478/1713/801 1477/1712/801 106/115/801
f 106/115/800 1477/1712/800 1476/1711/800 103/112/800
f 103/112/799 1476/1711/799 1474/1709/799 76/78/799
f 241/276/972 1481/1716/972 1485/1720/972 266/308/972
f 266/308/973 1485/1720/973 1484/1719/973 267/309/973
f 267/309/974 1484/1719/974 1483/1718/974 247/282/974
f 247/282/975 1483/1718/975 1482/1717/975 244/279/975
f 244/279/976 1482/1717/976 1480/1715/976 238/272/976
f 1487/1722/825 1492/1727/825 1497/1732/825 1491/1726/825
f 1491/1726/752 1497/1732/752 1500/1735/752 1490/1725/752
f 1490/1725/753 1500/1735/753 1512/1747/753 1489/1724/753
f 1489/1724/754 1512/1747/754 1511/1746/754 1488/1723/754
f 1488/1723/755 1511/1746/755 1494/1729/755 1486/1721/755
f 1519/1754/825 1487/1722/825 1491/1726/825 1522/1757/825
f 1522/1757/752 1491/1726/752 1490/1725/752 1523/1758/752
f 1523/1758/753 1490/1725/753 1489/1724/753 1535/1770/753
f 1535/1770/754 1489/1724/754 1488/1723/754 1532/1767/754
f 1532/1767/755 1488/1723/755 1486/1721/755 1520/1755/755
f 700/807/843 1521/1756/843 1540/1775/843 702/809/843
f 702/809/805 1540/1775/805 1543/1778/805 703/810/805
f 703/810/806 1543/1778/806 1531/1766/806 704/811/806
f 704/811/807 1531/1766/807 1530/1765/807 705/812/807
f 705/812/808 1530/1765/808 1520/1755/808 701/808/808
f 1493/1728/770 362/424/770 366/428/770 1503/1738/770
f 1503/1738/771 366/428/771 365/427/771 1504/1739/771
f 1504/1739/7 365/427/7 364/426/7 1516/1751/7
f 1516/1751/772 364/426/772 363/425/772 1513/1748/772
f 1513/1748/871 363/425/871 361/423/871 1494/1729/871
f 171/192/977 1493/1728/977 1505/1740/977 189/217/977
f 189/217/978 1505/1740/978 1508/1743/978 190/218/978
f 190/218/979 1508/1743/979 1496/1731/979 202/232/979
f 202/232/980 1496/1731/980 1495/1730/980 199/229/980
f 199/229/981 1495/1730/981 1492/1727/981 172/193/981
f 1521/1756/982 1003/1141/982 1011/1149/982 1538/1773/982
f 1538/1773/983 1011/1149/983 1014/1152/983 1539/1774/983
f 1539/1774/984 1014/1152/984 1050/1188/984 1527/1762/984
f 1527/1762/985 1050/1188/985 1049/1187/985 1524/1759/985
f 1524/1759/986 1049/1187/986 1008/1146/986 1519/1754/986
f 1171/1330/987 1668/1904/987 1688/1927/987 1196/1361/987
f 1196/1361/988 1688/1927/988 1691/1932/988 1197/1362/988
f 1197/1362/989 1691/1932/989 1679/1915/989 1177/1336/989
f 1177/1336/990 1679/1915/990 1678/1914/990 1174/1333/990
f 1174/1333/991 1678/1914/991 1667/1902/991 1168/1326/991
f 1294/1492/809 1574/1809/809 1578/1813/809 1296/1494/809
f 1296/1494/810 1578/1813/810 1577/1812/810 1297/1495/810
f 1297/1495/308 1577/1812/308 1576/1811/308 1298/1496/308
f 1298/1496/811 1576/1811/811 1575/1810/811 1299/1497/811
f 1299/1497/812 1575/1810/812 1573/1808/812 1295/1493/812
f 1640/1875/992 1704/1946/992 1724/1966/992 1650/1885/992
f 1650/1885/993 1724/1966/993 1727/1971/993 1651/1886/993
f 1651/1886/994 1727/1971/994 1715/1957/994 1663/1898/994
f 1663/1898/995 1715/1957/995 1714/1956/995 1660/1895/995
f 1660/1895/996 1714/1956/996 1703/1945/996 1641/1876/996
f 978/1116/941 1607/1842/941 1611/1846/941 995/1133/941
f 995/1133/942 1611/1846/942 1610/1845/942 996/1134/942
f 996/1134/851 1610/1845/851 1609/1844/851 984/1122/851
f 984/1122/943 1609/1844/943 1608/1843/943 981/1119/943
f 981/1119/944 1608/1843/944 1606/1841/944 976/1114/944
f 1702/1944/997 1667/1902/997 1680/1916/997 1706/1948/997
f 1706/1948/998 1680/1916/998 1683/1919/998 1707/1949/998
f 1707/1949/999 1683/1919/999 1671/1907/999 1719/1961/999
f 1719/1961/1000 1671/1907/1000 1670/1906/1000 1716/1958/1000
f 1716/1958/1001 1670/1906/1001 1666/1901/1001 1703/1945/1001
f 1741/1987/903 1775/2028/903 1788/2044/903 1766/2018/903
f 1766/2018/904 1788/2044/904 1791/2049/904 1767/2019/904
f 1767/2019/7 1791/2049/7 1779/2032/7 1747/1993/7
f 1747/1993/905 1779/2032/905 1778/2031/905 1744/1990/905
f 1744/1990/906 1778/2031/906 1774/2026/906 1738/1983/906
f 1813/2073/1002 1740/1986/1002 1760/2009/1002 1838/2104/1002
f 1838/2104/1003 1760/2009/1003 1763/2014/1003 1839/2105/1003
f 1839/2105/868 1763/2014/868 1751/1997/868 1819/2079/868
f 1819/2079/1004 1751/1997/1004 1750/1996/1004 1816/2076/1004
f 1816/2076/1005 1750/1996/1005 1739/1984/1005 1810/2069/1005
f 1776/2029/861 1847/2114/861 1860/2130/861 1794/2053/861
f 1794/2053/860 1860/2130/860 1863/2135/860 1795/2054/860
f 1795/2054/767 1863/2135/767 1851/2118/767 1807/2066/767
f 1807/2066/859 1851/2118/859 1850/2117/859 1804/2063/859
f 1804/2063/858 1850/2117/858 1846/2112/858 1777/2030/858
f 1848/2115/899 1812/2072/899 1832/2095/899 1866/2139/899
f 1866/2139/900 1832/2095/900 1835/2100/900 1867/2140/900
f 1867/2140/776 1835/2100/776 1823/2083/776 1879/2152/776
f 1879/2152/901 1823/2083/901 1822/2082/901 1876/2149/901
f 1876/2149/902 1822/2082/902 1811/2070/902 1849/2116/902
f 1889/2162/1009 1774/2026/1009 1780/2033/1009 1893/2166/1009
f 1893/2166/1010 1780/2033/1010 1783/2036/1010 1892/2165/1010
f 1892/2165/1011 1783/2036/1011 1803/2062/1011 1891/2164/1011
f 1891/2164/1012 1803/2062/1012 1802/2061/1012 1890/2163/1012
f 1890/2163/1013 1802/2061/1013 1777/2030/1013 1888/2161/1013
f 1849/2116/1014 1900/2173/1014 1902/2175/1014 1874/2147/1014
f 1874/2147/1015 1902/2175/1015 1903/2176/1015 1875/2148/1015
f 1875/2148/1016 1903/2176/1016 1904/2177/1016 1855/2122/1016
f 1855/2122/1017 1904/2177/1017 1905/2178/1017 1852/2119/1017
f 1852/2119/1018 1905/2178/1018 1901/2174/1018 1846/2112/1018
f 1895/2168/1019 1811/2070/1019 1824/2084/1019 1899/2172/1019
f 1899/2172/1020 1824/2084/1020 1827/2087/1020 1898/2171/1020
f 1898/2171/1021 1827/2087/1021 1815/2075/1021 1897/2170/1021
f 1897/2170/1022 1815/2075/1022 1814/2074/1022 1896/2169/1022
f 1896/2169/1023 1814/2074/1023 1810/2069/1023 1894/2167/1023
f 1738/1983/1024 1882/2155/1024 1884/2157/1024 1742/1988/1024
f 1742/1988/1025 1884/2157/1025 1885/2158/1025 1743/1989/1025
f 1743/1989/1026 1885/2158/1026 1886/2159/1026 1755/2001/1026
f 1755/2001/1027 1886/2159/1027 1887/2160/1027 1752/1998/1027
f 1752/1998/1028 1887/2160/1028 1883/2156/1028 1739/1984/1028
f 1894/2167/1029 1985/2258/1029 1997/2270/1029 1896/2169/1029
f 1896/2169/792 1997/2270/792 2000/2273/792 1897/2170/792
f 1897/2170/791 2000/2273/791 1988/2261/791 1898/2171/791
f 1898/2171/790 1988/2261/790 1987/2260/790 1899/2172/790
f 1899/2172/789 1987/2260/789 1984/2257/789 1895/2168/789
f 2041/2315/1014 1906/2179/1014 1908/2181/1014 2066/2346/1014
f 2066/2346/1015 1908/2181/1015 1909/2182/1015 2067/2347/1015
f 2067/2347/1016 1909/2182/1016 1910/2183/1016 2047/2321/1016
f 2047/2321/1017 1910/2183/1017 1911/2184/1017 2044/2318/1017
f 2044/2318/1030 1911/2184/1030 1907/2180/1030 2038/2311/1030
f 2113/2402/1031 1918/2191/1031 1920/2193/1031 2138/2434/1031
f 2138/2434/1012 1920/2193/1012 1921/2194/1012 2139/2435/1012
f 2139/2435/1011 1921/2194/1011 1922/2195/1011 2119/2408/1011
f 2119/2408/1010 1922/2195/1010 1923/2196/1010 2116/2405/1010
f 2116/2405/1032 1923/2196/1032 1919/2192/1032 2110/2398/1032
f 1925/2198/1028 2147/2443/1028 2160/2457/1028 1929/2202/1028
f 1929/2202/1027 2160/2457/1027 2163/2460/1027 1928/2201/1027
f 1928/2201/1026 2163/2460/1026 2151/2448/1026 1927/2200/1026
f 1927/2200/1025 2151/2448/1025 2150/2447/1025 1926/2199/1025
f 1926/2199/1024 2150/2447/1024 2146/2442/1024 1924/2197/1024
f 1930/2203/773 1957/2230/773 1962/2235/773 1933/2206/773
f 1933/2206/772 1962/2235/772 1965/2238/772 1934/2207/772
f 1934/2207/7 1965/2238/7 1977/2250/7 1946/2219/7
f 1946/2219/771 1977/2250/771 1976/2249/771 1943/2216/771
f 1943/2216/770 1976/2249/770 1959/2232/770 1931/2204/770
f 1985/2258/1006 1932/2205/1006 1951/2224/1006 1995/2268/1006
f 1995/2268/869 1951/2224/869 1954/2227/869 1996/2269/869
f 1996/2269/868 1954/2227/868 1942/2215/868 2008/2281/868
f 2008/2281/867 1942/2215/867 1941/2214/867 2005/2278/867
f 2005/2278/1007 1941/2214/1007 1931/2204/1007 1986/2259/1007
f 1958/2231/769 2011/2284/769 2016/2289/769 1968/2241/769
f 1968/2241/768 2016/2289/768 2019/2292/768 1969/2242/768
f 1969/2242/767 2019/2292/767 2031/2304/767 1981/2254/767
f 1981/2254/1033 2031/2304/1033 2030/2303/1033 1978/2251/1033
f 1978/2251/765 2030/2303/765 2013/2286/765 1959/2232/765
f 2012/2285/780 1984/2257/780 1989/2262/780 2022/2295/780
f 2022/2295/777 1989/2262/777 1992/2265/777 2023/2296/777
f 2023/2296/776 1992/2265/776 2004/2277/776 2035/2308/776
f 2035/2308/1034 2004/2277/1034 2003/2276/1034 2032/2305/1034
f 2032/2305/779 2003/2276/779 1986/2259/779 2013/2286/779
f 2040/2314/899 2075/2356/899 2088/2372/899 2058/2336/899
f 2058/2336/900 2088/2372/900 2091/2376/900 2059/2337/900
f 2059/2337/776 2091/2376/776 2079/2360/776 2071/2351/776
f 2071/2351/901 2079/2360/901 2078/2359/901 2068/2348/901
f 2068/2348/902 2078/2359/902 2074/2354/902 2041/2315/902
f 2112/2401/861 2039/2313/861 2052/2329/861 2130/2423/861
f 2130/2423/860 2052/2329/860 2055/2333/860 2131/2424/860
f 2131/2424/767 2055/2333/767 2043/2317/767 2143/2439/767
f 2143/2439/859 2043/2317/859 2042/2316/859 2140/2436/859
f 2140/2436/858 2042/2316/858 2038/2311/858 2113/2402/858
f 2076/2357/1002 2148/2445/1002 2168/2468/1002 2094/2379/1002
f 2094/2379/1003 2168/2468/1003 2171/2472/1003 2095/2380/1003
f 2095/2380/868 2171/2472/868 2159/2456/868 2107/2395/868
f 2107/2395/1004 2159/2456/1004 2158/2455/1004 2104/2392/1004
f 2104/2392/1005 2158/2455/1005 2147/2443/1005 2077/2358/1005
f 2149/2446/903 2111/2400/903 2124/2416/903 2174/2475/903
f 2174/2475/904 2124/2416/904 2127/2420/904 2175/2476/904
f 2175/2476/7 2127/2420/7 2115/2404/7 2155/2452/7
f 2155/2452/905 2115/2404/905 2114/2403/905 2152/2449/905
f 2152/2449/906 2114/2403/906 2110/2398/906 2146/2442/906
f 2011/2284/750 1901/2174/750 1905/2178/750 2014/2287/750
f 2014/2287/749 1905/2178/749 1904/2177/749 2015/2288/749
f 2015/2288/748 1904/2177/748 1903/2176/748 2027/2300/748
f 2027/2300/747 1903/2176/747 1902/2175/747 2024/2297/747
f 2024/2297/746 1902/2175/746 1900/2173/746 2012/2285/746
f 1882/2155/842 1930/2203/842 1935/2208/842 1884/2157/842
f 1884/2157/836 1935/2208/836 1938/2211/836 1885/2158/836
f 1885/2158/837 1938/2211/837 1950/2223/837 1886/2159/837
f 1886/2159/841 1950/2223/841 1949/2222/841 1887/2160/841
f 1887/2160/839 1949/2222/839 1932/2205/839 1883/2156/839
f 1912/2185/1019 2074/2354/1019 2080/2361/1019 1914/2187/1019
f 1914/2187/1020 2080/2361/1020 2083/2364/1020 1915/2188/1020
f 1915/2188/1021 2083/2364/1021 2103/2391/1021 1916/2189/1021
f 1916/2189/1022 2103/2391/1022 2102/2390/1022 1917/2190/1022
f 1917/2190/1023 2102/2390/1023 2077/2358/1023 1913/2186/1023
f 1957/2230/755 1889/2162/755 1893/2166/755 1960/2233/755
f 1960/2233/754 1893/2166/754 1892/2165/754 1961/2234/754
f 1961/2234/753 1892/2165/753 1891/2164/753 1973/2246/753
f 1973/2246/752 1891/2164/752 1890/2163/752 1970/2243/752
f 1970/2243/751 1890/2163/751 1888/2161/751 1958/2231/751
f 34/34/2 68/68/2 29/29/2 30/30/2
usemtl Material.004
f 1924/2197/2 1919/2192/2 400/463/2 373/436/2
f 1906/2179/4 1912/2185/4 1548/1783/4 1580/1815/4
f 1913/2186/5 1925/2198/5 375/438/5 1546/1781/5
f 1547/1782/6 374/437/6 402/465/6 1581/1816/6
f 1918/2191/3 1907/2180/3 1579/1814/3 401/464/3
f 373/436/192 376/439/192 379/442/192 378/441/192
f 376/439/193 377/440/193 380/443/193 379/442/193
f 377/440/194 389/452/194 390/453/194 380/443/194
f 378/441/195 379/442/195 382/445/195 381/444/195
f 379/442/196 380/443/196 383/446/196 382/445/196
f 380/443/197 390/453/197 391/454/197 383/446/197
f 374/437/198 384/447/198 387/450/198 386/449/198
f 384/447/199 385/448/199 388/451/199 387/450/199
f 385/448/200 397/460/200 398/461/200 388/451/200
f 386/449/201 387/450/201 390/453/201 389/452/201
f 387/450/202 388/451/202 391/454/202 390/453/202
f 388/451/203 398/461/203 399/462/203 391/454/203
f 375/438/204 392/455/204 395/458/204 394/457/204
f 392/455/205 393/456/205 396/459/205 395/458/205
f 393/456/206 381/444/206 382/445/206 396/459/206
f 394/457/207 395/458/207 398/461/207 397/460/207
f 395/458/208 396/459/208 399/462/208 398/461/208
f 396/459/209 382/445/209 383/446/209 399/462/209
f 383/446/210 391/454/210 399/462/210
f 400/463/116 403/466/116 406/469/116 405/468/116
f 403/466/211 404/467/211 407/470/211 406/469/211
f 404/467/118 416/479/118 417/480/118 407/470/118
f 405/468/212 406/469/212 409/472/212 408/471/212
f 406/469/213 407/470/213 410/473/213 409/472/213
f 407/470/214 417/480/214 418/481/214 410/473/214
f 401/464/104 411/474/104 414/477/104 413/476/104
f 411/474/105 412/475/105 415/478/105 414/477/105
f 412/475/106 424/487/106 425/488/106 415/478/106
f 413/476/215 414/477/215 417/480/215 416/479/215
f 414/477/108 415/478/108 418/481/108 417/480/108
f 415/478/109 425/488/109 426/489/109 418/481/109
f 402/465/110 419/482/110 422/485/110 421/484/110
f 419/482/216 420/483/216 423/486/216 422/485/216
f 420/483/112 408/471/112 409/472/112 423/486/112
f 421/484/217 422/485/217 425/488/217 424/487/217
f 422/485/218 423/486/218 426/489/218 425/488/218
f 423/486/115 409/472/115 410/473/115 426/489/115
f 410/473/219 418/481/219 426/489/219
f 1546/1781/420 1549/1784/420 1552/1787/420 1551/1786/420
f 1549/1784/421 1550/1785/421 1553/1788/421 1552/1787/421
f 1550/1785/422 1562/1797/422 1563/1798/422 1553/1788/422
f 1551/1786/423 1552/1787/423 1555/1790/423 1554/1789/423
f 1552/1787/604 1553/1788/604 1556/1791/604 1555/1790/604
f 1553/1788/605 1563/1798/605 1564/1799/605 1556/1791/605
f 1547/1782/408 1557/1792/408 1560/1795/408 1559/1794/408
f 1557/1792/606 1558/1793/606 1561/1796/606 1560/1795/606
f 1558/1793/410 1570/1805/410 1571/1806/410 1561/1796/410
f 1559/1794/411 1560/1795/411 1563/1798/411 1562/1797/411
f 1560/1795/607 1561/1796/607 1564/1799/607 1563/1798/607
f 1561/1796/413 1571/1806/413 1572/1807/413 1564/1799/413
f 1548/1783/414 1565/1800/414 1568/1803/414 1567/1802/414
f 1565/1800/415 1566/1801/415 1569/1804/415 1568/1803/415
f 1566/1801/416 1554/1789/416 1555/1790/416 1569/1804/416
f 1567/1802/417 1568/1803/417 1571/1806/417 1570/1805/417
f 1568/1803/608 1569/1804/608 1572/1807/608 1571/1806/608
f 1569/1804/419 1555/1790/419 1556/1791/419 1572/1807/419
f 1556/1791/609 1564/1799/609 1572/1807/609
f 1579/1814/185 1582/1817/185 1585/1820/185 1584/1819/185
f 1582/1817/186 1583/1818/186 1586/1821/186 1585/1820/186
f 1583/1818/187 1595/1830/187 1596/1831/187 1586/1821/187
f 1584/1819/188 1585/1820/188 1588/1823/188 1587/1822/188
f 1585/1820/610 1586/1821/610 1589/1824/610 1588/1823/610
f 1586/1821/611 1596/1831/611 1597/1832/611 1589/1824/611
f 1580/1815/173 1590/1825/173 1593/1828/173 1592/1827/173
f 1590/1825/612 1591/1826/612 1594/1829/612 1593/1828/612
f 1591/1826/175 1603/1838/175 1604/1839/175 1594/1829/175
f 1592/1827/176 1593/1828/176 1596/1831/176 1595/1830/176
f 1593/1828/613 1594/1829/613 1597/1832/613 1596/1831/613
f 1594/1829/614 1604/1839/614 1605/1840/614 1597/1832/614
f 1581/1816/179 1598/1833/179 1601/1836/179 1600/1835/179
f 1598/1833/615 1599/1834/615 1602/1837/615 1601/1836/615
f 1599/1834/181 1587/1822/181 1588/1823/181 1602/1837/181
f 1600/1835/616 1601/1836/616 1604/1839/616 1603/1838/616
f 1601/1836/617 1602/1837/617 1605/1840/617 1604/1839/617
f 1602/1837/618 1588/1823/618 1589/1824/618 1605/1840/618
f 1589/1824/619 1597/1832/619 1605/1840/619
f 373/436/773 400/463/773 405/468/773 376/439/773
f 376/439/772 405/468/772 408/471/772 377/440/772
f 377/440/7 408/471/7 420/483/7 389/452/7
f 389/452/771 420/483/771 419/482/771 386/449/771
f 386/449/770 419/482/770 402/465/770 374/437/770
f 1546/1781/1006 375/438/1006 394/457/1006 1549/1784/1006
f 1549/1784/869 394/457/869 397/460/869 1550/1785/869
f 1550/1785/868 397/460/868 385/448/868 1562/1797/868
f 1562/1797/867 385/448/867 384/447/867 1559/1794/867
f 1559/1794/1007 384/447/1007 374/437/1007 1547/1782/1007
f 401/464/1008 1579/1814/1008 1584/1819/1008 411/474/1008
f 411/474/768 1584/1819/768 1587/1822/768 412/475/768
f 412/475/767 1587/1822/767 1599/1834/767 424/487/767
f 424/487/766 1599/1834/766 1598/1833/766 421/484/766
f 421/484/765 1598/1833/765 1581/1816/765 402/465/765
f 1580/1815/780 1548/1783/780 1567/1802/780 1590/1825/780
f 1590/1825/777 1567/1802/777 1570/1805/777 1591/1826/777
f 1591/1826/776 1570/1805/776 1558/1793/776 1603/1838/776
f 1603/1838/775 1558/1793/775 1557/1792/775 1600/1835/775
f 1600/1835/779 1557/1792/779 1547/1782/779 1581/1816/779
f 1918/2191/825 401/464/825 413/476/825 1920/2193/825
f 1920/2193/752 413/476/752 416/479/752 1921/2194/752
f 1921/2194/753 416/479/753 404/467/753 1922/2195/753
f 1922/2195/754 404/467/754 403/466/754 1923/2196/754
f 1923/2196/755 403/466/755 400/463/755 1919/2192/755
f 375/438/840 1925/2198/840 1929/2202/840 392/455/840
f 392/455/841 1929/2202/841 1928/2201/841 393/456/841
f 393/456/837 1928/2201/837 1927/2200/837 381/444/837
f 381/444/836 1927/2200/836 1926/2199/836 378/441/836
f 378/441/842 1926/2199/842 1924/2197/842 373/436/842
f 1906/2179/746 1580/1815/746 1592/1827/746 1908/2181/746
f 1908/2181/747 1592/1827/747 1595/1830/747 1909/2182/747
f 1909/2182/748 1595/1830/748 1583/1818/748 1910/2183/748
f 1910/2183/749 1583/1818/749 1582/1817/749 1911/2184/749
f 1911/2184/781 1582/1817/781 1579/1814/781 1907/2180/781
f 1548/1783/789 1912/2185/789 1914/2187/789 1565/1800/789
f 1565/1800/790 1914/2187/790 1915/2188/790 1566/1801/790
f 1566/1801/791 1915/2188/791 1916/2189/791 1554/1789/791
f 1554/1789/792 1916/2189/792 1917/2190/792 1551/1786/792
f 1551/1786/793 1917/2190/793 1913/2186/793 1546/1781/793
