# Blender 3.4.1
# www.blender.org
o Cube.007
v -0.310800 1.080800 0.201600
v -0.336000 1.080800 0.176400
v -0.314742 1.080800 0.201290
v -0.318587 1.080800 0.200367
v -0.322241 1.080800 0.198853
v -0.325612 1.080800 0.196787
v -0.328619 1.080800 0.194219
v -0.331187 1.080800 0.191212
v -0.333253 1.080800 0.187841
v -0.334767 1.080800 0.184187
v -0.335690 1.080800 0.180342
v 0.336000 1.080800 0.176400
v 0.310800 1.080800 0.201600
v 0.335690 1.080800 0.180342
v 0.334767 1.080800 0.184187
v 0.333253 1.080800 0.187841
v 0.331187 1.080800 0.191212
v 0.328619 1.080800 0.194219
v 0.325612 1.080800 0.196787
v 0.322241 1.080800 0.198853
v 0.318587 1.080800 0.200367
v 0.314742 1.080800 0.201290
v 0.310800 1.080800 -0.302400
v 0.336000 1.080800 -0.277200
v 0.314742 1.080800 -0.302090
v 0.318587 1.080800 -0.301167
v 0.322241 1.080800 -0.299653
v 0.325612 1.080800 -0.297587
v 0.328619 1.080800 -0.295019
v 0.331187 1.080800 -0.292012
v 0.333253 1.080800 -0.288641
v 0.334767 1.080800 -0.284987
v 0.335690 1.080800 -0.281142
v -0.336000 1.080800 -0.277200
v -0.310800 1.080800 -0.302400
v -0.335690 1.080800 -0.281142
v -0.334767 1.080800 -0.284987
v -0.333253 1.080800 -0.288641
v -0.331187 1.080800 -0.292012
v -0.328619 1.080800 -0.295019
v -0.325612 1.080800 -0.297587
v -0.322241 1.080800 -0.299653
v -0.318587 1.080800 -0.301167
v -0.314742 1.080800 -0.302090
v -0.270405 1.178778 0.180632
v -0.313460 1.176070 0.154350
v -0.336000 1.139600 0.176400
v -0.310800 1.139600 0.201600
v -0.274348 1.179734 0.178793
v -0.278671 1.180450 0.176621
v -0.283268 1.180880 0.174154
v -0.288023 1.181015 0.171456
v -0.292827 1.180875 0.168600
v -0.273817 1.176267 0.183895
v -0.278887 1.176483 0.182080
v -0.283871 1.176846 0.180128
v -0.288812 1.177135 0.177927
v -0.293671 1.177230 0.175432
v -0.298347 1.177105 0.172674
v -0.277636 1.173218 0.187100
v -0.283414 1.173087 0.185390
v -0.288962 1.173189 0.183622
v -0.294233 1.173342 0.181639
v -0.299193 1.173398 0.179320
v -0.303769 1.173304 0.176644
v -0.281777 1.169678 0.190140
v -0.287908 1.169477 0.188593
v -0.293806 1.169466 0.186996
v -0.299322 1.169529 0.185176
v -0.304363 1.169557 0.182987
v -0.308866 1.169488 0.180360
v -0.286135 1.165739 0.192940
v -0.292349 1.165616 0.191558
v -0.298363 1.165603 0.190095
v -0.303970 1.165639 0.188394
v -0.309028 1.165654 0.186294
v -0.313453 1.165602 0.183693
v -0.317424 1.161598 0.186551
v -0.316971 1.173977 0.156215
v -0.320414 1.171343 0.158298
v -0.323682 1.168197 0.160558
v -0.326691 1.164620 0.162937
v -0.329398 1.160720 0.165375
v -0.310131 1.177483 0.156951
v -0.313792 1.174648 0.159668
v -0.317598 1.171673 0.162352
v -0.321285 1.168400 0.165023
v -0.324661 1.164793 0.167650
v -0.327621 1.160916 0.170179
v -0.306312 1.178711 0.159748
v -0.310399 1.175382 0.163089
v -0.314625 1.172069 0.166314
v -0.318725 1.168631 0.169382
v -0.322463 1.164972 0.172253
v -0.325705 1.161103 0.174879
v -0.302082 1.179697 0.162669
v -0.306709 1.176096 0.166425
v -0.311397 1.172539 0.170056
v -0.315896 1.168931 0.173454
v -0.319978 1.165192 0.176542
v -0.323501 1.161294 0.179270
v -0.297548 1.180416 0.165642
v -0.302685 1.176687 0.169638
v -0.307794 1.172979 0.173515
v -0.312641 1.169246 0.177131
v -0.317017 1.165423 0.180379
v -0.320789 1.161470 0.183192
v -0.335661 1.139600 0.180338
v -0.334748 1.139600 0.184181
v -0.333236 1.139600 0.187832
v -0.331164 1.139600 0.191195
v -0.328619 1.139600 0.194219
v -0.335698 1.143675 0.174536
v -0.334531 1.143881 0.178585
v -0.333324 1.144003 0.182626
v -0.331741 1.144072 0.186485
v -0.329615 1.144111 0.190001
v -0.326941 1.144129 0.193079
v -0.334882 1.147933 0.172452
v -0.333309 1.148205 0.176726
v -0.331841 1.148404 0.180979
v -0.330137 1.148532 0.185032
v -0.327925 1.148607 0.188697
v -0.325124 1.148646 0.191863
v -0.333530 1.152263 0.170192
v -0.331831 1.152525 0.174720
v -0.330205 1.152750 0.179184
v -0.328353 1.152914 0.183411
v -0.326015 1.153021 0.187211
v -0.323052 1.153084 0.190471
v -0.331676 1.156554 0.167814
v -0.329950 1.156785 0.172543
v -0.328203 1.156999 0.177166
v -0.326196 1.157179 0.181515
v -0.323690 1.157317 0.185409
v -0.320533 1.157408 0.188739
v -0.307388 1.143708 0.201320
v -0.303569 1.148066 0.200561
v -0.299428 1.152558 0.199302
v -0.295070 1.157073 0.197578
v -0.290603 1.161513 0.195459
v -0.314738 1.139600 0.201261
v -0.311581 1.143922 0.200226
v -0.308268 1.148329 0.199234
v -0.304689 1.152782 0.197978
v -0.300815 1.157213 0.196298
v -0.296705 1.161534 0.194188
v -0.318581 1.139600 0.200348
v -0.315777 1.144053 0.199005
v -0.312917 1.148523 0.197840
v -0.309833 1.152963 0.196551
v -0.306400 1.157333 0.194895
v -0.302609 1.161577 0.192797
v -0.322232 1.139600 0.198836
v -0.319843 1.144112 0.197480
v -0.317406 1.148624 0.196263
v -0.314735 1.153069 0.194938
v -0.311671 1.157413 0.193278
v -0.308143 1.161624 0.191166
v -0.325595 1.139600 0.196764
v -0.323603 1.144130 0.195517
v -0.321527 1.148656 0.194310
v -0.319195 1.153102 0.192960
v -0.316430 1.157437 0.191274
v -0.313121 1.161639 0.189126
v 0.270405 1.178778 0.180632
v 0.310800 1.139600 0.201600
v 0.336000 1.139600 0.176400
v 0.313460 1.176070 0.154351
v 0.273817 1.176267 0.183895
v 0.277636 1.173218 0.187100
v 0.281777 1.169678 0.190140
v 0.286135 1.165739 0.192940
v 0.290603 1.161513 0.195459
v 0.274348 1.179734 0.178793
v 0.278878 1.176517 0.182061
v 0.283356 1.173187 0.185416
v 0.287840 1.169593 0.188645
v 0.292301 1.165697 0.191594
v 0.296646 1.161565 0.194178
v 0.278671 1.180450 0.176621
v 0.283909 1.176812 0.180072
v 0.288952 1.173218 0.183611
v 0.293768 1.169533 0.187019
v 0.298329 1.165656 0.190113
v 0.302573 1.161600 0.192787
v 0.283267 1.180880 0.174154
v 0.288863 1.177066 0.177859
v 0.294259 1.173313 0.181602
v 0.299319 1.169537 0.185173
v 0.303961 1.165653 0.188398
v 0.308128 1.161631 0.191165
v 0.288023 1.181015 0.171456
v 0.293709 1.177178 0.175384
v 0.299222 1.173369 0.179289
v 0.304370 1.169550 0.182979
v 0.309028 1.165655 0.186293
v 0.313115 1.161640 0.189128
v 0.317424 1.161598 0.186551
v 0.314738 1.139600 0.201261
v 0.318581 1.139600 0.200348
v 0.322232 1.139600 0.198836
v 0.325595 1.139600 0.196764
v 0.328619 1.139600 0.194219
v 0.307388 1.143708 0.201320
v 0.311565 1.143943 0.200245
v 0.315814 1.144062 0.199120
v 0.319907 1.144114 0.197630
v 0.323646 1.144130 0.195621
v 0.326923 1.144125 0.193100
v 0.303569 1.148066 0.200561
v 0.308212 1.148357 0.199158
v 0.312911 1.148538 0.197858
v 0.317436 1.148628 0.196344
v 0.321548 1.148656 0.194374
v 0.325110 1.148645 0.191879
v 0.299428 1.152558 0.199302
v 0.304622 1.152802 0.197859
v 0.309796 1.152978 0.196494
v 0.314734 1.153074 0.194943
v 0.319200 1.153102 0.192976
v 0.323048 1.153083 0.190476
v 0.295070 1.157073 0.197578
v 0.300767 1.157228 0.196212
v 0.306366 1.157347 0.194843
v 0.311662 1.157417 0.193265
v 0.316430 1.157438 0.191274
v 0.320533 1.157408 0.188739
v 0.335698 1.143675 0.174536
v 0.334882 1.147933 0.172452
v 0.333530 1.152263 0.170192
v 0.331676 1.156554 0.167814
v 0.329398 1.160720 0.165375
v 0.335661 1.139600 0.180338
v 0.334520 1.143872 0.178577
v 0.333396 1.148196 0.176745
v 0.331961 1.152523 0.174754
v 0.330043 1.156782 0.172569
v 0.327631 1.160888 0.170218
v 0.334748 1.139600 0.184181
v 0.333213 1.144001 0.182576
v 0.331830 1.148400 0.180962
v 0.330269 1.152747 0.179199
v 0.328259 1.156993 0.177184
v 0.325714 1.161082 0.174902
v 0.333236 1.139600 0.187832
v 0.331592 1.144072 0.186417
v 0.330058 1.148531 0.184996
v 0.328350 1.152913 0.183406
v 0.326210 1.157177 0.181519
v 0.323501 1.161288 0.179280
v 0.331164 1.139600 0.191195
v 0.329510 1.144111 0.189957
v 0.327862 1.148607 0.188675
v 0.325998 1.153021 0.187206
v 0.323690 1.157316 0.185409
v 0.320787 1.161469 0.183196
v 0.310131 1.177483 0.156951
v 0.306312 1.178711 0.159748
v 0.302082 1.179697 0.162669
v 0.297548 1.180416 0.165642
v 0.292827 1.180875 0.168600
v 0.316971 1.173977 0.156215
v 0.313829 1.174603 0.159678
v 0.310483 1.175402 0.163077
v 0.306802 1.176154 0.166406
v 0.302750 1.176732 0.169622
v 0.298385 1.177100 0.172657
v 0.320414 1.171343 0.158298
v 0.317578 1.171562 0.162387
v 0.314652 1.172029 0.166325
v 0.311452 1.172560 0.170047
v 0.307838 1.173003 0.173502
v 0.303797 1.173301 0.176630
v 0.323682 1.168197 0.160558
v 0.321232 1.168275 0.165061
v 0.318705 1.168558 0.169405
v 0.315903 1.168920 0.173458
v 0.312653 1.169251 0.177128
v 0.308874 1.169487 0.180356
v 0.326691 1.164620 0.162937
v 0.324622 1.164708 0.167677
v 0.322445 1.164917 0.172271
v 0.319975 1.165177 0.176547
v 0.317018 1.165422 0.180379
v 0.313455 1.165601 0.183693
v -0.270405 1.178778 -0.281432
v -0.310800 1.139600 -0.302400
v -0.336000 1.139600 -0.277200
v -0.313460 1.176070 -0.255151
v -0.273817 1.176267 -0.284695
v -0.277636 1.173218 -0.287900
v -0.281777 1.169678 -0.290940
v -0.286135 1.165739 -0.293740
v -0.290603 1.161513 -0.296259
v -0.274348 1.179734 -0.279593
v -0.278878 1.176517 -0.282861
v -0.283356 1.173187 -0.286216
v -0.287840 1.169593 -0.289445
v -0.292301 1.165697 -0.292394
v -0.296646 1.161565 -0.294978
v -0.278671 1.180450 -0.277421
v -0.283909 1.176812 -0.280872
v -0.288952 1.173218 -0.284411
v -0.293768 1.169533 -0.287819
v -0.298329 1.165656 -0.290913
v -0.302573 1.161600 -0.293587
v -0.283268 1.180880 -0.274954
v -0.288863 1.177066 -0.278659
v -0.294259 1.173313 -0.282402
v -0.299319 1.169537 -0.285973
v -0.303961 1.165653 -0.289198
v -0.308128 1.161631 -0.291965
v -0.288023 1.181015 -0.272256
v -0.293709 1.177178 -0.276184
v -0.299222 1.173369 -0.280089
v -0.304370 1.169550 -0.283779
v -0.309028 1.165655 -0.287093
v -0.313115 1.161640 -0.289928
v -0.317424 1.161598 -0.287351
v -0.314738 1.139600 -0.302061
v -0.318581 1.139600 -0.301148
v -0.322232 1.139600 -0.299636
v -0.325595 1.139600 -0.297564
v -0.328619 1.139600 -0.295019
v -0.307388 1.143708 -0.302120
v -0.311565 1.143943 -0.301045
v -0.315813 1.144062 -0.299920
v -0.319907 1.144114 -0.298430
v -0.323646 1.144130 -0.296421
v -0.326923 1.144125 -0.293900
v -0.303569 1.148066 -0.301361
v -0.308212 1.148357 -0.299958
v -0.312911 1.148538 -0.298658
v -0.317436 1.148628 -0.297144
v -0.321548 1.148656 -0.295174
v -0.325110 1.148645 -0.292679
v -0.299428 1.152558 -0.300102
v -0.304622 1.152802 -0.298659
v -0.309796 1.152978 -0.297294
v -0.314734 1.153073 -0.295743
v -0.319200 1.153102 -0.293776
v -0.323048 1.153083 -0.291276
v -0.295070 1.157073 -0.298378
v -0.300767 1.157228 -0.297012
v -0.306366 1.157347 -0.295643
v -0.311662 1.157417 -0.294065
v -0.316430 1.157438 -0.292075
v -0.320533 1.157408 -0.289539
v -0.335698 1.143675 -0.275336
v -0.334882 1.147933 -0.273252
v -0.333530 1.152263 -0.270992
v -0.331676 1.156554 -0.268614
v -0.329398 1.160720 -0.266175
v -0.335661 1.139600 -0.281138
v -0.334520 1.143872 -0.279377
v -0.333396 1.148196 -0.277545
v -0.331961 1.152523 -0.275553
v -0.330043 1.156782 -0.273369
v -0.327631 1.160888 -0.271018
v -0.334748 1.139600 -0.284981
v -0.333213 1.144001 -0.283376
v -0.331830 1.148400 -0.281762
v -0.330269 1.152747 -0.279999
v -0.328259 1.156993 -0.277984
v -0.325714 1.161082 -0.275702
v -0.333236 1.139600 -0.288632
v -0.331592 1.144072 -0.287217
v -0.330058 1.148531 -0.285796
v -0.328349 1.152913 -0.284206
v -0.326210 1.157177 -0.282319
v -0.323501 1.161288 -0.280080
v -0.331164 1.139600 -0.291995
v -0.329510 1.144110 -0.290757
v -0.327862 1.148607 -0.289475
v -0.325998 1.153021 -0.288006
v -0.323690 1.157316 -0.286209
v -0.320787 1.161469 -0.283996
v -0.310131 1.177483 -0.257751
v -0.306312 1.178711 -0.260548
v -0.302082 1.179697 -0.263469
v -0.297548 1.180416 -0.266442
v -0.292827 1.180875 -0.269400
v -0.316971 1.173977 -0.257015
v -0.313829 1.174603 -0.260478
v -0.310483 1.175402 -0.263877
v -0.306802 1.176154 -0.267206
v -0.302750 1.176732 -0.270422
v -0.298385 1.177100 -0.273457
v -0.320414 1.171343 -0.259098
v -0.317578 1.171562 -0.263187
v -0.314652 1.172029 -0.267125
v -0.311452 1.172560 -0.270847
v -0.307838 1.173003 -0.274302
v -0.303797 1.173301 -0.277430
v -0.323682 1.168197 -0.261358
v -0.321232 1.168275 -0.265861
v -0.318705 1.168558 -0.270205
v -0.315903 1.168920 -0.274258
v -0.312653 1.169251 -0.277928
v -0.308874 1.169487 -0.281156
v -0.326691 1.164620 -0.263737
v -0.324622 1.164708 -0.268477
v -0.322445 1.164917 -0.273071
v -0.319975 1.165177 -0.277347
v -0.317018 1.165422 -0.281179
v -0.313455 1.165601 -0.284493
v 0.270405 1.178778 -0.281432
v 0.313460 1.176070 -0.255150
v 0.336000 1.139600 -0.277200
v 0.310800 1.139600 -0.302400
v 0.274348 1.179734 -0.279593
v 0.278671 1.180450 -0.277421
v 0.283268 1.180880 -0.274954
v 0.288023 1.181015 -0.272256
v 0.292827 1.180875 -0.269400
v 0.273817 1.176267 -0.284695
v 0.278887 1.176483 -0.282880
v 0.283871 1.176846 -0.280928
v 0.288812 1.177135 -0.278727
v 0.293671 1.177230 -0.276232
v 0.298347 1.177105 -0.273474
v 0.277636 1.173218 -0.287900
v 0.283414 1.173087 -0.286190
v 0.288962 1.173189 -0.284422
v 0.294233 1.173342 -0.282439
v 0.299193 1.173398 -0.280120
v 0.303769 1.173304 -0.277444
v 0.281777 1.169678 -0.290940
v 0.287908 1.169477 -0.289393
v 0.293806 1.169466 -0.287796
v 0.299322 1.169529 -0.285976
v 0.304363 1.169557 -0.283787
v 0.308866 1.169488 -0.281160
v 0.286135 1.165739 -0.293740
v 0.292349 1.165616 -0.292358
v 0.298363 1.165603 -0.290895
v 0.303970 1.165639 -0.289194
v 0.309028 1.165654 -0.287094
v 0.313453 1.165602 -0.284493
v 0.317424 1.161598 -0.287351
v 0.316971 1.173977 -0.257015
v 0.320414 1.171343 -0.259098
v 0.323682 1.168197 -0.261358
v 0.326691 1.164620 -0.263737
v 0.329398 1.160720 -0.266175
v 0.310131 1.177483 -0.257751
v 0.313792 1.174648 -0.260468
v 0.317598 1.171673 -0.263152
v 0.321285 1.168400 -0.265823
v 0.324661 1.164793 -0.268450
v 0.327621 1.160916 -0.270979
v 0.306312 1.178711 -0.260548
v 0.310399 1.175382 -0.263889
v 0.314625 1.172069 -0.267114
v 0.318725 1.168631 -0.270182
v 0.322463 1.164972 -0.273053
v 0.325705 1.161103 -0.275679
v 0.302082 1.179697 -0.263469
v 0.306709 1.176096 -0.267225
v 0.311397 1.172539 -0.270856
v 0.315896 1.168931 -0.274254
v 0.319978 1.165192 -0.277342
v 0.323501 1.161294 -0.280070
v 0.297548 1.180416 -0.266442
v 0.302685 1.176687 -0.270438
v 0.307794 1.172979 -0.274315
v 0.312641 1.169246 -0.277931
v 0.317017 1.165423 -0.281179
v 0.320789 1.161470 -0.283992
v 0.335661 1.139600 -0.281138
v 0.334748 1.139600 -0.284981
v 0.333236 1.139600 -0.288632
v 0.331164 1.139600 -0.291995
v 0.328619 1.139600 -0.295019
v 0.335699 1.143675 -0.275336
v 0.334531 1.143881 -0.279385
v 0.333324 1.144003 -0.283426
v 0.331741 1.144072 -0.287285
v 0.329615 1.144111 -0.290801
v 0.326941 1.144129 -0.293879
v 0.334882 1.147933 -0.273252
v 0.333309 1.148205 -0.277526
v 0.331841 1.148404 -0.281779
v 0.330137 1.148532 -0.285832
v 0.327925 1.148607 -0.289497
v 0.325124 1.148646 -0.292663
v 0.333530 1.152263 -0.270992
v 0.331831 1.152525 -0.275520
v 0.330205 1.152750 -0.279984
v 0.328353 1.152914 -0.284211
v 0.326014 1.153021 -0.288011
v 0.323052 1.153084 -0.291271
v 0.331676 1.156554 -0.268614
v 0.329950 1.156785 -0.273343
v 0.328203 1.156999 -0.277966
v 0.326196 1.157179 -0.282315
v 0.323690 1.157316 -0.286209
v 0.320533 1.157408 -0.289539
v 0.307388 1.143708 -0.302120
v 0.303569 1.148066 -0.301361
v 0.299428 1.152558 -0.300102
v 0.295070 1.157073 -0.298378
v 0.290603 1.161513 -0.296259
v 0.314738 1.139600 -0.302061
v 0.311581 1.143922 -0.301026
v 0.308268 1.148329 -0.300034
v 0.304689 1.152783 -0.298778
v 0.300815 1.157213 -0.297098
v 0.296705 1.161534 -0.294988
v 0.318581 1.139600 -0.301148
v 0.315777 1.144053 -0.299805
v 0.312917 1.148523 -0.298640
v 0.309833 1.152963 -0.297351
v 0.306400 1.157333 -0.295695
v 0.302609 1.161577 -0.293597
v 0.322232 1.139600 -0.299636
v 0.319843 1.144112 -0.298280
v 0.317406 1.148624 -0.297063
v 0.314735 1.153069 -0.295738
v 0.311671 1.157413 -0.294078
v 0.308143 1.161624 -0.291966
v 0.325595 1.139600 -0.297564
v 0.323603 1.144130 -0.296317
v 0.321527 1.148656 -0.295110
v 0.319195 1.153102 -0.293760
v 0.316431 1.157437 -0.292074
v 0.313121 1.161639 -0.289926
v -0.158319 1.234821 0.096568
v -0.142800 1.248800 0.050400
v -0.190540 1.237530 0.062160
v -0.157009 1.236995 0.092971
v -0.155541 1.239133 0.088852
v -0.153950 1.241160 0.084299
v -0.152276 1.243026 0.079427
v -0.150559 1.244706 0.074360
v -0.161347 1.236235 0.094042
v -0.160105 1.238014 0.090274
v -0.158686 1.239856 0.086478
v -0.157159 1.241633 0.082489
v -0.155595 1.243259 0.078261
v -0.154051 1.244694 0.073857
v -0.164645 1.237463 0.091101
v -0.163310 1.238955 0.087554
v -0.161849 1.240534 0.084121
v -0.160329 1.242067 0.080664
v -0.158832 1.243458 0.077064
v -0.157438 1.244670 0.073307
v -0.168131 1.238448 0.087802
v -0.166588 1.239751 0.084731
v -0.164978 1.241122 0.081767
v -0.163364 1.242431 0.078842
v -0.161854 1.243599 0.075847
v -0.160566 1.244602 0.072706
v -0.171718 1.239168 0.084227
v -0.169869 1.240363 0.081722
v -0.167998 1.241580 0.079285
v -0.166170 1.242707 0.076902
v -0.164519 1.243675 0.074530
v -0.163257 1.244465 0.072085
v -0.165191 1.244293 0.071559
v -0.147019 1.248650 0.051393
v -0.151689 1.248241 0.052505
v -0.156696 1.247565 0.053710
v -0.161915 1.246638 0.054979
v -0.167221 1.245499 0.056280
v -0.144110 1.248613 0.054599
v -0.148461 1.248117 0.055762
v -0.152908 1.247657 0.056792
v -0.157486 1.247078 0.057801
v -0.162157 1.246302 0.058853
v -0.166823 1.245332 0.059956
v -0.145578 1.248107 0.059212
v -0.149842 1.247521 0.060221
v -0.154067 1.247055 0.061067
v -0.158246 1.246564 0.061836
v -0.162382 1.245934 0.062633
v -0.166430 1.245138 0.063525
v -0.147169 1.247268 0.064124
v -0.151197 1.246783 0.064752
v -0.155147 1.246404 0.065260
v -0.158937 1.246017 0.065684
v -0.162555 1.245528 0.066150
v -0.166011 1.244894 0.066800
v -0.148843 1.246119 0.069214
v -0.152592 1.245845 0.069321
v -0.156242 1.245624 0.069350
v -0.159658 1.245380 0.069305
v -0.162765 1.245051 0.069302
v -0.165569 1.244592 0.069583
v -0.188125 1.238486 0.065447
v -0.185330 1.239202 0.069012
v -0.182211 1.239632 0.072766
v -0.178846 1.239767 0.076616
v -0.175323 1.239626 0.080472
v -0.186699 1.239282 0.061167
v -0.184109 1.239915 0.064505
v -0.181588 1.240453 0.067982
v -0.178945 1.240797 0.071538
v -0.176100 1.240903 0.075082
v -0.173076 1.240775 0.078520
v -0.182339 1.241006 0.060055
v -0.180008 1.241370 0.063451
v -0.177843 1.241713 0.066891
v -0.175680 1.241940 0.070285
v -0.173361 1.241998 0.073544
v -0.170832 1.241889 0.076587
v -0.177558 1.242640 0.058849
v -0.175773 1.242798 0.062305
v -0.174114 1.242956 0.065738
v -0.172479 1.243038 0.069013
v -0.170706 1.243015 0.072022
v -0.168665 1.242906 0.074697
v -0.172476 1.244145 0.057581
v -0.171367 1.244133 0.061125
v -0.170323 1.244116 0.064591
v -0.169284 1.244038 0.067808
v -0.168135 1.243893 0.070626
v -0.166692 1.243739 0.072932
v 0.158319 1.234821 0.096568
v 0.190540 1.237530 0.062160
v 0.142800 1.248800 0.050400
v 0.161347 1.236235 0.094042
v 0.164645 1.237463 0.091101
v 0.168131 1.238449 0.087802
v 0.171718 1.239168 0.084227
v 0.175323 1.239626 0.080472
v 0.157009 1.236995 0.092971
v 0.160052 1.238037 0.090262
v 0.163253 1.239012 0.087608
v 0.166546 1.239820 0.084808
v 0.169842 1.240409 0.081779
v 0.173050 1.240773 0.078547
v 0.155541 1.239133 0.088852
v 0.158639 1.239847 0.086400
v 0.161803 1.240556 0.084110
v 0.164946 1.241161 0.081805
v 0.167977 1.241606 0.079322
v 0.170813 1.241888 0.076608
v 0.153950 1.241160 0.084299
v 0.157126 1.241601 0.082394
v 0.160302 1.242056 0.080612
v 0.163351 1.242437 0.078839
v 0.166163 1.242714 0.076911
v 0.168659 1.242905 0.074703
v 0.152276 1.243026 0.079427
v 0.155575 1.243235 0.078193
v 0.158817 1.243447 0.077018
v 0.161849 1.243597 0.075835
v 0.164518 1.243676 0.074529
v 0.166692 1.243739 0.072933
v 0.165191 1.244293 0.071559
v 0.186699 1.239282 0.061167
v 0.182339 1.241006 0.060055
v 0.177558 1.242640 0.058849
v 0.172476 1.244145 0.057581
v 0.167221 1.245499 0.056280
v 0.188125 1.238486 0.065447
v 0.184125 1.239880 0.064552
v 0.180085 1.241368 0.063491
v 0.175865 1.242821 0.062332
v 0.171433 1.244152 0.061140
v 0.166860 1.245324 0.059967
v 0.185330 1.239202 0.069012
v 0.181542 1.240382 0.068036
v 0.177857 1.241680 0.066932
v 0.174166 1.242961 0.065760
v 0.170367 1.244125 0.064602
v 0.166459 1.245131 0.063532
v 0.182211 1.239632 0.072766
v 0.178877 1.240717 0.071578
v 0.175646 1.241893 0.070315
v 0.172483 1.243028 0.069025
v 0.169296 1.244039 0.067812
v 0.166019 1.244892 0.066802
v 0.178846 1.239767 0.076616
v 0.176049 1.240850 0.075108
v 0.173328 1.241967 0.073565
v 0.170698 1.243006 0.072029
v 0.168136 1.243893 0.070627
v 0.165570 1.244591 0.069583
v 0.144110 1.248613 0.054599
v 0.145578 1.248107 0.059212
v 0.147169 1.247268 0.064124
v 0.148843 1.246119 0.069214
v 0.150559 1.244706 0.074360
v 0.147019 1.248650 0.051393
v 0.148497 1.248128 0.055728
v 0.149840 1.247586 0.060156
v 0.151177 1.246867 0.064689
v 0.152574 1.245903 0.069278
v 0.154037 1.244705 0.073822
v 0.151689 1.248241 0.052505
v 0.152981 1.247617 0.056790
v 0.154099 1.247066 0.061038
v 0.155142 1.246449 0.065220
v 0.156230 1.245660 0.069318
v 0.157428 1.244678 0.073279
v 0.156696 1.247565 0.053710
v 0.157558 1.247014 0.057815
v 0.158292 1.246533 0.061838
v 0.158946 1.246020 0.065676
v 0.159655 1.245389 0.069296
v 0.160563 1.244605 0.072698
v 0.161915 1.246638 0.054979
v 0.162207 1.246255 0.058866
v 0.162418 1.245906 0.062642
v 0.162565 1.245522 0.066151
v 0.162765 1.245051 0.069301
v 0.163257 1.244465 0.072084
v -0.158319 1.234821 -0.197368
v -0.190540 1.237530 -0.162960
v -0.142800 1.248800 -0.151200
v -0.161347 1.236235 -0.194842
v -0.164645 1.237463 -0.191901
v -0.168131 1.238448 -0.188602
v -0.171718 1.239168 -0.185027
v -0.175323 1.239626 -0.181272
v -0.157009 1.236995 -0.193771
v -0.160052 1.238037 -0.191062
v -0.163253 1.239012 -0.188408
v -0.166546 1.239820 -0.185608
v -0.169842 1.240409 -0.182579
v -0.173050 1.240773 -0.179347
v -0.155541 1.239133 -0.189652
v -0.158639 1.239847 -0.187200
v -0.161803 1.240556 -0.184909
v -0.164946 1.241161 -0.182605
v -0.167977 1.241606 -0.180122
v -0.170813 1.241888 -0.177408
v -0.153950 1.241160 -0.185099
v -0.157126 1.241601 -0.183194
v -0.160302 1.242056 -0.181412
v -0.163351 1.242437 -0.179639
v -0.166163 1.242714 -0.177711
v -0.168659 1.242905 -0.175503
v -0.152276 1.243026 -0.180227
v -0.155575 1.243235 -0.178993
v -0.158817 1.243447 -0.177818
v -0.161849 1.243597 -0.176635
v -0.164518 1.243676 -0.175329
v -0.166692 1.243739 -0.173733
v -0.165191 1.244293 -0.172359
v -0.186699 1.239282 -0.161967
v -0.182339 1.241006 -0.160855
v -0.177558 1.242640 -0.159649
v -0.172476 1.244145 -0.158381
v -0.167221 1.245499 -0.157080
v -0.188125 1.238486 -0.166247
v -0.184125 1.239880 -0.165352
v -0.180085 1.241368 -0.164291
v -0.175865 1.242821 -0.163132
v -0.171433 1.244152 -0.161940
v -0.166860 1.245324 -0.160767
v -0.185330 1.239202 -0.169812
v -0.181542 1.240382 -0.168836
v -0.177857 1.241680 -0.167732
v -0.174166 1.242961 -0.166560
v -0.170367 1.244125 -0.165402
v -0.166459 1.245131 -0.164332
v -0.182211 1.239632 -0.173566
v -0.178877 1.240717 -0.172378
v -0.175646 1.241893 -0.171115
v -0.172483 1.243028 -0.169825
v -0.169296 1.244039 -0.168612
v -0.166019 1.244892 -0.167602
v -0.178846 1.239767 -0.177416
v -0.176049 1.240850 -0.175908
v -0.173328 1.241967 -0.174365
v -0.170698 1.243006 -0.172829
v -0.168135 1.243893 -0.171427
v -0.165570 1.244591 -0.170383
v -0.144110 1.248613 -0.155399
v -0.145578 1.248107 -0.160012
v -0.147169 1.247268 -0.164924
v -0.148843 1.246119 -0.170013
v -0.150559 1.244706 -0.175160
v -0.147019 1.248650 -0.152193
v -0.148497 1.248128 -0.156528
v -0.149840 1.247586 -0.160956
v -0.151177 1.246867 -0.165489
v -0.152574 1.245903 -0.170078
v -0.154037 1.244705 -0.174622
v -0.151689 1.248241 -0.153305
v -0.152981 1.247617 -0.157590
v -0.154099 1.247066 -0.161838
v -0.155142 1.246449 -0.166020
v -0.156230 1.245660 -0.170118
v -0.157427 1.244678 -0.174079
v -0.156696 1.247565 -0.154510
v -0.157558 1.247014 -0.158615
v -0.158292 1.246533 -0.162638
v -0.158946 1.246020 -0.166476
v -0.159655 1.245389 -0.170096
v -0.160563 1.244605 -0.173498
v -0.161915 1.246638 -0.155779
v -0.162207 1.246255 -0.159666
v -0.162418 1.245906 -0.163442
v -0.162565 1.245522 -0.166951
v -0.162765 1.245051 -0.170101
v -0.163257 1.244465 -0.172884
v 0.158319 1.234821 -0.197368
v 0.142800 1.248800 -0.151200
v 0.190540 1.237530 -0.162960
v 0.157009 1.236995 -0.193771
v 0.155541 1.239133 -0.189652
v 0.153950 1.241160 -0.185099
v 0.152276 1.243026 -0.180227
v 0.150559 1.244706 -0.175160
v 0.161347 1.236235 -0.194842
v 0.160105 1.238014 -0.191074
v 0.158686 1.239856 -0.187278
v 0.157159 1.241633 -0.183289
v 0.155595 1.243259 -0.179061
v 0.154051 1.244694 -0.174657
v 0.164645 1.237463 -0.191901
v 0.163310 1.238955 -0.188354
v 0.161849 1.240534 -0.184921
v 0.160329 1.242067 -0.181464
v 0.158832 1.243458 -0.177864
v 0.157438 1.244670 -0.174107
v 0.168131 1.238449 -0.188602
v 0.166588 1.239751 -0.185531
v 0.164978 1.241122 -0.182567
v 0.163364 1.242431 -0.179642
v 0.161854 1.243599 -0.176647
v 0.160566 1.244602 -0.173506
v 0.171718 1.239168 -0.185027
v 0.169869 1.240363 -0.182522
v 0.167998 1.241580 -0.180085
v 0.166170 1.242707 -0.177702
v 0.164519 1.243675 -0.175330
v 0.163257 1.244465 -0.172885
v 0.165191 1.244293 -0.172359
v 0.147019 1.248650 -0.152193
v 0.151689 1.248241 -0.153305
v 0.156696 1.247565 -0.154510
v 0.161915 1.246638 -0.155779
v 0.167221 1.245499 -0.157080
v 0.144110 1.248613 -0.155399
v 0.148461 1.248117 -0.156562
v 0.152908 1.247657 -0.157592
v 0.157486 1.247078 -0.158601
v 0.162157 1.246302 -0.159653
v 0.166823 1.245332 -0.160756
v 0.145578 1.248107 -0.160012
v 0.149842 1.247521 -0.161021
v 0.154067 1.247055 -0.161867
v 0.158246 1.246564 -0.162636
v 0.162382 1.245934 -0.163433
v 0.166430 1.245138 -0.164325
v 0.147169 1.247268 -0.164924
v 0.151197 1.246783 -0.165552
v 0.155147 1.246404 -0.166060
v 0.158937 1.246017 -0.166484
v 0.162555 1.245528 -0.166950
v 0.166011 1.244894 -0.167600
v 0.148843 1.246119 -0.170013
v 0.152592 1.245845 -0.170121
v 0.156242 1.245624 -0.170150
v 0.159658 1.245380 -0.170105
v 0.162765 1.245051 -0.170102
v 0.165569 1.244592 -0.170383
v 0.188125 1.238486 -0.166247
v 0.185330 1.239202 -0.169812
v 0.182211 1.239632 -0.173566
v 0.178846 1.239767 -0.177416
v 0.175323 1.239626 -0.181272
v 0.186699 1.239282 -0.161967
v 0.184109 1.239915 -0.165305
v 0.181588 1.240453 -0.168782
v 0.178945 1.240797 -0.172338
v 0.176100 1.240903 -0.175882
v 0.173076 1.240775 -0.179320
v 0.182339 1.241006 -0.160855
v 0.180008 1.241370 -0.164251
v 0.177843 1.241713 -0.167691
v 0.175680 1.241941 -0.171085
v 0.173361 1.241998 -0.174344
v 0.170832 1.241889 -0.177387
v 0.177558 1.242640 -0.159649
v 0.175773 1.242798 -0.163105
v 0.174114 1.242956 -0.166538
v 0.172479 1.243038 -0.169813
v 0.170706 1.243015 -0.172822
v 0.168665 1.242906 -0.175497
v 0.172476 1.244145 -0.158381
v 0.171367 1.244133 -0.161925
v 0.170323 1.244116 -0.165391
v 0.169284 1.244038 -0.168608
v 0.168135 1.243893 -0.171426
v 0.166692 1.243739 -0.173732
v 0.302540 1.181530 -0.246960
v 0.270319 1.178821 -0.281368
v 0.254800 1.167600 -0.260400
v 0.280000 1.167600 -0.235200
v 0.300125 1.182486 -0.250247
v 0.297330 1.183202 -0.253812
v 0.294211 1.183632 -0.257566
v 0.290846 1.183767 -0.261416
v 0.287323 1.183626 -0.265272
v 0.299006 1.182956 -0.245958
v 0.296706 1.183159 -0.249318
v 0.294191 1.183555 -0.252823
v 0.291432 1.183885 -0.256422
v 0.288449 1.184005 -0.260032
v 0.285294 1.183890 -0.263565
v 0.295572 1.183759 -0.244849
v 0.293474 1.183612 -0.248279
v 0.291209 1.183774 -0.251772
v 0.288768 1.183999 -0.255256
v 0.286130 1.184101 -0.258664
v 0.283303 1.184024 -0.261919
v 0.292307 1.183878 -0.243645
v 0.290472 1.183654 -0.247129
v 0.288471 1.183711 -0.250629
v 0.286316 1.183852 -0.254047
v 0.283966 1.183936 -0.257308
v 0.281400 1.183891 -0.260355
v 0.289302 1.183309 -0.242377
v 0.287732 1.183153 -0.245917
v 0.286018 1.183174 -0.249435
v 0.284132 1.183265 -0.252819
v 0.282012 1.183333 -0.255989
v 0.279632 1.183307 -0.258893
v 0.278017 1.182153 -0.257548
v 0.268997 1.180673 -0.278079
v 0.267533 1.181888 -0.274884
v 0.265943 1.182400 -0.271848
v 0.264271 1.182191 -0.269052
v 0.262559 1.181325 -0.266541
v 0.273347 1.180235 -0.278842
v 0.272108 1.181369 -0.275573
v 0.270699 1.182266 -0.272592
v 0.269162 1.182652 -0.269852
v 0.267559 1.182376 -0.267371
v 0.265943 1.181432 -0.265184
v 0.276645 1.181463 -0.275901
v 0.275335 1.182123 -0.272909
v 0.273901 1.182701 -0.270213
v 0.272374 1.182921 -0.267776
v 0.270812 1.182566 -0.265597
v 0.269268 1.181575 -0.263689
v 0.280131 1.182449 -0.272602
v 0.278652 1.182858 -0.270020
v 0.277108 1.183211 -0.267670
v 0.275523 1.183269 -0.265539
v 0.273950 1.182826 -0.263636
v 0.272432 1.181782 -0.261959
v 0.283718 1.183168 -0.269027
v 0.281994 1.183467 -0.266893
v 0.280262 1.183685 -0.264907
v 0.278550 1.183627 -0.263073
v 0.276907 1.183103 -0.261411
v 0.275365 1.181998 -0.259922
v 0.258738 1.167600 -0.260061
v 0.262581 1.167600 -0.259148
v 0.266232 1.167600 -0.257636
v 0.269595 1.167600 -0.255564
v 0.272619 1.167600 -0.253019
v 0.256122 1.171363 -0.260684
v 0.260057 1.171111 -0.260340
v 0.263822 1.171064 -0.259480
v 0.267356 1.171097 -0.258066
v 0.270576 1.171132 -0.256122
v 0.273422 1.171157 -0.253702
v 0.257586 1.174695 -0.261445
v 0.261418 1.174390 -0.260940
v 0.265078 1.174348 -0.260006
v 0.268496 1.174417 -0.258613
v 0.271593 1.174489 -0.256752
v 0.274317 1.174540 -0.254445
v 0.259175 1.177506 -0.262704
v 0.262861 1.177282 -0.261966
v 0.266400 1.177300 -0.260882
v 0.269714 1.177410 -0.259433
v 0.272720 1.177525 -0.257583
v 0.275373 1.177605 -0.255325
v 0.260848 1.179716 -0.264428
v 0.264383 1.179651 -0.263397
v 0.267803 1.179741 -0.262125
v 0.271029 1.179899 -0.260563
v 0.273980 1.180062 -0.258650
v 0.276609 1.180177 -0.256365
v 0.280305 1.171398 -0.236201
v 0.281123 1.174829 -0.237310
v 0.282476 1.177802 -0.238515
v 0.284329 1.180236 -0.239783
v 0.286602 1.182118 -0.241080
v 0.279661 1.167600 -0.239138
v 0.279795 1.171261 -0.240104
v 0.280457 1.174683 -0.241159
v 0.281630 1.177706 -0.242294
v 0.283259 1.180187 -0.243481
v 0.285280 1.182070 -0.244700
v 0.278748 1.167600 -0.242981
v 0.278933 1.171181 -0.243887
v 0.279572 1.174574 -0.244893
v 0.280632 1.177619 -0.245967
v 0.282075 1.180142 -0.247085
v 0.283855 1.182064 -0.248243
v 0.277236 1.167600 -0.246632
v 0.277579 1.171157 -0.247464
v 0.278278 1.174539 -0.248409
v 0.279296 1.177596 -0.249421
v 0.280614 1.180153 -0.250491
v 0.282209 1.182117 -0.251621
v 0.275164 1.167600 -0.249995
v 0.275727 1.171156 -0.250756
v 0.276519 1.174542 -0.251612
v 0.277539 1.177609 -0.252557
v 0.278793 1.180185 -0.253601
v 0.280269 1.182168 -0.254740
v 0.201460 1.232070 -0.171150
v 0.224000 1.195600 -0.193200
v 0.198800 1.195600 -0.218400
v 0.158405 1.234778 -0.197432
v 0.204971 1.229977 -0.173015
v 0.208414 1.227343 -0.175098
v 0.211682 1.224197 -0.177358
v 0.214691 1.220620 -0.179737
v 0.217398 1.216720 -0.182175
v 0.198131 1.233483 -0.173751
v 0.201792 1.230648 -0.176468
v 0.205598 1.227673 -0.179152
v 0.209285 1.224400 -0.181823
v 0.212661 1.220793 -0.184450
v 0.215621 1.216916 -0.186979
v 0.194312 1.234711 -0.176548
v 0.198399 1.231382 -0.179889
v 0.202625 1.228069 -0.183114
v 0.206725 1.224631 -0.186182
v 0.210463 1.220972 -0.189053
v 0.213705 1.217103 -0.191679
v 0.190082 1.235697 -0.179469
v 0.194709 1.232096 -0.183225
v 0.199397 1.228539 -0.186856
v 0.203896 1.224931 -0.190254
v 0.207978 1.221192 -0.193342
v 0.211501 1.217294 -0.196070
v 0.185547 1.236416 -0.182442
v 0.190685 1.232687 -0.186438
v 0.195794 1.228979 -0.190315
v 0.200641 1.225246 -0.193931
v 0.205017 1.221424 -0.197179
v 0.208789 1.217470 -0.199992
v 0.205424 1.217599 -0.203351
v 0.223661 1.195600 -0.197138
v 0.222748 1.195600 -0.200981
v 0.221236 1.195600 -0.204632
v 0.219164 1.195600 -0.207995
v 0.216619 1.195600 -0.211019
v 0.223698 1.199675 -0.191336
v 0.222531 1.199882 -0.195385
v 0.221324 1.200003 -0.199426
v 0.219741 1.200072 -0.203285
v 0.217615 1.200111 -0.206801
v 0.214941 1.200130 -0.209879
v 0.222882 1.203933 -0.189252
v 0.221309 1.204205 -0.193526
v 0.219841 1.204404 -0.197779
v 0.218137 1.204532 -0.201832
v 0.215925 1.204607 -0.205497
v 0.213124 1.204646 -0.208663
v 0.221530 1.208263 -0.186992
v 0.219831 1.208525 -0.191520
v 0.218204 1.208750 -0.195984
v 0.216353 1.208914 -0.200211
v 0.214014 1.209021 -0.204011
v 0.211052 1.209084 -0.207271
v 0.219676 1.212554 -0.184614
v 0.217950 1.212785 -0.189343
v 0.216203 1.212999 -0.193966
v 0.214196 1.213179 -0.198315
v 0.211690 1.213317 -0.202209
v 0.208533 1.213408 -0.205539
v 0.195388 1.199708 -0.218120
v 0.191569 1.204066 -0.217361
v 0.187428 1.208558 -0.216102
v 0.183070 1.213073 -0.214378
v 0.178602 1.217513 -0.212259
v 0.202738 1.195600 -0.218061
v 0.199581 1.199922 -0.217026
v 0.196268 1.204330 -0.216034
v 0.192689 1.208783 -0.214778
v 0.188815 1.213213 -0.213098
v 0.184705 1.217534 -0.210988
v 0.206581 1.195600 -0.217148
v 0.203777 1.200053 -0.215805
v 0.200917 1.204524 -0.214640
v 0.197833 1.208963 -0.213351
v 0.194400 1.213333 -0.211695
v 0.190609 1.217577 -0.209597
v 0.210232 1.195600 -0.215636
v 0.207843 1.200112 -0.214280
v 0.205406 1.204624 -0.213063
v 0.202735 1.209069 -0.211738
v 0.199671 1.213413 -0.210078
v 0.196143 1.217624 -0.207966
v 0.213595 1.195600 -0.213564
v 0.211603 1.200130 -0.212317
v 0.209527 1.204656 -0.211110
v 0.207195 1.209102 -0.209760
v 0.204430 1.213437 -0.208074
v 0.201121 1.217639 -0.205926
v 0.162348 1.235734 -0.195593
v 0.166671 1.236450 -0.193421
v 0.171267 1.236880 -0.190954
v 0.176023 1.237015 -0.188256
v 0.180827 1.236875 -0.185400
v 0.161817 1.232267 -0.200695
v 0.166887 1.232483 -0.198880
v 0.171871 1.232846 -0.196928
v 0.176812 1.233135 -0.194727
v 0.181671 1.233230 -0.192232
v 0.186347 1.233106 -0.189474
v 0.165636 1.229218 -0.203900
v 0.171414 1.229087 -0.202190
v 0.176962 1.229189 -0.200422
v 0.182233 1.229342 -0.198439
v 0.187193 1.229398 -0.196120
v 0.191769 1.229304 -0.193444
v 0.169777 1.225678 -0.206940
v 0.175908 1.225477 -0.205393
v 0.181806 1.225466 -0.203796
v 0.187322 1.225529 -0.201976
v 0.192363 1.225557 -0.199787
v 0.196866 1.225488 -0.197160
v 0.174135 1.221740 -0.209740
v 0.180349 1.221616 -0.208358
v 0.186363 1.221604 -0.206895
v 0.191970 1.221639 -0.205194
v 0.197028 1.221654 -0.203094
v 0.201453 1.221602 -0.200493
v 0.201460 1.232070 0.070351
v 0.158405 1.234778 0.096632
v 0.198800 1.195600 0.117600
v 0.224000 1.195600 0.092400
v 0.198131 1.233483 0.072951
v 0.194312 1.234711 0.075748
v 0.190082 1.235697 0.078669
v 0.185548 1.236416 0.081642
v 0.180827 1.236875 0.084600
v 0.204971 1.229977 0.072215
v 0.201829 1.230603 0.075678
v 0.198483 1.231402 0.079077
v 0.194802 1.232154 0.082406
v 0.190750 1.232732 0.085622
v 0.186385 1.233100 0.088657
v 0.208414 1.227343 0.074298
v 0.205578 1.227562 0.078387
v 0.202652 1.228029 0.082325
v 0.199452 1.228560 0.086047
v 0.195838 1.229003 0.089502
v 0.191797 1.229301 0.092630
v 0.211682 1.224197 0.076558
v 0.209232 1.224275 0.081060
v 0.206705 1.224558 0.085405
v 0.203903 1.224920 0.089457
v 0.200653 1.225251 0.093128
v 0.196874 1.225487 0.096356
v 0.214691 1.220620 0.078937
v 0.212622 1.220708 0.083677
v 0.210445 1.220916 0.088271
v 0.207975 1.221177 0.092547
v 0.205018 1.221422 0.096379
v 0.201455 1.221601 0.099693
v 0.205424 1.217598 0.102551
v 0.161817 1.232267 0.099895
v 0.165636 1.229217 0.103100
v 0.169777 1.225678 0.106140
v 0.174135 1.221739 0.108940
v 0.178603 1.217513 0.111459
v 0.162348 1.235734 0.094793
v 0.166878 1.232517 0.098061
v 0.171356 1.229187 0.101416
v 0.175840 1.225593 0.104645
v 0.180301 1.221696 0.107594
v 0.184646 1.217565 0.110178
v 0.166671 1.236450 0.092621
v 0.171909 1.232812 0.096072
v 0.176952 1.229218 0.099611
v 0.181768 1.225532 0.103019
v 0.186329 1.221656 0.106113
v 0.190573 1.217600 0.108787
v 0.171268 1.236880 0.090154
v 0.176863 1.233066 0.093859
v 0.182259 1.229313 0.097602
v 0.187319 1.225537 0.101173
v 0.191961 1.221653 0.104398
v 0.196128 1.217631 0.107165
v 0.176023 1.237015 0.087456
v 0.181709 1.233178 0.091384
v 0.187222 1.229369 0.095289
v 0.192370 1.225550 0.098979
v 0.197028 1.221655 0.102293
v 0.201115 1.217640 0.105128
v 0.202738 1.195600 0.117261
v 0.206581 1.195600 0.116348
v 0.210232 1.195600 0.114836
v 0.213595 1.195600 0.112764
v 0.216619 1.195600 0.110219
v 0.195388 1.199707 0.117320
v 0.199565 1.199943 0.116245
v 0.203814 1.200062 0.115120
v 0.207907 1.200114 0.113630
v 0.211646 1.200130 0.111621
v 0.214923 1.200125 0.109100
v 0.191569 1.204066 0.116561
v 0.196212 1.204357 0.115158
v 0.200911 1.204538 0.113858
v 0.205436 1.204628 0.112344
v 0.209548 1.204656 0.110374
v 0.213110 1.204645 0.107879
v 0.187428 1.208558 0.115302
v 0.192622 1.208802 0.113859
v 0.197796 1.208978 0.112494
v 0.202734 1.209074 0.110943
v 0.207200 1.209102 0.108976
v 0.211048 1.209083 0.106476
v 0.183070 1.213073 0.113578
v 0.188767 1.213228 0.112212
v 0.194366 1.213347 0.110843
v 0.199662 1.213417 0.109265
v 0.204430 1.213438 0.107274
v 0.208533 1.213408 0.104739
v 0.223698 1.199675 0.090536
v 0.222882 1.203933 0.088452
v 0.221530 1.208263 0.086192
v 0.219676 1.212554 0.083814
v 0.217398 1.216720 0.081375
v 0.223661 1.195600 0.096338
v 0.222520 1.199872 0.094577
v 0.221396 1.204195 0.092745
v 0.219961 1.208523 0.090754
v 0.218043 1.212781 0.088569
v 0.215631 1.216888 0.086218
v 0.222748 1.195600 0.100181
v 0.221213 1.200001 0.098576
v 0.219830 1.204401 0.096962
v 0.218269 1.208747 0.095199
v 0.216259 1.212992 0.093184
v 0.213714 1.217081 0.090902
v 0.221236 1.195600 0.103832
v 0.219592 1.200072 0.102417
v 0.218058 1.204531 0.100996
v 0.216350 1.208913 0.099406
v 0.214210 1.213176 0.097519
v 0.211501 1.217288 0.095280
v 0.219164 1.195600 0.107195
v 0.217510 1.200110 0.105957
v 0.215862 1.204607 0.104675
v 0.213998 1.209021 0.103206
v 0.211690 1.213316 0.101409
v 0.208787 1.217469 0.099196
v 0.302540 1.181530 0.146160
v 0.280000 1.167600 0.134400
v 0.254800 1.167600 0.159600
v 0.270319 1.178821 0.180568
v 0.299006 1.182956 0.145158
v 0.295572 1.183759 0.144049
v 0.292307 1.183878 0.142845
v 0.289302 1.183309 0.141577
v 0.286602 1.182118 0.140280
v 0.300125 1.182486 0.149447
v 0.296616 1.183232 0.148565
v 0.293384 1.183778 0.147519
v 0.290398 1.183843 0.146356
v 0.287691 1.183278 0.145132
v 0.285304 1.182081 0.143893
v 0.297330 1.183202 0.153012
v 0.294082 1.183547 0.152077
v 0.291117 1.183847 0.151013
v 0.288417 1.183821 0.149851
v 0.285995 1.183249 0.148646
v 0.283872 1.182072 0.147443
v 0.294211 1.183632 0.156766
v 0.291345 1.183823 0.155663
v 0.288704 1.183983 0.154487
v 0.286290 1.183873 0.153259
v 0.284124 1.183285 0.152023
v 0.282215 1.182119 0.150818
v 0.290846 1.183767 0.160616
v 0.288396 1.183954 0.159259
v 0.286093 1.184073 0.157884
v 0.283955 1.183931 0.156515
v 0.282010 1.183335 0.155190
v 0.280271 1.182168 0.153938
v 0.278017 1.182153 0.156748
v 0.279661 1.167600 0.138338
v 0.278748 1.167600 0.142181
v 0.277236 1.167600 0.145832
v 0.275164 1.167600 0.149195
v 0.272619 1.167600 0.152219
v 0.280305 1.171398 0.135401
v 0.279998 1.171175 0.139358
v 0.279158 1.171126 0.143161
v 0.277760 1.171142 0.146739
v 0.275836 1.171155 0.150001
v 0.273441 1.171155 0.152882
v 0.281123 1.174829 0.136511
v 0.280671 1.174542 0.140409
v 0.279772 1.174483 0.144152
v 0.278411 1.174513 0.147657
v 0.276589 1.174539 0.150835
v 0.274331 1.174538 0.153629
v 0.282476 1.177802 0.137715
v 0.281796 1.177560 0.141524
v 0.280757 1.177527 0.145194
v 0.279354 1.177569 0.148638
v 0.277561 1.177606 0.151764
v 0.275377 1.177604 0.154520
v 0.284329 1.180236 0.138983
v 0.283356 1.180095 0.142697
v 0.282138 1.180089 0.146297
v 0.280635 1.180138 0.149696
v 0.278797 1.180183 0.152802
v 0.276609 1.180176 0.155564
v 0.256122 1.171363 0.159884
v 0.257586 1.174695 0.160645
v 0.259175 1.177506 0.161904
v 0.260848 1.179716 0.163628
v 0.262559 1.181325 0.165741
v 0.258738 1.167600 0.159261
v 0.259997 1.171208 0.159344
v 0.261360 1.174549 0.159937
v 0.262825 1.177446 0.161011
v 0.264363 1.179755 0.162507
v 0.265946 1.181423 0.164362
v 0.262581 1.167600 0.158348
v 0.263744 1.171126 0.158459
v 0.265015 1.174451 0.159012
v 0.266369 1.177402 0.159964
v 0.267788 1.179801 0.161266
v 0.269265 1.181568 0.162873
v 0.266232 1.167600 0.156836
v 0.267280 1.171115 0.157085
v 0.268447 1.174446 0.157682
v 0.269696 1.177440 0.158577
v 0.271023 1.179916 0.159744
v 0.272434 1.181780 0.161152
v 0.269595 1.167600 0.154764
v 0.270531 1.171134 0.155214
v 0.271570 1.174492 0.155883
v 0.272713 1.177528 0.156761
v 0.273978 1.180064 0.157846
v 0.275367 1.181998 0.159119
v 0.273347 1.180235 0.178042
v 0.276645 1.181463 0.175101
v 0.280131 1.182448 0.171802
v 0.283718 1.183168 0.168227
v 0.287323 1.183626 0.164472
v 0.268997 1.180673 0.177279
v 0.272056 1.181284 0.174867
v 0.275279 1.182116 0.172225
v 0.278609 1.182909 0.169315
v 0.281967 1.183511 0.166152
v 0.285268 1.183888 0.162791
v 0.267533 1.181888 0.174085
v 0.270652 1.182089 0.171882
v 0.273856 1.182616 0.169507
v 0.277075 1.183219 0.166939
v 0.280242 1.183707 0.164147
v 0.283283 1.184022 0.161139
v 0.265943 1.182400 0.171048
v 0.269129 1.182455 0.169122
v 0.272347 1.182804 0.167029
v 0.275510 1.183244 0.164767
v 0.278544 1.183631 0.162286
v 0.281393 1.183890 0.159560
v 0.264271 1.182191 0.168252
v 0.267539 1.182246 0.166609
v 0.270798 1.182488 0.164818
v 0.273945 1.182804 0.162843
v 0.276906 1.183102 0.160613
v 0.279630 1.183307 0.158093
v -0.158405 1.234778 0.096632
v -0.201460 1.232070 0.070351
v -0.224000 1.195600 0.092400
v -0.198800 1.195600 0.117600
v -0.162348 1.235734 0.094793
v -0.166671 1.236450 0.092621
v -0.171268 1.236880 0.090154
v -0.176023 1.237015 0.087456
v -0.180827 1.236875 0.084600
v -0.161817 1.232267 0.099895
v -0.166887 1.232483 0.098080
v -0.171871 1.232846 0.096128
v -0.176812 1.233135 0.093927
v -0.181671 1.233230 0.091432
v -0.186347 1.233105 0.088674
v -0.165636 1.229217 0.103100
v -0.171414 1.229087 0.101390
v -0.176962 1.229189 0.099622
v -0.182233 1.229342 0.097639
v -0.187193 1.229398 0.095320
v -0.191769 1.229304 0.092644
v -0.169777 1.225678 0.106140
v -0.175908 1.225477 0.104593
v -0.181806 1.225466 0.102996
v -0.187322 1.225528 0.101176
v -0.192363 1.225557 0.098987
v -0.196866 1.225488 0.096360
v -0.174135 1.221739 0.108940
v -0.180349 1.221616 0.107558
v -0.186363 1.221603 0.106095
v -0.191970 1.221639 0.104394
v -0.197028 1.221654 0.102294
v -0.201453 1.221602 0.099693
v -0.205424 1.217598 0.102551
v -0.204971 1.229977 0.072215
v -0.208414 1.227343 0.074298
v -0.211682 1.224197 0.076558
v -0.214691 1.220620 0.078937
v -0.217398 1.216720 0.081375
v -0.198131 1.233483 0.072951
v -0.201792 1.230648 0.075668
v -0.205598 1.227673 0.078352
v -0.209285 1.224400 0.081023
v -0.212661 1.220793 0.083650
v -0.215621 1.216916 0.086179
v -0.194312 1.234711 0.075748
v -0.198399 1.231382 0.079089
v -0.202625 1.228069 0.082314
v -0.206725 1.224631 0.085382
v -0.210463 1.220971 0.088253
v -0.213705 1.217103 0.090879
v -0.190082 1.235697 0.078669
v -0.194709 1.232096 0.082425
v -0.199397 1.228539 0.086056
v -0.203896 1.224931 0.089454
v -0.207978 1.221192 0.092542
v -0.211501 1.217294 0.095270
v -0.185548 1.236416 0.081642
v -0.190685 1.232687 0.085638
v -0.195794 1.228979 0.089515
v -0.200641 1.225246 0.093131
v -0.205017 1.221423 0.096379
v -0.208789 1.217470 0.099192
v -0.223661 1.195600 0.096338
v -0.222748 1.195600 0.100181
v -0.221236 1.195600 0.103832
v -0.219164 1.195600 0.107195
v -0.216619 1.195600 0.110219
v -0.223698 1.199675 0.090536
v -0.222531 1.199881 0.094585
v -0.221324 1.200003 0.098626
v -0.219741 1.200072 0.102485
v -0.217615 1.200110 0.106001
v -0.214941 1.200129 0.109079
v -0.222882 1.203933 0.088452
v -0.221309 1.204205 0.092726
v -0.219841 1.204404 0.096979
v -0.218137 1.204532 0.101032
v -0.215925 1.204607 0.104697
v -0.213124 1.204646 0.107863
v -0.221530 1.208263 0.086192
v -0.219831 1.208525 0.090720
v -0.218204 1.208750 0.095184
v -0.216353 1.208914 0.099411
v -0.214014 1.209021 0.103211
v -0.211052 1.209084 0.106471
v -0.219676 1.212554 0.083814
v -0.217950 1.212785 0.088543
v -0.216203 1.212999 0.093166
v -0.214196 1.213179 0.097515
v -0.211690 1.213316 0.101409
v -0.208533 1.213408 0.104739
v -0.195388 1.199707 0.117320
v -0.191569 1.204066 0.116561
v -0.187428 1.208558 0.115302
v -0.183070 1.213073 0.113578
v -0.178603 1.217513 0.111459
v -0.202738 1.195600 0.117261
v -0.199581 1.199922 0.116226
v -0.196268 1.204329 0.115234
v -0.192689 1.208783 0.113978
v -0.188815 1.213213 0.112298
v -0.184705 1.217534 0.110188
v -0.206581 1.195600 0.116348
v -0.203777 1.200053 0.115005
v -0.200917 1.204523 0.113840
v -0.197833 1.208963 0.112551
v -0.194400 1.213333 0.110895
v -0.190609 1.217577 0.108797
v -0.210232 1.195600 0.114836
v -0.207843 1.200112 0.113480
v -0.205406 1.204624 0.112263
v -0.202735 1.209069 0.110938
v -0.199671 1.213413 0.109278
v -0.196143 1.217624 0.107166
v -0.213595 1.195600 0.112764
v -0.211603 1.200130 0.111517
v -0.209527 1.204656 0.110310
v -0.207195 1.209102 0.108960
v -0.204431 1.213437 0.107274
v -0.201121 1.217639 0.105126
v -0.270319 1.178821 0.180568
v -0.254800 1.167600 0.159600
v -0.280000 1.167600 0.134400
v -0.302540 1.181530 0.146160
v -0.268997 1.180673 0.177279
v -0.267533 1.181888 0.174085
v -0.265943 1.182400 0.171048
v -0.264271 1.182191 0.168252
v -0.262559 1.181325 0.165741
v -0.273347 1.180235 0.178042
v -0.272108 1.181369 0.174773
v -0.270699 1.182266 0.171792
v -0.269162 1.182652 0.169052
v -0.267559 1.182376 0.166571
v -0.265943 1.181432 0.164384
v -0.276645 1.181463 0.175101
v -0.275335 1.182123 0.172109
v -0.273901 1.182701 0.169413
v -0.272374 1.182921 0.166976
v -0.270812 1.182566 0.164797
v -0.269268 1.181575 0.162889
v -0.280131 1.182448 0.171802
v -0.278652 1.182858 0.169220
v -0.277108 1.183210 0.166870
v -0.275523 1.183269 0.164739
v -0.273950 1.182826 0.162836
v -0.272432 1.181782 0.161159
v -0.283718 1.183168 0.168227
v -0.281994 1.183467 0.166093
v -0.280262 1.183684 0.164107
v -0.278550 1.183627 0.162274
v -0.276907 1.183103 0.160611
v -0.275365 1.181998 0.159122
v -0.278017 1.182153 0.156748
v -0.258738 1.167600 0.159261
v -0.262581 1.167600 0.158348
v -0.266232 1.167600 0.156836
v -0.269595 1.167600 0.154764
v -0.272619 1.167600 0.152219
v -0.256122 1.171363 0.159884
v -0.260057 1.171111 0.159540
v -0.263822 1.171064 0.158680
v -0.267356 1.171097 0.157266
v -0.270576 1.171132 0.155322
v -0.273422 1.171157 0.152902
v -0.257586 1.174695 0.160645
v -0.261418 1.174390 0.160140
v -0.265078 1.174348 0.159206
v -0.268496 1.174417 0.157813
v -0.271593 1.174489 0.155952
v -0.274317 1.174540 0.153645
v -0.259175 1.177506 0.161904
v -0.262861 1.177282 0.161166
v -0.266400 1.177300 0.160082
v -0.269714 1.177410 0.158633
v -0.272720 1.177525 0.156784
v -0.275373 1.177605 0.154525
v -0.260848 1.179716 0.163628
v -0.264383 1.179651 0.162597
v -0.267803 1.179741 0.161325
v -0.271029 1.179899 0.159763
v -0.273980 1.180062 0.157850
v -0.276609 1.180177 0.155565
v -0.280305 1.171398 0.135401
v -0.281123 1.174829 0.136511
v -0.282476 1.177802 0.137715
v -0.284329 1.180236 0.138983
v -0.286602 1.182118 0.140280
v -0.279661 1.167600 0.138338
v -0.279795 1.171261 0.139304
v -0.280457 1.174683 0.140359
v -0.281630 1.177706 0.141494
v -0.283259 1.180187 0.142681
v -0.285280 1.182070 0.143900
v -0.278748 1.167600 0.142181
v -0.278933 1.171181 0.143087
v -0.279572 1.174574 0.144093
v -0.280632 1.177619 0.145167
v -0.282075 1.180142 0.146285
v -0.283855 1.182064 0.147443
v -0.277236 1.167600 0.145832
v -0.277579 1.171157 0.146664
v -0.278278 1.174539 0.147609
v -0.279296 1.177596 0.148621
v -0.280614 1.180153 0.149691
v -0.282209 1.182116 0.150821
v -0.275164 1.167600 0.149195
v -0.275727 1.171156 0.149956
v -0.276519 1.174542 0.150812
v -0.277539 1.177609 0.151757
v -0.278793 1.180185 0.152801
v -0.280269 1.182168 0.153940
v -0.300125 1.182486 0.149447
v -0.297330 1.183202 0.153012
v -0.294211 1.183632 0.156766
v -0.290846 1.183767 0.160616
v -0.287323 1.183626 0.164472
v -0.299006 1.182956 0.145158
v -0.296706 1.183159 0.148518
v -0.294191 1.183555 0.152023
v -0.291432 1.183885 0.155622
v -0.288449 1.184004 0.159232
v -0.285294 1.183890 0.162765
v -0.295572 1.183759 0.144049
v -0.293474 1.183612 0.147479
v -0.291209 1.183774 0.150972
v -0.288768 1.183999 0.154456
v -0.286130 1.184100 0.157863
v -0.283303 1.184024 0.161119
v -0.292307 1.183878 0.142845
v -0.290472 1.183654 0.146330
v -0.288471 1.183711 0.149829
v -0.286316 1.183852 0.153247
v -0.283966 1.183936 0.156508
v -0.281400 1.183891 0.159555
v -0.289302 1.183309 0.141577
v -0.287732 1.183153 0.145118
v -0.286018 1.183174 0.148635
v -0.284132 1.183265 0.152019
v -0.282012 1.183333 0.155189
v -0.279632 1.183307 0.158093
v -0.201460 1.232070 -0.171150
v -0.158405 1.234778 -0.197432
v -0.198800 1.195600 -0.218400
v -0.224000 1.195600 -0.193200
v -0.198131 1.233483 -0.173751
v -0.194312 1.234711 -0.176548
v -0.190082 1.235697 -0.179469
v -0.185548 1.236416 -0.182442
v -0.180827 1.236875 -0.185400
v -0.204971 1.229977 -0.173015
v -0.201829 1.230603 -0.176478
v -0.198483 1.231402 -0.179877
v -0.194802 1.232154 -0.183206
v -0.190750 1.232732 -0.186422
v -0.186385 1.233100 -0.189457
v -0.208414 1.227343 -0.175098
v -0.205578 1.227562 -0.179187
v -0.202652 1.228029 -0.183125
v -0.199452 1.228560 -0.186847
v -0.195838 1.229003 -0.190302
v -0.191797 1.229301 -0.193429
v -0.211682 1.224197 -0.177358
v -0.209232 1.224275 -0.181860
v -0.206705 1.224558 -0.186205
v -0.203903 1.224920 -0.190257
v -0.200653 1.225251 -0.193928
v -0.196874 1.225487 -0.197156
v -0.214691 1.220620 -0.179737
v -0.212622 1.220708 -0.184477
v -0.210445 1.220916 -0.189071
v -0.207975 1.221177 -0.193347
v -0.205018 1.221422 -0.197179
v -0.201455 1.221601 -0.200493
v -0.205424 1.217598 -0.203351
v -0.161817 1.232267 -0.200695
v -0.165636 1.229217 -0.203900
v -0.169777 1.225678 -0.206940
v -0.174135 1.221739 -0.209740
v -0.178603 1.217513 -0.212259
v -0.162348 1.235734 -0.195593
v -0.166878 1.232517 -0.198861
v -0.171356 1.229187 -0.202216
v -0.175840 1.225593 -0.205445
v -0.180301 1.221696 -0.208394
v -0.184646 1.217565 -0.210978
v -0.166671 1.236450 -0.193421
v -0.171909 1.232812 -0.196872
v -0.176952 1.229218 -0.200411
v -0.181768 1.225532 -0.203819
v -0.186329 1.221656 -0.206913
v -0.190573 1.217600 -0.209587
v -0.171268 1.236880 -0.190954
v -0.176863 1.233066 -0.194659
v -0.182259 1.229313 -0.198402
v -0.187319 1.225537 -0.201973
v -0.191961 1.221653 -0.205198
v -0.196128 1.217631 -0.207965
v -0.176023 1.237015 -0.188256
v -0.181709 1.233178 -0.192184
v -0.187222 1.229369 -0.196089
v -0.192370 1.225550 -0.199779
v -0.197028 1.221655 -0.203093
v -0.201115 1.217640 -0.205928
v -0.202738 1.195600 -0.218061
v -0.206581 1.195600 -0.217148
v -0.210232 1.195600 -0.215636
v -0.213595 1.195600 -0.213564
v -0.216619 1.195600 -0.211019
v -0.195388 1.199708 -0.218120
v -0.199565 1.199943 -0.217045
v -0.203814 1.200062 -0.215920
v -0.207907 1.200114 -0.214430
v -0.211646 1.200130 -0.212421
v -0.214923 1.200125 -0.209900
v -0.191569 1.204066 -0.217361
v -0.196212 1.204357 -0.215958
v -0.200911 1.204538 -0.214658
v -0.205436 1.204628 -0.213144
v -0.209548 1.204656 -0.211174
v -0.213110 1.204645 -0.208679
v -0.187428 1.208558 -0.216102
v -0.192622 1.208802 -0.214659
v -0.197796 1.208978 -0.213294
v -0.202734 1.209074 -0.211743
v -0.207200 1.209102 -0.209776
v -0.211048 1.209083 -0.207276
v -0.183070 1.213073 -0.214378
v -0.188767 1.213228 -0.213012
v -0.194366 1.213347 -0.211643
v -0.199662 1.213417 -0.210065
v -0.204430 1.213438 -0.208074
v -0.208533 1.213408 -0.205539
v -0.223698 1.199675 -0.191336
v -0.222882 1.203933 -0.189252
v -0.221530 1.208263 -0.186992
v -0.219676 1.212554 -0.184614
v -0.217398 1.216720 -0.182175
v -0.223661 1.195600 -0.197138
v -0.222520 1.199872 -0.195377
v -0.221396 1.204195 -0.193544
v -0.219961 1.208523 -0.191554
v -0.218043 1.212782 -0.189369
v -0.215631 1.216888 -0.187018
v -0.222748 1.195600 -0.200981
v -0.221213 1.200001 -0.199376
v -0.219830 1.204401 -0.197762
v -0.218269 1.208747 -0.195999
v -0.216259 1.212992 -0.193984
v -0.213714 1.217081 -0.191702
v -0.221236 1.195600 -0.204632
v -0.219592 1.200072 -0.203217
v -0.218058 1.204531 -0.201796
v -0.216350 1.208913 -0.200206
v -0.214210 1.213176 -0.198319
v -0.211501 1.217288 -0.196080
v -0.219164 1.195600 -0.207995
v -0.217510 1.200110 -0.206757
v -0.215862 1.204607 -0.205475
v -0.213998 1.209021 -0.204006
v -0.211690 1.213316 -0.202209
v -0.208787 1.217469 -0.199996
v -0.302540 1.181530 -0.246960
v -0.280000 1.167600 -0.235200
v -0.254800 1.167600 -0.260400
v -0.270319 1.178821 -0.281368
v -0.299006 1.182956 -0.245958
v -0.295572 1.183759 -0.244849
v -0.292307 1.183878 -0.243645
v -0.289302 1.183309 -0.242377
v -0.286602 1.182118 -0.241080
v -0.300125 1.182486 -0.250247
v -0.296616 1.183232 -0.249365
v -0.293384 1.183778 -0.248319
v -0.290398 1.183843 -0.247156
v -0.287691 1.183278 -0.245932
v -0.285304 1.182081 -0.244693
v -0.297330 1.183202 -0.253812
v -0.294082 1.183547 -0.252877
v -0.291117 1.183847 -0.251813
v -0.288417 1.183821 -0.250651
v -0.285995 1.183250 -0.249446
v -0.283872 1.182072 -0.248243
v -0.294211 1.183632 -0.257566
v -0.291345 1.183823 -0.256463
v -0.288704 1.183983 -0.255287
v -0.286290 1.183873 -0.254059
v -0.284124 1.183286 -0.252823
v -0.282215 1.182119 -0.251618
v -0.290846 1.183767 -0.261416
v -0.288396 1.183954 -0.260059
v -0.286093 1.184073 -0.258684
v -0.283955 1.183931 -0.257315
v -0.282010 1.183335 -0.255990
v -0.280271 1.182168 -0.254738
v -0.278017 1.182153 -0.257548
v -0.279661 1.167600 -0.239138
v -0.278748 1.167600 -0.242981
v -0.277236 1.167600 -0.246632
v -0.275164 1.167600 -0.249995
v -0.272619 1.167600 -0.253019
v -0.280305 1.171398 -0.236201
v -0.279998 1.171175 -0.240158
v -0.279158 1.171126 -0.243961
v -0.277760 1.171142 -0.247539
v -0.275836 1.171155 -0.250801
v -0.273441 1.171155 -0.253682
v -0.281123 1.174829 -0.237310
v -0.280671 1.174542 -0.241209
v -0.279772 1.174483 -0.244952
v -0.278411 1.174513 -0.248457
v -0.276589 1.174539 -0.251635
v -0.274331 1.174538 -0.254429
v -0.282476 1.177802 -0.238515
v -0.281796 1.177560 -0.242324
v -0.280757 1.177527 -0.245994
v -0.279354 1.177569 -0.249438
v -0.277561 1.177606 -0.252564
v -0.275377 1.177604 -0.255320
v -0.284329 1.180236 -0.239783
v -0.283356 1.180095 -0.243497
v -0.282138 1.180089 -0.247097
v -0.280634 1.180138 -0.250496
v -0.278797 1.180183 -0.253602
v -0.276609 1.180176 -0.256364
v -0.256122 1.171363 -0.260684
v -0.257586 1.174695 -0.261445
v -0.259175 1.177506 -0.262704
v -0.260848 1.179716 -0.264428
v -0.262559 1.181325 -0.266541
v -0.258738 1.167600 -0.260061
v -0.259997 1.171208 -0.260144
v -0.261360 1.174549 -0.260737
v -0.262825 1.177446 -0.261811
v -0.264363 1.179755 -0.263307
v -0.265946 1.181423 -0.265162
v -0.262581 1.167600 -0.259148
v -0.263744 1.171126 -0.259259
v -0.265015 1.174451 -0.259812
v -0.266369 1.177402 -0.260764
v -0.267788 1.179801 -0.262066
v -0.269265 1.181568 -0.263673
v -0.266232 1.167600 -0.257636
v -0.267280 1.171115 -0.257885
v -0.268447 1.174446 -0.258482
v -0.269695 1.177440 -0.259377
v -0.271023 1.179916 -0.260544
v -0.272434 1.181780 -0.261952
v -0.269595 1.167600 -0.255564
v -0.270531 1.171134 -0.256014
v -0.271570 1.174492 -0.256683
v -0.272713 1.177528 -0.257561
v -0.273978 1.180064 -0.258646
v -0.275367 1.181998 -0.259919
v -0.273347 1.180235 -0.278842
v -0.276645 1.181463 -0.275901
v -0.280131 1.182448 -0.272602
v -0.283718 1.183168 -0.269027
v -0.287323 1.183626 -0.265272
v -0.268997 1.180673 -0.278079
v -0.272056 1.181284 -0.275667
v -0.275279 1.182116 -0.273025
v -0.278609 1.182909 -0.270115
v -0.281967 1.183511 -0.266952
v -0.285268 1.183888 -0.263591
v -0.267533 1.181888 -0.274885
v -0.270652 1.182089 -0.272682
v -0.273856 1.182616 -0.270307
v -0.277075 1.183219 -0.267739
v -0.280242 1.183707 -0.264947
v -0.283283 1.184022 -0.261939
v -0.265943 1.182400 -0.271848
v -0.269129 1.182455 -0.269922
v -0.272347 1.182804 -0.267829
v -0.275510 1.183244 -0.265567
v -0.278544 1.183631 -0.263086
v -0.281393 1.183890 -0.260360
v -0.264271 1.182191 -0.269052
v -0.267539 1.182246 -0.267409
v -0.270798 1.182488 -0.265618
v -0.273945 1.182804 -0.263643
v -0.276906 1.183102 -0.261413
v -0.279630 1.183307 -0.258893
v 0.280000 1.167600 -0.235200
v 0.254800 1.167600 -0.260400
v 0.214405 1.156378 -0.239432
v 0.257460 1.153670 -0.213151
v 0.279661 1.167600 -0.239138
v 0.278748 1.167600 -0.242981
v 0.277236 1.167600 -0.246632
v 0.275164 1.167600 -0.249995
v 0.272619 1.167600 -0.253019
v 0.279696 1.163807 -0.233325
v 0.278525 1.164032 -0.237376
v 0.277317 1.164083 -0.241418
v 0.275733 1.164069 -0.245278
v 0.273606 1.164057 -0.248794
v 0.270932 1.164057 -0.251873
v 0.278879 1.160375 -0.231246
v 0.277305 1.160680 -0.235520
v 0.275837 1.160756 -0.239774
v 0.274132 1.160740 -0.243827
v 0.271920 1.160724 -0.247493
v 0.269119 1.160728 -0.250659
v 0.277526 1.157401 -0.228987
v 0.275828 1.157707 -0.233516
v 0.274201 1.157799 -0.237980
v 0.272348 1.157805 -0.242207
v 0.270010 1.157801 -0.246008
v 0.267047 1.157817 -0.249268
v 0.275673 1.154966 -0.226610
v 0.273946 1.155261 -0.231339
v 0.272199 1.155409 -0.235963
v 0.270192 1.155477 -0.240312
v 0.267686 1.155511 -0.244206
v 0.264528 1.155550 -0.247535
v 0.261424 1.154061 -0.245351
v 0.251374 1.163852 -0.260118
v 0.247561 1.160514 -0.259359
v 0.243423 1.157701 -0.258100
v 0.239066 1.155488 -0.256376
v 0.234603 1.153875 -0.254259
v 0.258738 1.167600 -0.260061
v 0.255569 1.164008 -0.259023
v 0.252262 1.160679 -0.258032
v 0.248684 1.157825 -0.256776
v 0.244812 1.155603 -0.255097
v 0.240705 1.154075 -0.252988
v 0.262581 1.167600 -0.259148
v 0.259767 1.164093 -0.257800
v 0.256912 1.160794 -0.256638
v 0.253829 1.157928 -0.255349
v 0.250397 1.155699 -0.253693
v 0.246609 1.154205 -0.251597
v 0.266232 1.167600 -0.257636
v 0.263834 1.164105 -0.256275
v 0.261402 1.160813 -0.255061
v 0.258732 1.157939 -0.253736
v 0.255668 1.155701 -0.252076
v 0.252143 1.154219 -0.249966
v 0.269595 1.167600 -0.255564
v 0.267595 1.164087 -0.254312
v 0.265523 1.160776 -0.253108
v 0.263192 1.157884 -0.251758
v 0.260428 1.155632 -0.250072
v 0.257121 1.154154 -0.247926
v 0.218348 1.157334 -0.237593
v 0.222671 1.158050 -0.235421
v 0.227268 1.158480 -0.232954
v 0.232023 1.158615 -0.230256
v 0.236827 1.158475 -0.227400
v 0.217831 1.154534 -0.242707
v 0.222905 1.155660 -0.240893
v 0.227892 1.156360 -0.238942
v 0.232834 1.156723 -0.236741
v 0.237693 1.156824 -0.234247
v 0.242368 1.156689 -0.231489
v 0.221644 1.153314 -0.245906
v 0.227422 1.154332 -0.244196
v 0.232971 1.154918 -0.242428
v 0.238243 1.155192 -0.240446
v 0.243203 1.155252 -0.238127
v 0.247778 1.155134 -0.235451
v 0.225782 1.152801 -0.248944
v 0.231914 1.153567 -0.247397
v 0.237812 1.153974 -0.245800
v 0.243328 1.154144 -0.243981
v 0.248370 1.154156 -0.241792
v 0.252872 1.154053 -0.239165
v 0.230139 1.153008 -0.251742
v 0.236353 1.153472 -0.250360
v 0.242367 1.153711 -0.248897
v 0.247973 1.153789 -0.247196
v 0.253032 1.153756 -0.245096
v 0.257457 1.153658 -0.242495
v 0.260989 1.152246 -0.215025
v 0.264424 1.151441 -0.217105
v 0.267689 1.151321 -0.219364
v 0.270696 1.151890 -0.221741
v 0.273398 1.153082 -0.224175
v 0.254131 1.155083 -0.215751
v 0.257812 1.153614 -0.218482
v 0.261609 1.152582 -0.221159
v 0.265294 1.152160 -0.223829
v 0.268666 1.152438 -0.226454
v 0.271621 1.153416 -0.228979
v 0.250312 1.156311 -0.218548
v 0.254421 1.154770 -0.221906
v 0.258637 1.153586 -0.225123
v 0.262734 1.152927 -0.228189
v 0.266469 1.152946 -0.231057
v 0.269705 1.153700 -0.233679
v 0.246082 1.157297 -0.221469
v 0.250734 1.155648 -0.225244
v 0.255411 1.154327 -0.228866
v 0.259906 1.153486 -0.232262
v 0.263984 1.153305 -0.235346
v 0.267501 1.153880 -0.238070
v 0.241548 1.158016 -0.224442
v 0.246712 1.156278 -0.228458
v 0.251808 1.154825 -0.232326
v 0.256652 1.153838 -0.235939
v 0.261024 1.153521 -0.239184
v 0.264789 1.153983 -0.241992
v 0.246540 1.159130 -0.204960
v 0.214319 1.156421 -0.239368
v 0.198800 1.195600 -0.218400
v 0.224000 1.195600 -0.193200
v 0.244125 1.160086 -0.208247
v 0.241330 1.160802 -0.211812
v 0.238211 1.161232 -0.215566
v 0.234846 1.161367 -0.219416
v 0.231323 1.161227 -0.223272
v 0.243028 1.161223 -0.203965
v 0.240727 1.162341 -0.207324
v 0.238211 1.163076 -0.210830
v 0.235450 1.163481 -0.214429
v 0.232464 1.163607 -0.218041
v 0.229307 1.163481 -0.221575
v 0.239585 1.163857 -0.202854
v 0.237486 1.164859 -0.206284
v 0.235220 1.165506 -0.209776
v 0.232778 1.165852 -0.213261
v 0.230139 1.165958 -0.216669
v 0.227311 1.165858 -0.219926
v 0.236318 1.167003 -0.201649
v 0.234481 1.167747 -0.205133
v 0.232480 1.168221 -0.208633
v 0.230324 1.168470 -0.212051
v 0.227973 1.168538 -0.215313
v 0.225406 1.168458 -0.218360
v 0.233309 1.170580 -0.200380
v 0.231738 1.171012 -0.203920
v 0.230023 1.171285 -0.207438
v 0.228136 1.171418 -0.210822
v 0.226017 1.171437 -0.213992
v 0.223636 1.171366 -0.216896
v 0.222017 1.174616 -0.215548
v 0.213007 1.158935 -0.236103
v 0.211540 1.161983 -0.232899
v 0.209950 1.165522 -0.229860
v 0.208276 1.169461 -0.227060
v 0.206559 1.173687 -0.224541
v 0.217347 1.157835 -0.236842
v 0.216118 1.160333 -0.233596
v 0.214706 1.163175 -0.230606
v 0.213168 1.166412 -0.227862
v 0.211563 1.170021 -0.225378
v 0.209943 1.173932 -0.223184
v 0.220645 1.159063 -0.233901
v 0.219346 1.161513 -0.230930
v 0.217909 1.164218 -0.228224
v 0.216380 1.167218 -0.225785
v 0.214817 1.170542 -0.223603
v 0.213268 1.174172 -0.221689
v 0.224131 1.160048 -0.230602
v 0.222663 1.162415 -0.228039
v 0.221115 1.165000 -0.225681
v 0.219529 1.167825 -0.223548
v 0.217954 1.170940 -0.221641
v 0.216432 1.174368 -0.219959
v 0.227718 1.160768 -0.227027
v 0.226007 1.163064 -0.224908
v 0.224271 1.165534 -0.222916
v 0.222557 1.168222 -0.221081
v 0.220912 1.171203 -0.219415
v 0.219365 1.174512 -0.217922
v 0.202738 1.195600 -0.218061
v 0.206581 1.195600 -0.217148
v 0.210232 1.195600 -0.215636
v 0.213595 1.195600 -0.213564
v 0.216619 1.195600 -0.211019
v 0.200112 1.191490 -0.218680
v 0.204047 1.191256 -0.218337
v 0.207812 1.191139 -0.217477
v 0.211347 1.191088 -0.216063
v 0.214569 1.191073 -0.214118
v 0.217416 1.191079 -0.211697
v 0.201578 1.187133 -0.219440
v 0.205411 1.186860 -0.218936
v 0.209072 1.186696 -0.218002
v 0.212490 1.186620 -0.216610
v 0.215588 1.186601 -0.214749
v 0.218312 1.186617 -0.212441
v 0.203169 1.182641 -0.220698
v 0.206855 1.182461 -0.219962
v 0.210395 1.182344 -0.218878
v 0.213709 1.182297 -0.217430
v 0.216715 1.182300 -0.215580
v 0.219369 1.182333 -0.213321
v 0.204843 1.178126 -0.222422
v 0.208378 1.178126 -0.221392
v 0.211798 1.178148 -0.220121
v 0.215025 1.178195 -0.218559
v 0.217976 1.178253 -0.216647
v 0.220605 1.178315 -0.214362
v 0.224302 1.191523 -0.194195
v 0.225118 1.187266 -0.195306
v 0.226471 1.182937 -0.196511
v 0.228324 1.178645 -0.197780
v 0.230602 1.174480 -0.199080
v 0.223661 1.195600 -0.197138
v 0.223793 1.191329 -0.198097
v 0.224453 1.187022 -0.199155
v 0.225626 1.182740 -0.200291
v 0.227254 1.178572 -0.201478
v 0.229280 1.174610 -0.202700
v 0.222748 1.195600 -0.200981
v 0.222931 1.191202 -0.201880
v 0.223568 1.186834 -0.202889
v 0.224628 1.182575 -0.203963
v 0.226071 1.178503 -0.205083
v 0.227855 1.174692 -0.206243
v 0.221236 1.195600 -0.204632
v 0.221575 1.191132 -0.205458
v 0.222274 1.186717 -0.206405
v 0.223292 1.182457 -0.207418
v 0.224610 1.178436 -0.208489
v 0.226209 1.174712 -0.209621
v 0.219164 1.195600 -0.207995
v 0.219723 1.191095 -0.208751
v 0.220515 1.186651 -0.209608
v 0.221535 1.182382 -0.210554
v 0.222789 1.178375 -0.211599
v 0.224269 1.174682 -0.212740
v 0.246540 1.159130 0.104160
v 0.224000 1.195600 0.092400
v 0.198800 1.195600 0.117600
v 0.214319 1.156421 0.138568
v 0.243028 1.161223 0.103165
v 0.239585 1.163857 0.102054
v 0.236318 1.167003 0.100849
v 0.233309 1.170580 0.099580
v 0.230602 1.174480 0.098280
v 0.244125 1.160086 0.107447
v 0.240637 1.162200 0.106571
v 0.237396 1.164689 0.105523
v 0.234408 1.167604 0.104360
v 0.231697 1.170924 0.103135
v 0.229304 1.174581 0.101893
v 0.241330 1.160802 0.111012
v 0.238102 1.162941 0.110083
v 0.235129 1.165367 0.109017
v 0.232426 1.168119 0.107855
v 0.230001 1.171226 0.106649
v 0.227872 1.174669 0.105443
v 0.238211 1.161232 0.114766
v 0.235363 1.163383 0.113670
v 0.232714 1.165774 0.112492
v 0.230297 1.168430 0.111263
v 0.228129 1.171400 0.110026
v 0.226215 1.174705 0.108818
v 0.234846 1.161367 0.118616
v 0.232411 1.163552 0.117267
v 0.230102 1.165923 0.115890
v 0.227962 1.168526 0.114519
v 0.226015 1.171434 0.113193
v 0.224271 1.174682 0.111938
v 0.222017 1.174616 0.114748
v 0.223661 1.195600 0.096338
v 0.222748 1.195600 0.100181
v 0.221236 1.195600 0.103832
v 0.219164 1.195600 0.107195
v 0.216619 1.195600 0.110219
v 0.224302 1.191523 0.093395
v 0.223995 1.191319 0.097351
v 0.223155 1.191200 0.101155
v 0.221757 1.191132 0.104733
v 0.219831 1.191094 0.107996
v 0.217436 1.191076 0.110878
v 0.225118 1.187266 0.094506
v 0.224667 1.187013 0.098405
v 0.223769 1.186831 0.102148
v 0.222408 1.186716 0.105653
v 0.220585 1.186651 0.108832
v 0.218327 1.186616 0.111626
v 0.226471 1.182937 0.095711
v 0.225792 1.182738 0.099520
v 0.224754 1.182572 0.103191
v 0.223350 1.182456 0.106635
v 0.221557 1.182382 0.109761
v 0.219373 1.182333 0.112517
v 0.228324 1.178645 0.096980
v 0.227352 1.178569 0.100694
v 0.226134 1.178496 0.104294
v 0.224631 1.178434 0.107693
v 0.222794 1.178374 0.110800
v 0.220606 1.178315 0.113562
v 0.200112 1.191490 0.117880
v 0.201578 1.187133 0.118640
v 0.203169 1.182641 0.119898
v 0.204843 1.178126 0.121622
v 0.206559 1.173687 0.123741
v 0.202738 1.195600 0.117261
v 0.203988 1.191277 0.117342
v 0.205353 1.186888 0.117933
v 0.206819 1.182480 0.119006
v 0.208358 1.178140 0.120502
v 0.209946 1.173964 0.122362
v 0.206581 1.195600 0.116348
v 0.207735 1.191148 0.116456
v 0.209009 1.186711 0.117008
v 0.210363 1.182359 0.117960
v 0.211784 1.178162 0.119262
v 0.213265 1.174196 0.120873
v 0.210232 1.195600 0.114836
v 0.211272 1.191091 0.115082
v 0.212441 1.186624 0.115678
v 0.213690 1.182301 0.116573
v 0.215019 1.178199 0.117740
v 0.216434 1.174376 0.119152
v 0.213595 1.195600 0.112764
v 0.214524 1.191073 0.113210
v 0.215564 1.186602 0.113879
v 0.216708 1.182301 0.114758
v 0.217974 1.178254 0.115843
v 0.219367 1.174513 0.117119
v 0.217347 1.157835 0.136042
v 0.220645 1.159063 0.133101
v 0.224131 1.160048 0.129802
v 0.227718 1.160768 0.126227
v 0.231323 1.161226 0.122472
v 0.213007 1.158935 0.135303
v 0.216065 1.160462 0.132890
v 0.219289 1.161633 0.130247
v 0.222620 1.162502 0.127334
v 0.225980 1.163112 0.124167
v 0.229283 1.163477 0.120803
v 0.211540 1.161983 0.132099
v 0.214659 1.163334 0.129895
v 0.217863 1.164346 0.127519
v 0.221083 1.165070 0.124950
v 0.224250 1.165564 0.122156
v 0.227292 1.165856 0.119147
v 0.209950 1.165522 0.129060
v 0.213135 1.166545 0.127133
v 0.216353 1.167313 0.125039
v 0.219516 1.167861 0.122775
v 0.222551 1.168233 0.120293
v 0.225401 1.168458 0.117566
v 0.208276 1.169461 0.126260
v 0.211544 1.170104 0.124616
v 0.214802 1.170598 0.122824
v 0.217950 1.170957 0.120848
v 0.220911 1.171206 0.118617
v 0.223635 1.171365 0.116097
v 0.280000 1.167600 0.134400
v 0.257460 1.153670 0.112351
v 0.214405 1.156378 0.138632
v 0.254800 1.167600 0.159600
v 0.279696 1.163807 0.132525
v 0.278879 1.160375 0.130446
v 0.277526 1.157401 0.128187
v 0.275673 1.154966 0.125810
v 0.273398 1.153082 0.123375
v 0.279661 1.167600 0.138338
v 0.278514 1.163946 0.136568
v 0.277392 1.160539 0.134739
v 0.275957 1.157562 0.132749
v 0.274039 1.155169 0.130565
v 0.271631 1.153429 0.128218
v 0.278748 1.167600 0.142181
v 0.277206 1.164029 0.140568
v 0.275826 1.160665 0.138957
v 0.274265 1.157707 0.137195
v 0.272255 1.155356 0.135181
v 0.269714 1.153709 0.132902
v 0.277236 1.167600 0.145832
v 0.275584 1.164054 0.144410
v 0.274053 1.160714 0.142992
v 0.272345 1.157779 0.141402
v 0.270206 1.155462 0.139516
v 0.267501 1.153883 0.137280
v 0.275164 1.167600 0.149195
v 0.273502 1.164055 0.147950
v 0.271857 1.160721 0.146671
v 0.269994 1.157798 0.145202
v 0.267686 1.155509 0.143406
v 0.264787 1.153984 0.141196
v 0.261424 1.154061 0.144551
v 0.254131 1.155083 0.114951
v 0.250312 1.156311 0.117748
v 0.246082 1.157297 0.120669
v 0.241548 1.158016 0.123642
v 0.236827 1.158475 0.126600
v 0.260989 1.152246 0.114225
v 0.257848 1.153781 0.117692
v 0.254504 1.154917 0.121094
v 0.250827 1.155743 0.124425
v 0.246777 1.156327 0.127643
v 0.242414 1.156683 0.130678
v 0.264424 1.151441 0.116305
v 0.261589 1.152807 0.120394
v 0.258664 1.153758 0.124334
v 0.255465 1.154409 0.128058
v 0.251852 1.154857 0.131513
v 0.247812 1.155131 0.134641
v 0.267689 1.151321 0.118564
v 0.265240 1.152366 0.123067
v 0.262714 1.153066 0.127411
v 0.259913 1.153535 0.131465
v 0.256664 1.153850 0.135137
v 0.252886 1.154051 0.138365
v 0.270696 1.151890 0.120941
v 0.268628 1.152565 0.125681
v 0.266450 1.153025 0.130276
v 0.263981 1.153329 0.134552
v 0.261025 1.153525 0.138384
v 0.257461 1.153658 0.141697
v 0.217831 1.154534 0.141907
v 0.221644 1.153314 0.145106
v 0.225782 1.152801 0.148144
v 0.230139 1.153008 0.150942
v 0.234603 1.153875 0.153459
v 0.218348 1.157334 0.136793
v 0.222896 1.155481 0.140074
v 0.227364 1.154096 0.143422
v 0.231846 1.153352 0.146649
v 0.236304 1.153340 0.149596
v 0.240646 1.154065 0.152178
v 0.222671 1.158050 0.134621
v 0.227929 1.156199 0.138085
v 0.232961 1.154735 0.141617
v 0.237774 1.153828 0.145023
v 0.242333 1.153630 0.148115
v 0.246573 1.154198 0.150787
v 0.227268 1.158480 0.132154
v 0.232884 1.156617 0.135874
v 0.238268 1.155101 0.139608
v 0.243326 1.154091 0.143177
v 0.247965 1.153764 0.146400
v 0.252128 1.154217 0.149165
v 0.232023 1.158615 0.129456
v 0.237732 1.156768 0.133400
v 0.243231 1.155216 0.137296
v 0.248377 1.154143 0.140984
v 0.253032 1.153752 0.144296
v 0.257115 1.154153 0.147128
v 0.258738 1.167600 0.159261
v 0.262581 1.167600 0.158348
v 0.266232 1.167600 0.156836
v 0.269595 1.167600 0.154764
v 0.272619 1.167600 0.152219
v 0.251374 1.163851 0.159318
v 0.255552 1.164106 0.158241
v 0.259803 1.164154 0.157115
v 0.263897 1.164123 0.155625
v 0.267639 1.164089 0.153617
v 0.270916 1.164065 0.151095
v 0.247561 1.160514 0.158559
v 0.252206 1.160838 0.157156
v 0.256906 1.160897 0.155855
v 0.261431 1.160843 0.154342
v 0.265544 1.160780 0.152372
v 0.269106 1.160733 0.149876
v 0.243423 1.157701 0.157300
v 0.248617 1.157989 0.155857
v 0.253792 1.158031 0.154492
v 0.258730 1.157969 0.152941
v 0.263197 1.157887 0.150975
v 0.267045 1.157820 0.148474
v 0.239066 1.155488 0.155576
v 0.244763 1.155707 0.154210
v 0.250363 1.155759 0.152841
v 0.255659 1.155718 0.151264
v 0.260427 1.155634 0.149273
v 0.264530 1.155552 0.146738
v -0.214319 1.156421 0.138568
v -0.198800 1.195600 0.117600
v -0.224000 1.195600 0.092400
v -0.246540 1.159130 0.104160
v -0.213007 1.158935 0.135303
v -0.211540 1.161983 0.132099
v -0.209950 1.165522 0.129060
v -0.208276 1.169461 0.126260
v -0.206559 1.173687 0.123741
v -0.217347 1.157835 0.136042
v -0.216118 1.160332 0.132796
v -0.214706 1.163175 0.129806
v -0.213168 1.166412 0.127062
v -0.211563 1.170021 0.124578
v -0.209943 1.173932 0.122384
v -0.220645 1.159063 0.133101
v -0.219346 1.161513 0.130130
v -0.217909 1.164218 0.127424
v -0.216380 1.167218 0.124985
v -0.214817 1.170542 0.122803
v -0.213268 1.174172 0.120889
v -0.224131 1.160048 0.129802
v -0.222663 1.162415 0.127239
v -0.221115 1.165000 0.124881
v -0.219529 1.167825 0.122748
v -0.217954 1.170940 0.120841
v -0.216432 1.174368 0.119159
v -0.227718 1.160768 0.126227
v -0.226007 1.163064 0.124108
v -0.224271 1.165534 0.122116
v -0.222557 1.168222 0.120281
v -0.220912 1.171203 0.118615
v -0.219365 1.174512 0.117122
v -0.222017 1.174616 0.114748
v -0.202738 1.195600 0.117261
v -0.206581 1.195600 0.116348
v -0.210232 1.195600 0.114836
v -0.213595 1.195600 0.112764
v -0.216619 1.195600 0.110219
v -0.200112 1.191489 0.117880
v -0.204047 1.191256 0.117537
v -0.207812 1.191139 0.116677
v -0.211347 1.191088 0.115263
v -0.214569 1.191073 0.113318
v -0.217416 1.191079 0.110897
v -0.201578 1.187133 0.118640
v -0.205411 1.186860 0.118136
v -0.209072 1.186696 0.117202
v -0.212490 1.186620 0.115810
v -0.215588 1.186601 0.113949
v -0.218312 1.186617 0.111641
v -0.203169 1.182641 0.119898
v -0.206855 1.182461 0.119162
v -0.210395 1.182344 0.118078
v -0.213709 1.182297 0.116630
v -0.216715 1.182300 0.114780
v -0.219369 1.182333 0.112521
v -0.204843 1.178126 0.121622
v -0.208378 1.178126 0.120592
v -0.211798 1.178148 0.119321
v -0.215025 1.178195 0.117759
v -0.217976 1.178253 0.115847
v -0.220606 1.178315 0.113562
v -0.224302 1.191523 0.093395
v -0.225118 1.187266 0.094506
v -0.226471 1.182937 0.095711
v -0.228324 1.178645 0.096980
v -0.230602 1.174480 0.098280
v -0.223661 1.195600 0.096338
v -0.223793 1.191329 0.097297
v -0.224453 1.187022 0.098355
v -0.225626 1.182740 0.099491
v -0.227254 1.178572 0.100678
v -0.229280 1.174610 0.101900
v -0.222748 1.195600 0.100181
v -0.222931 1.191202 0.101080
v -0.223568 1.186834 0.102089
v -0.224628 1.182575 0.103163
v -0.226071 1.178503 0.104283
v -0.227855 1.174691 0.105443
v -0.221236 1.195600 0.103832
v -0.221575 1.191132 0.104658
v -0.222274 1.186717 0.105605
v -0.223292 1.182457 0.106618
v -0.224610 1.178436 0.107689
v -0.226209 1.174712 0.108821
v -0.219164 1.195600 0.107195
v -0.219723 1.191095 0.107951
v -0.220515 1.186651 0.108808
v -0.221535 1.182382 0.109754
v -0.222789 1.178375 0.110799
v -0.224269 1.174682 0.111940
v -0.244125 1.160086 0.107447
v -0.241330 1.160802 0.111012
v -0.238211 1.161232 0.114766
v -0.234846 1.161367 0.118616
v -0.231323 1.161226 0.122472
v -0.243028 1.161223 0.103165
v -0.240727 1.162341 0.106524
v -0.238211 1.163076 0.110030
v -0.235450 1.163481 0.113629
v -0.232464 1.163607 0.117241
v -0.229307 1.163481 0.120775
v -0.239585 1.163857 0.102054
v -0.237486 1.164859 0.105484
v -0.235220 1.165506 0.108976
v -0.232778 1.165852 0.112461
v -0.230139 1.165958 0.115869
v -0.227311 1.165858 0.119126
v -0.236318 1.167003 0.100849
v -0.234481 1.167747 0.104334
v -0.232480 1.168221 0.107833
v -0.230324 1.168470 0.111251
v -0.227974 1.168538 0.114513
v -0.225406 1.168458 0.117560
v -0.233309 1.170580 0.099580
v -0.231738 1.171012 0.103120
v -0.230023 1.171285 0.106638
v -0.228136 1.171418 0.110022
v -0.226017 1.171437 0.113192
v -0.223636 1.171366 0.116096
v -0.254800 1.167600 0.159600
v -0.214405 1.156378 0.138632
v -0.257460 1.153670 0.112351
v -0.280000 1.167600 0.134400
v -0.251374 1.163851 0.159318
v -0.247561 1.160514 0.158559
v -0.243423 1.157701 0.157300
v -0.239066 1.155488 0.155576
v -0.234603 1.153875 0.153459
v -0.258738 1.167600 0.159261
v -0.255569 1.164008 0.158223
v -0.252262 1.160679 0.157232
v -0.248684 1.157825 0.155976
v -0.244812 1.155603 0.154297
v -0.240705 1.154075 0.152188
v -0.262581 1.167600 0.158348
v -0.259767 1.164093 0.157000
v -0.256912 1.160794 0.155838
v -0.253829 1.157928 0.154549
v -0.250397 1.155699 0.152893
v -0.246609 1.154205 0.150797
v -0.266232 1.167600 0.156836
v -0.263834 1.164105 0.155475
v -0.261402 1.160813 0.154261
v -0.258732 1.157939 0.152936
v -0.255668 1.155701 0.151276
v -0.252143 1.154219 0.149166
v -0.269595 1.167600 0.154764
v -0.267595 1.164087 0.153512
v -0.265523 1.160776 0.152308
v -0.263192 1.157884 0.150958
v -0.260428 1.155632 0.149272
v -0.257121 1.154154 0.147126
v -0.261424 1.154061 0.144551
v -0.218348 1.157334 0.136793
v -0.222671 1.158050 0.134621
v -0.227268 1.158480 0.132154
v -0.232023 1.158615 0.129456
v -0.236827 1.158475 0.126600
v -0.217831 1.154534 0.141907
v -0.222905 1.155660 0.140093
v -0.227891 1.156360 0.138142
v -0.232834 1.156723 0.135941
v -0.237693 1.156824 0.133447
v -0.242368 1.156689 0.130689
v -0.221644 1.153314 0.145106
v -0.227422 1.154332 0.143396
v -0.232971 1.154918 0.141628
v -0.238243 1.155191 0.139646
v -0.243203 1.155252 0.137327
v -0.247778 1.155134 0.134651
v -0.225782 1.152801 0.148144
v -0.231914 1.153567 0.146597
v -0.237812 1.153974 0.145000
v -0.243328 1.154144 0.143181
v -0.248370 1.154156 0.140992
v -0.252872 1.154053 0.138365
v -0.230139 1.153008 0.150942
v -0.236353 1.153472 0.149560
v -0.242367 1.153711 0.148098
v -0.247973 1.153789 0.146396
v -0.253032 1.153756 0.144296
v -0.257457 1.153658 0.141695
v -0.260989 1.152246 0.114225
v -0.264424 1.151441 0.116305
v -0.267689 1.151321 0.118564
v -0.270696 1.151890 0.120941
v -0.273398 1.153082 0.123375
v -0.254131 1.155083 0.114951
v -0.257812 1.153614 0.117682
v -0.261609 1.152583 0.120360
v -0.265294 1.152160 0.123029
v -0.268666 1.152438 0.125654
v -0.271621 1.153416 0.128179
v -0.250312 1.156311 0.117748
v -0.254421 1.154770 0.121106
v -0.258637 1.153586 0.124323
v -0.262734 1.152927 0.127389
v -0.266469 1.152946 0.130257
v -0.269705 1.153700 0.132879
v -0.246082 1.157297 0.120669
v -0.250734 1.155648 0.124444
v -0.255411 1.154326 0.128066
v -0.259906 1.153485 0.131462
v -0.263984 1.153305 0.134547
v -0.267501 1.153880 0.137270
v -0.241548 1.158016 0.123642
v -0.246712 1.156278 0.127658
v -0.251808 1.154825 0.131526
v -0.256652 1.153838 0.135139
v -0.261024 1.153521 0.138384
v -0.264789 1.153983 0.141192
v -0.279661 1.167600 0.138338
v -0.278748 1.167600 0.142181
v -0.277236 1.167600 0.145832
v -0.275164 1.167600 0.149195
v -0.272619 1.167600 0.152219
v -0.279696 1.163807 0.132525
v -0.278525 1.164032 0.136576
v -0.277317 1.164083 0.140618
v -0.275733 1.164069 0.144478
v -0.273606 1.164057 0.147994
v -0.270932 1.164057 0.151073
v -0.278879 1.160375 0.130446
v -0.277305 1.160680 0.134720
v -0.275837 1.160756 0.138974
v -0.274132 1.160740 0.143028
v -0.271920 1.160724 0.146693
v -0.269118 1.160728 0.149859
v -0.277526 1.157401 0.128187
v -0.275828 1.157707 0.132716
v -0.274201 1.157799 0.137180
v -0.272348 1.157805 0.141407
v -0.270010 1.157801 0.145208
v -0.267047 1.157817 0.148468
v -0.275673 1.154966 0.125810
v -0.273946 1.155261 0.130539
v -0.272199 1.155409 0.135163
v -0.270192 1.155477 0.139512
v -0.267686 1.155511 0.143406
v -0.264528 1.155550 0.146735
v -0.246540 1.159130 -0.204960
v -0.224000 1.195600 -0.193200
v -0.198800 1.195600 -0.218400
v -0.214319 1.156421 -0.239368
v -0.243028 1.161223 -0.203965
v -0.239585 1.163857 -0.202854
v -0.236318 1.167003 -0.201649
v -0.233309 1.170580 -0.200380
v -0.230602 1.174480 -0.199080
v -0.244125 1.160086 -0.208247
v -0.240637 1.162200 -0.207371
v -0.237396 1.164689 -0.206323
v -0.234408 1.167604 -0.205160
v -0.231697 1.170924 -0.203935
v -0.229304 1.174581 -0.202693
v -0.241330 1.160802 -0.211812
v -0.238102 1.162941 -0.210883
v -0.235129 1.165367 -0.209817
v -0.232426 1.168119 -0.208655
v -0.230001 1.171226 -0.207449
v -0.227872 1.174669 -0.206243
v -0.238211 1.161232 -0.215566
v -0.235363 1.163383 -0.214470
v -0.232714 1.165774 -0.213292
v -0.230297 1.168430 -0.212063
v -0.228129 1.171400 -0.210826
v -0.226215 1.174705 -0.209618
v -0.234846 1.161367 -0.219416
v -0.232411 1.163552 -0.218067
v -0.230102 1.165923 -0.216690
v -0.227962 1.168526 -0.215319
v -0.226015 1.171434 -0.213993
v -0.224271 1.174682 -0.212737
v -0.222017 1.174616 -0.215548
v -0.223661 1.195600 -0.197138
v -0.222748 1.195600 -0.200981
v -0.221236 1.195600 -0.204632
v -0.219164 1.195600 -0.207995
v -0.216619 1.195600 -0.211019
v -0.224302 1.191523 -0.194195
v -0.223995 1.191319 -0.198151
v -0.223155 1.191200 -0.201955
v -0.221757 1.191132 -0.205533
v -0.219831 1.191094 -0.208796
v -0.217436 1.191076 -0.211678
v -0.225118 1.187266 -0.195306
v -0.224667 1.187013 -0.199205
v -0.223769 1.186831 -0.202948
v -0.222408 1.186716 -0.206453
v -0.220585 1.186651 -0.209632
v -0.218327 1.186616 -0.212426
v -0.226471 1.182937 -0.196511
v -0.225792 1.182738 -0.200320
v -0.224754 1.182572 -0.203990
v -0.223350 1.182456 -0.207435
v -0.221557 1.182382 -0.210561
v -0.219373 1.182333 -0.213317
v -0.228324 1.178645 -0.197780
v -0.227352 1.178569 -0.201494
v -0.226134 1.178496 -0.205094
v -0.224631 1.178434 -0.208493
v -0.222794 1.178375 -0.211600
v -0.220606 1.178315 -0.214362
v -0.200112 1.191490 -0.218680
v -0.201578 1.187133 -0.219439
v -0.203169 1.182641 -0.220698
v -0.204843 1.178126 -0.222422
v -0.206559 1.173687 -0.224541
v -0.202738 1.195600 -0.218061
v -0.203988 1.191277 -0.218142
v -0.205353 1.186888 -0.218733
v -0.206819 1.182480 -0.219806
v -0.208358 1.178140 -0.221302
v -0.209946 1.173964 -0.223162
v -0.206581 1.195600 -0.217148
v -0.207735 1.191148 -0.217256
v -0.209009 1.186711 -0.217808
v -0.210363 1.182359 -0.218760
v -0.211784 1.178162 -0.220062
v -0.213265 1.174196 -0.221673
v -0.210232 1.195600 -0.215636
v -0.211272 1.191091 -0.215882
v -0.212441 1.186624 -0.216478
v -0.213690 1.182301 -0.217373
v -0.215019 1.178199 -0.218540
v -0.216434 1.174376 -0.219952
v -0.213595 1.195600 -0.213564
v -0.214524 1.191073 -0.214010
v -0.215564 1.186602 -0.214679
v -0.216708 1.182301 -0.215558
v -0.217974 1.178254 -0.216643
v -0.219367 1.174513 -0.217919
v -0.217347 1.157835 -0.236842
v -0.220645 1.159063 -0.233901
v -0.224131 1.160048 -0.230602
v -0.227718 1.160768 -0.227027
v -0.231323 1.161226 -0.223272
v -0.213007 1.158935 -0.236103
v -0.216065 1.160462 -0.233690
v -0.219289 1.161633 -0.231047
v -0.222620 1.162502 -0.228134
v -0.225980 1.163112 -0.224967
v -0.229283 1.163477 -0.221603
v -0.211540 1.161983 -0.232899
v -0.214659 1.163334 -0.230695
v -0.217863 1.164346 -0.228319
v -0.221083 1.165070 -0.225749
v -0.224250 1.165564 -0.222956
v -0.227292 1.165856 -0.219947
v -0.209950 1.165522 -0.229860
v -0.213135 1.166545 -0.227933
v -0.216354 1.167313 -0.225839
v -0.219516 1.167862 -0.223575
v -0.222551 1.168233 -0.221093
v -0.225401 1.168457 -0.218366
v -0.208276 1.169461 -0.227060
v -0.211544 1.170104 -0.225416
v -0.214802 1.170598 -0.223624
v -0.217950 1.170957 -0.221648
v -0.220911 1.171206 -0.219417
v -0.223635 1.171365 -0.216897
v -0.280000 1.167600 -0.235200
v -0.257460 1.153670 -0.213150
v -0.214405 1.156378 -0.239432
v -0.254800 1.167600 -0.260400
v -0.279696 1.163807 -0.233325
v -0.278879 1.160375 -0.231246
v -0.277526 1.157401 -0.228987
v -0.275673 1.154966 -0.226610
v -0.273398 1.153082 -0.224175
v -0.279661 1.167600 -0.239138
v -0.278514 1.163946 -0.237368
v -0.277392 1.160539 -0.235539
v -0.275957 1.157561 -0.233549
v -0.274039 1.155169 -0.231365
v -0.271631 1.153429 -0.229018
v -0.278748 1.167600 -0.242981
v -0.277206 1.164029 -0.241368
v -0.275826 1.160665 -0.239757
v -0.274265 1.157707 -0.237995
v -0.272255 1.155356 -0.235981
v -0.269714 1.153709 -0.233702
v -0.277236 1.167600 -0.246632
v -0.275584 1.164053 -0.245210
v -0.274053 1.160714 -0.243792
v -0.272345 1.157779 -0.242202
v -0.270206 1.155462 -0.240316
v -0.267501 1.153883 -0.238080
v -0.275164 1.167600 -0.249995
v -0.273502 1.164055 -0.248750
v -0.271857 1.160721 -0.247471
v -0.269994 1.157798 -0.246002
v -0.267686 1.155509 -0.244206
v -0.264787 1.153984 -0.241996
v -0.261424 1.154061 -0.245351
v -0.254131 1.155083 -0.215751
v -0.250312 1.156311 -0.218548
v -0.246082 1.157297 -0.221469
v -0.241548 1.158016 -0.224442
v -0.236827 1.158475 -0.227400
v -0.260989 1.152246 -0.215025
v -0.257848 1.153782 -0.218492
v -0.254504 1.154917 -0.221894
v -0.250827 1.155743 -0.225225
v -0.246777 1.156327 -0.228443
v -0.242414 1.156683 -0.231478
v -0.264424 1.151441 -0.217105
v -0.261589 1.152807 -0.221194
v -0.258664 1.153758 -0.225134
v -0.255465 1.154409 -0.228858
v -0.251852 1.154857 -0.232313
v -0.247812 1.155131 -0.235441
v -0.267689 1.151321 -0.219364
v -0.265240 1.152366 -0.223867
v -0.262714 1.153066 -0.228211
v -0.259913 1.153535 -0.232265
v -0.256664 1.153850 -0.235937
v -0.252886 1.154051 -0.239165
v -0.270696 1.151890 -0.221741
v -0.268627 1.152565 -0.226481
v -0.266450 1.153025 -0.231076
v -0.263981 1.153329 -0.235352
v -0.261025 1.153524 -0.239184
v -0.257461 1.153658 -0.242497
v -0.217831 1.154534 -0.242707
v -0.221644 1.153314 -0.245906
v -0.225782 1.152801 -0.248944
v -0.230139 1.153008 -0.251742
v -0.234603 1.153875 -0.254259
v -0.218348 1.157334 -0.237593
v -0.222896 1.155481 -0.240874
v -0.227364 1.154096 -0.244222
v -0.231846 1.153352 -0.247449
v -0.236304 1.153340 -0.250396
v -0.240646 1.154065 -0.252978
v -0.222671 1.158050 -0.235421
v -0.227929 1.156199 -0.238885
v -0.232961 1.154735 -0.242417
v -0.237774 1.153828 -0.245823
v -0.242333 1.153630 -0.248915
v -0.246573 1.154198 -0.251587
v -0.227268 1.158480 -0.232954
v -0.232885 1.156617 -0.236674
v -0.238268 1.155101 -0.240408
v -0.243326 1.154091 -0.243977
v -0.247965 1.153764 -0.247200
v -0.252128 1.154217 -0.249965
v -0.232023 1.158615 -0.230256
v -0.237732 1.156768 -0.234200
v -0.243231 1.155215 -0.238096
v -0.248377 1.154143 -0.241784
v -0.253032 1.153752 -0.245096
v -0.257115 1.154153 -0.247928
v -0.258738 1.167600 -0.260061
v -0.262581 1.167600 -0.259148
v -0.266232 1.167600 -0.257636
v -0.269595 1.167600 -0.255564
v -0.272619 1.167600 -0.253019
v -0.251374 1.163851 -0.260118
v -0.255552 1.164106 -0.259041
v -0.259803 1.164154 -0.257915
v -0.263897 1.164123 -0.256425
v -0.267639 1.164089 -0.254417
v -0.270916 1.164065 -0.251895
v -0.247561 1.160514 -0.259359
v -0.252206 1.160838 -0.257956
v -0.256906 1.160897 -0.256655
v -0.261431 1.160842 -0.255142
v -0.265544 1.160780 -0.253172
v -0.269106 1.160733 -0.250676
v -0.243423 1.157701 -0.258100
v -0.248617 1.157989 -0.256657
v -0.253792 1.158031 -0.255292
v -0.258730 1.157969 -0.253741
v -0.263197 1.157887 -0.251775
v -0.267045 1.157820 -0.249274
v -0.239066 1.155488 -0.256376
v -0.244763 1.155707 -0.255010
v -0.250363 1.155759 -0.253641
v -0.255659 1.155718 -0.252064
v -0.260427 1.155634 -0.250073
v -0.264530 1.155552 -0.247538
vn -0.0000 0.8319 -0.5549
vn -0.0000 -0.0000 -1.0000
vn -1.0000 -0.0000 -0.0000
vn 1.0000 -0.0000 -0.0000
vn -0.0000 0.8320 0.5548
vn -0.4472 0.8944 -0.0000
vn -0.0000 1.0000 -0.0000
vn 0.4472 0.8944 -0.0000
vn -0.0000 0.8317 0.5553
vn -0.0000 -0.0000 1.0000
vn -0.0000 0.8321 -0.5546
vn -0.0000 0.8319 0.5549
vn -0.1237 0.8147 0.5666
vn -0.1623 0.8013 0.5758
vn -0.1996 0.8213 0.5344
vn -0.2380 0.8455 0.4780
vn -0.2762 0.8617 0.4256
vn -0.1780 0.8040 0.5674
vn -0.1707 0.7947 0.5825
vn -0.1925 0.8090 0.5554
vn -0.2328 0.8336 0.5009
vn -0.2789 0.8534 0.4404
vn -0.1895 0.7656 0.6148
vn -0.1740 0.7709 0.6127
vn -0.1906 0.7880 0.5854
vn -0.2332 0.8136 0.5325
vn -0.2878 0.8361 0.4670
vn -0.1806 0.7082 0.6826
vn -0.1727 0.7248 0.6669
vn -0.1943 0.7479 0.6347
vn -0.2433 0.7769 0.5807
vn -0.3096 0.8025 0.5100
vn -0.1667 0.6412 0.7490
vn -0.1729 0.6626 0.7288
vn -0.2034 0.6875 0.6971
vn -0.2630 0.7194 0.6428
vn -0.3442 0.7484 0.5670
vn -0.4639 0.8627 0.2017
vn -0.4740 0.8392 0.2667
vn -0.5370 0.7961 0.2789
vn -0.6194 0.7377 0.2685
vn -0.6978 0.6701 0.2531
vn -0.4619 0.8451 0.2691
vn -0.4627 0.8445 0.2697
vn -0.5043 0.8191 0.2735
vn -0.5771 0.7703 0.2712
vn -0.6595 0.7038 0.2640
vn -0.4259 0.8508 0.3079
vn -0.4377 0.8527 0.2852
vn -0.4714 0.8352 0.2831
vn -0.5325 0.7956 0.2889
vn -0.6105 0.7350 0.2949
vn -0.3773 0.8616 0.3395
vn -0.3950 0.8617 0.3184
vn -0.4254 0.8468 0.3193
vn -0.4761 0.8132 0.3348
vn -0.5444 0.7585 0.3582
vn -0.3296 0.8680 0.3713
vn -0.3453 0.8649 0.3642
vn -0.3683 0.8503 0.3760
vn -0.4074 0.8189 0.4043
vn -0.4624 0.7670 0.4449
vn -0.9553 0.2389 0.1740
vn -0.9037 0.3562 0.2375
vn -0.8513 0.3935 0.3472
vn -0.7833 0.4000 0.4759
vn -0.6965 0.4021 0.5943
vn -0.8987 0.3405 0.2764
vn -0.8836 0.3825 0.2702
vn -0.8445 0.4134 0.3405
vn -0.7766 0.4279 0.4624
vn -0.6807 0.4305 0.5928
vn -0.8567 0.4247 0.2927
vn -0.8564 0.4318 0.2830
vn -0.8239 0.4551 0.3378
vn -0.7560 0.4762 0.4491
vn -0.6554 0.4836 0.5802
vn -0.8182 0.5044 0.2759
vn -0.8148 0.5089 0.2778
vn -0.7797 0.5324 0.3296
vn -0.7104 0.5575 0.4296
vn -0.6092 0.5689 0.5525
vn -0.7734 0.5789 0.2583
vn -0.7557 0.5961 0.2712
vn -0.7130 0.6253 0.3171
vn -0.6424 0.6521 0.4027
vn -0.5465 0.6635 0.5111
vn -0.1600 0.2726 0.9487
vn -0.2262 0.3645 0.9033
vn -0.2125 0.4300 0.8775
vn -0.1848 0.4935 0.8499
vn -0.1676 0.5568 0.8136
vn -0.2295 0.3967 0.8888
vn -0.2482 0.3883 0.8875
vn -0.2354 0.4263 0.8734
vn -0.2089 0.4935 0.8443
vn -0.1871 0.5669 0.8023
vn -0.3259 0.4406 0.8364
vn -0.3045 0.4077 0.8608
vn -0.2811 0.4340 0.8559
vn -0.2532 0.5032 0.8263
vn -0.2272 0.5845 0.7789
vn -0.4419 0.4393 0.7821
vn -0.4019 0.4190 0.8142
vn -0.3687 0.4519 0.8123
vn -0.3344 0.5260 0.7819
vn -0.3007 0.6139 0.7298
vn -0.5608 0.4158 0.7160
vn -0.5222 0.4232 0.7404
vn -0.4888 0.4693 0.7354
vn -0.4478 0.5511 0.7041
vn -0.4014 0.6437 0.6515
vn 0.1220 0.8149 0.5666
vn 0.1692 0.8049 0.5687
vn 0.1759 0.7612 0.6242
vn 0.1687 0.6994 0.6945
vn 0.1624 0.6332 0.7568
vn 0.1684 0.8018 0.5733
vn 0.1770 0.8059 0.5649
vn 0.1809 0.7787 0.6007
vn 0.1790 0.7249 0.6652
vn 0.1765 0.6563 0.7336
vn 0.2057 0.8167 0.5392
vn 0.1957 0.8165 0.5432
vn 0.1962 0.7957 0.5731
vn 0.2004 0.7505 0.6298
vn 0.2066 0.6855 0.6982
vn 0.2405 0.8399 0.4865
vn 0.2293 0.8356 0.4992
vn 0.2320 0.8168 0.5281
vn 0.2445 0.7783 0.5783
vn 0.2640 0.7191 0.6428
vn 0.2745 0.8589 0.4323
vn 0.2728 0.8528 0.4453
vn 0.2846 0.8364 0.4684
vn 0.3089 0.8027 0.5101
vn 0.3442 0.7484 0.5670
vn 0.1578 0.2687 0.9502
vn 0.2208 0.3781 0.8990
vn 0.3264 0.4154 0.8491
vn 0.4518 0.4181 0.7881
vn 0.5723 0.4080 0.7113
vn 0.2296 0.3766 0.8975
vn 0.2279 0.3954 0.8898
vn 0.2928 0.4186 0.8597
vn 0.4059 0.4310 0.8059
vn 0.5348 0.4298 0.7275
vn 0.2266 0.4441 0.8668
vn 0.2209 0.4293 0.8757
vn 0.2685 0.4422 0.8558
vn 0.3672 0.4626 0.8069
vn 0.4935 0.4747 0.7288
vn 0.1991 0.5006 0.8425
vn 0.2024 0.4864 0.8500
vn 0.2457 0.5004 0.8302
vn 0.3322 0.5279 0.7816
vn 0.4484 0.5526 0.7025
vn 0.1737 0.5549 0.8135
vn 0.1863 0.5570 0.8094
vn 0.2255 0.5796 0.7831
vn 0.3000 0.6130 0.7309
vn 0.4014 0.6438 0.6515
vn 0.9544 0.2413 0.1756
vn 0.9048 0.3283 0.2713
vn 0.8676 0.4144 0.2750
vn 0.8258 0.5018 0.2576
vn 0.7731 0.5830 0.2499
vn 0.8947 0.3720 0.2471
vn 0.8818 0.3693 0.2933
vn 0.8540 0.4249 0.3002
vn 0.8086 0.5145 0.2855
vn 0.7480 0.6057 0.2713
vn 0.8392 0.4187 0.3469
vn 0.8455 0.3997 0.3540
vn 0.8236 0.4441 0.3529
vn 0.7754 0.5332 0.3383
vn 0.7087 0.6296 0.3184
vn 0.7774 0.4229 0.4656
vn 0.7847 0.4172 0.4585
vn 0.7610 0.4660 0.4513
vn 0.7105 0.5553 0.4322
vn 0.6413 0.6527 0.4033
vn 0.7010 0.4118 0.5823
vn 0.6936 0.4273 0.5799
vn 0.6619 0.4803 0.5756
vn 0.6107 0.5679 0.5519
vn 0.5465 0.6634 0.5111
vn 0.4638 0.8618 0.2052
vn 0.4649 0.8461 0.2607
vn 0.4231 0.8559 0.2975
vn 0.3714 0.8664 0.3337
vn 0.3246 0.8695 0.3723
vn 0.4723 0.8356 0.2806
vn 0.4788 0.8370 0.2648
vn 0.4485 0.8477 0.2833
vn 0.3961 0.8592 0.3237
vn 0.3409 0.8634 0.3719
vn 0.5277 0.7957 0.2972
vn 0.5157 0.8145 0.2658
vn 0.4829 0.8306 0.2773
vn 0.4291 0.8440 0.3216
vn 0.3669 0.8491 0.3802
vn 0.6072 0.7422 0.2835
vn 0.5789 0.7721 0.2622
vn 0.5375 0.7951 0.2808
vn 0.4784 0.8124 0.3334
vn 0.4073 0.8184 0.4053
vn 0.6895 0.6768 0.2579
vn 0.6543 0.7109 0.2579
vn 0.6096 0.7377 0.2901
vn 0.5446 0.7590 0.3568
vn 0.4624 0.7670 0.4449
vn -0.1220 0.8149 -0.5666
vn -0.1692 0.8049 -0.5687
vn -0.1759 0.7612 -0.6242
vn -0.1687 0.6994 -0.6945
vn -0.1624 0.6332 -0.7567
vn -0.1684 0.8018 -0.5733
vn -0.1770 0.8059 -0.5649
vn -0.1809 0.7787 -0.6007
vn -0.1790 0.7249 -0.6652
vn -0.1765 0.6563 -0.7336
vn -0.2057 0.8167 -0.5392
vn -0.1957 0.8165 -0.5432
vn -0.1962 0.7957 -0.5731
vn -0.2004 0.7504 -0.6298
vn -0.2066 0.6855 -0.6982
vn -0.2405 0.8399 -0.4865
vn -0.2293 0.8356 -0.4992
vn -0.2320 0.8168 -0.5281
vn -0.2445 0.7783 -0.5783
vn -0.2640 0.7191 -0.6428
vn -0.2745 0.8589 -0.4323
vn -0.2728 0.8528 -0.4453
vn -0.2846 0.8364 -0.4684
vn -0.3089 0.8027 -0.5101
vn -0.3442 0.7484 -0.5670
vn -0.1578 0.2687 -0.9502
vn -0.2208 0.3781 -0.8990
vn -0.3264 0.4154 -0.8491
vn -0.4518 0.4181 -0.7881
vn -0.5723 0.4080 -0.7113
vn -0.2297 0.3766 -0.8975
vn -0.2279 0.3954 -0.8898
vn -0.2927 0.4186 -0.8597
vn -0.4059 0.4310 -0.8059
vn -0.5348 0.4298 -0.7275
vn -0.2266 0.4441 -0.8668
vn -0.2209 0.4292 -0.8757
vn -0.2685 0.4422 -0.8558
vn -0.3672 0.4626 -0.8069
vn -0.4935 0.4747 -0.7288
vn -0.1990 0.5006 -0.8425
vn -0.2024 0.4864 -0.8500
vn -0.2457 0.5004 -0.8302
vn -0.3321 0.5279 -0.7817
vn -0.4484 0.5526 -0.7025
vn -0.1737 0.5550 -0.8135
vn -0.1863 0.5570 -0.8094
vn -0.2255 0.5796 -0.7831
vn -0.3000 0.6130 -0.7309
vn -0.4014 0.6438 -0.6515
vn -0.9544 0.2413 -0.1756
vn -0.9048 0.3283 -0.2713
vn -0.8676 0.4144 -0.2750
vn -0.8258 0.5017 -0.2576
vn -0.7731 0.5830 -0.2499
vn -0.8947 0.3720 -0.2471
vn -0.8818 0.3693 -0.2933
vn -0.8540 0.4249 -0.3002
vn -0.8086 0.5145 -0.2855
vn -0.7480 0.6057 -0.2713
vn -0.8392 0.4188 -0.3469
vn -0.8455 0.3997 -0.3540
vn -0.8236 0.4441 -0.3529
vn -0.7754 0.5332 -0.3383
vn -0.7087 0.6296 -0.3184
vn -0.7774 0.4229 -0.4656
vn -0.7847 0.4172 -0.4585
vn -0.7610 0.4660 -0.4513
vn -0.7105 0.5553 -0.4322
vn -0.6413 0.6527 -0.4033
vn -0.7010 0.4118 -0.5823
vn -0.6936 0.4273 -0.5800
vn -0.6619 0.4802 -0.5756
vn -0.6107 0.5679 -0.5519
vn -0.5465 0.6634 -0.5111
vn -0.4638 0.8618 -0.2052
vn -0.4649 0.8461 -0.2607
vn -0.4231 0.8558 -0.2975
vn -0.3714 0.8664 -0.3338
vn -0.3246 0.8695 -0.3723
vn -0.4723 0.8356 -0.2806
vn -0.4788 0.8370 -0.2648
vn -0.4485 0.8477 -0.2833
vn -0.3961 0.8592 -0.3237
vn -0.3409 0.8634 -0.3719
vn -0.5277 0.7957 -0.2972
vn -0.5157 0.8145 -0.2658
vn -0.4829 0.8306 -0.2773
vn -0.4291 0.8440 -0.3217
vn -0.3669 0.8491 -0.3802
vn -0.6072 0.7422 -0.2835
vn -0.5789 0.7721 -0.2622
vn -0.5375 0.7951 -0.2808
vn -0.4784 0.8124 -0.3334
vn -0.4073 0.8185 -0.4053
vn -0.6895 0.6768 -0.2579
vn -0.6543 0.7109 -0.2579
vn -0.6096 0.7377 -0.2901
vn -0.5446 0.7590 -0.3568
vn -0.4624 0.7670 -0.4449
vn 0.1237 0.8147 -0.5666
vn 0.1623 0.8013 -0.5758
vn 0.1996 0.8213 -0.5344
vn 0.2380 0.8455 -0.4780
vn 0.2762 0.8617 -0.4256
vn 0.1780 0.8040 -0.5674
vn 0.1707 0.7947 -0.5825
vn 0.1925 0.8090 -0.5554
vn 0.2328 0.8336 -0.5009
vn 0.2789 0.8534 -0.4405
vn 0.1895 0.7656 -0.6148
vn 0.1740 0.7709 -0.6127
vn 0.1906 0.7880 -0.5854
vn 0.2332 0.8137 -0.5325
vn 0.2878 0.8361 -0.4669
vn 0.1806 0.7082 -0.6826
vn 0.1727 0.7248 -0.6669
vn 0.1943 0.7479 -0.6347
vn 0.2433 0.7769 -0.5807
vn 0.3096 0.8025 -0.5100
vn 0.1667 0.6412 -0.7490
vn 0.1729 0.6626 -0.7288
vn 0.2034 0.6875 -0.6971
vn 0.2630 0.7194 -0.6428
vn 0.3442 0.7484 -0.5670
vn 0.4638 0.8627 -0.2017
vn 0.4740 0.8392 -0.2667
vn 0.5370 0.7961 -0.2789
vn 0.6194 0.7377 -0.2685
vn 0.6978 0.6701 -0.2531
vn 0.4619 0.8451 -0.2692
vn 0.4627 0.8445 -0.2697
vn 0.5043 0.8191 -0.2735
vn 0.5771 0.7703 -0.2712
vn 0.6595 0.7038 -0.2640
vn 0.4259 0.8508 -0.3079
vn 0.4377 0.8527 -0.2852
vn 0.4714 0.8352 -0.2831
vn 0.5326 0.7956 -0.2889
vn 0.6105 0.7350 -0.2949
vn 0.3773 0.8616 -0.3395
vn 0.3950 0.8617 -0.3184
vn 0.4254 0.8468 -0.3193
vn 0.4761 0.8131 -0.3348
vn 0.5444 0.7585 -0.3582
vn 0.3296 0.8680 -0.3713
vn 0.3454 0.8649 -0.3642
vn 0.3683 0.8503 -0.3760
vn 0.4074 0.8189 -0.4043
vn 0.4624 0.7670 -0.4449
vn 0.9553 0.2389 -0.1740
vn 0.9037 0.3562 -0.2375
vn 0.8513 0.3935 -0.3472
vn 0.7833 0.4000 -0.4759
vn 0.6965 0.4021 -0.5943
vn 0.8987 0.3405 -0.2764
vn 0.8836 0.3825 -0.2702
vn 0.8445 0.4134 -0.3406
vn 0.7766 0.4279 -0.4624
vn 0.6807 0.4305 -0.5928
vn 0.8567 0.4247 -0.2927
vn 0.8564 0.4318 -0.2830
vn 0.8239 0.4551 -0.3378
vn 0.7560 0.4762 -0.4491
vn 0.6554 0.4836 -0.5802
vn 0.8182 0.5044 -0.2759
vn 0.8148 0.5089 -0.2778
vn 0.7797 0.5324 -0.3296
vn 0.7104 0.5575 -0.4295
vn 0.6092 0.5689 -0.5525
vn 0.7734 0.5789 -0.2583
vn 0.7557 0.5961 -0.2712
vn 0.7130 0.6254 -0.3171
vn 0.6424 0.6521 -0.4027
vn 0.5465 0.6635 -0.5111
vn 0.1600 0.2726 -0.9487
vn 0.2262 0.3645 -0.9033
vn 0.2124 0.4300 -0.8775
vn 0.1847 0.4935 -0.8499
vn 0.1676 0.5568 -0.8136
vn 0.2295 0.3967 -0.8888
vn 0.2482 0.3882 -0.8875
vn 0.2354 0.4263 -0.8734
vn 0.2089 0.4935 -0.8443
vn 0.1872 0.5669 -0.8023
vn 0.3259 0.4406 -0.8364
vn 0.3045 0.4077 -0.8608
vn 0.2812 0.4340 -0.8559
vn 0.2532 0.5032 -0.8263
vn 0.2272 0.5845 -0.7789
vn 0.4419 0.4393 -0.7821
vn 0.4019 0.4190 -0.8142
vn 0.3687 0.4520 -0.8123
vn 0.3344 0.5260 -0.7819
vn 0.3007 0.6139 -0.7298
vn 0.5608 0.4158 -0.7160
vn 0.5222 0.4232 -0.7404
vn 0.4888 0.4693 -0.7354
vn 0.4477 0.5511 -0.7041
vn 0.4014 0.6437 -0.6515
vn -0.0414 0.8862 0.4614
vn -0.0900 0.9026 0.4209
vn -0.0780 0.9210 0.3817
vn -0.0539 0.9385 0.3410
vn -0.0423 0.9533 0.2989
vn -0.0392 0.9172 0.3964
vn -0.0852 0.9133 0.3982
vn -0.0856 0.9230 0.3752
vn -0.0658 0.9394 0.3364
vn -0.0516 0.9553 0.2912
vn -0.0794 0.9302 0.3583
vn -0.1040 0.9212 0.3749
vn -0.1024 0.9265 0.3622
vn -0.0854 0.9413 0.3265
vn -0.0713 0.9574 0.2797
vn -0.1387 0.9326 0.3333
vn -0.1468 0.9256 0.3488
vn -0.1388 0.9311 0.3373
vn -0.1207 0.9447 0.3050
vn -0.1051 0.9599 0.2601
vn -0.1965 0.9306 0.3088
vn -0.1944 0.9297 0.3128
vn -0.1844 0.9367 0.2975
vn -0.1654 0.9490 0.2685
vn -0.1456 0.9615 0.2329
vn -0.0589 0.9962 0.0647
vn -0.0693 0.9919 0.1067
vn -0.1063 0.9892 0.1010
vn -0.1503 0.9852 0.0825
vn -0.1904 0.9793 0.0692
vn -0.1023 0.9908 0.0883
vn -0.0814 0.9903 0.1122
vn -0.0986 0.9890 0.1101
vn -0.1377 0.9860 0.0939
vn -0.1805 0.9804 0.0791
vn -0.1011 0.9859 0.1331
vn -0.0798 0.9876 0.1350
vn -0.0898 0.9878 0.1274
vn -0.1238 0.9859 0.1130
vn -0.1665 0.9810 0.0998
vn -0.0778 0.9793 0.1870
vn -0.0652 0.9822 0.1761
vn -0.0776 0.9837 0.1624
vn -0.1094 0.9831 0.1467
vn -0.1511 0.9793 0.1345
vn -0.0513 0.9694 0.2399
vn -0.0506 0.9730 0.2253
vn -0.0672 0.9753 0.2104
vn -0.0994 0.9762 0.1928
vn -0.1389 0.9742 0.1777
vn -0.3638 0.9300 0.0518
vn -0.3108 0.9482 0.0657
vn -0.2869 0.9497 0.1256
vn -0.2705 0.9425 0.1965
vn -0.2480 0.9340 0.2570
vn -0.3274 0.9396 0.1002
vn -0.3049 0.9485 0.0857
vn -0.2860 0.9507 0.1196
vn -0.2686 0.9461 0.1811
vn -0.2455 0.9380 0.2446
vn -0.2951 0.9497 0.1050
vn -0.2923 0.9518 0.0931
vn -0.2811 0.9526 0.1160
vn -0.2635 0.9502 0.1667
vn -0.2380 0.9445 0.2263
vn -0.2644 0.9603 0.0894
vn -0.2679 0.9597 0.0853
vn -0.2606 0.9595 0.1068
vn -0.2444 0.9580 0.1501
vn -0.2183 0.9545 0.2032
vn -0.2342 0.9694 0.0729
vn -0.2347 0.9690 0.0771
vn -0.2254 0.9693 0.0987
vn -0.2096 0.9682 0.1368
vn -0.1889 0.9650 0.1822
vn 0.0409 0.8855 0.4628
vn 0.0399 0.9130 0.4060
vn 0.0919 0.9231 0.3735
vn 0.1555 0.9255 0.3454
vn 0.2066 0.9278 0.3106
vn 0.0901 0.9053 0.4152
vn 0.0628 0.9172 0.3934
vn 0.0893 0.9253 0.3687
vn 0.1446 0.9292 0.3402
vn 0.1993 0.9316 0.3038
vn 0.0904 0.9227 0.3748
vn 0.0697 0.9252 0.3731
vn 0.0873 0.9299 0.3574
vn 0.1335 0.9346 0.3297
vn 0.1858 0.9384 0.2914
vn 0.0694 0.9387 0.3376
vn 0.0596 0.9382 0.3410
vn 0.0777 0.9412 0.3288
vn 0.1178 0.9455 0.3037
vn 0.1655 0.9495 0.2667
vn 0.0494 0.9524 0.3007
vn 0.0508 0.9529 0.2990
vn 0.0695 0.9562 0.2843
vn 0.1044 0.9596 0.2612
vn 0.1456 0.9615 0.2329
vn 0.3609 0.9311 0.0530
vn 0.3319 0.9377 0.1029
vn 0.3000 0.9490 0.0967
vn 0.2662 0.9608 0.0779
vn 0.2323 0.9703 0.0676
vn 0.2993 0.9520 0.0639
vn 0.3111 0.9445 0.1052
vn 0.2964 0.9491 0.1070
vn 0.2651 0.9599 0.0907
vn 0.2285 0.9704 0.0781
vn 0.2696 0.9563 0.1135
vn 0.2936 0.9468 0.1318
vn 0.2882 0.9489 0.1287
vn 0.2601 0.9589 0.1133
vn 0.2219 0.9699 0.1003
vn 0.2564 0.9496 0.1806
vn 0.2776 0.9433 0.1820
vn 0.2721 0.9470 0.1708
vn 0.2464 0.9571 0.1525
vn 0.2088 0.9682 0.1374
vn 0.2451 0.9375 0.2471
vn 0.2541 0.9373 0.2387
vn 0.2443 0.9434 0.2243
vn 0.2203 0.9541 0.2028
vn 0.1890 0.9649 0.1822
vn 0.0578 0.9963 0.0637
vn 0.0949 0.9918 0.0855
vn 0.0852 0.9870 0.1364
vn 0.0622 0.9790 0.1940
vn 0.0453 0.9682 0.2460
vn 0.0739 0.9914 0.1080
vn 0.0950 0.9907 0.0979
vn 0.0909 0.9878 0.1267
vn 0.0719 0.9815 0.1775
vn 0.0537 0.9712 0.2320
vn 0.1061 0.9881 0.1112
vn 0.1075 0.9892 0.0993
vn 0.1003 0.9879 0.1180
vn 0.0854 0.9833 0.1610
vn 0.0707 0.9744 0.2135
vn 0.1461 0.9848 0.0940
vn 0.1371 0.9866 0.0884
vn 0.1257 0.9863 0.1067
vn 0.1118 0.9831 0.1448
vn 0.1007 0.9759 0.1935
vn 0.1859 0.9798 0.0739
vn 0.1750 0.9815 0.0770
vn 0.1640 0.9817 0.0973
vn 0.1507 0.9795 0.1336
vn 0.1389 0.9742 0.1778
vn -0.0409 0.8855 -0.4628
vn -0.0399 0.9130 -0.4060
vn -0.0919 0.9231 -0.3735
vn -0.1555 0.9255 -0.3454
vn -0.2066 0.9278 -0.3107
vn -0.0901 0.9053 -0.4152
vn -0.0629 0.9172 -0.3934
vn -0.0893 0.9253 -0.3687
vn -0.1446 0.9292 -0.3402
vn -0.1993 0.9317 -0.3038
vn -0.0904 0.9227 -0.3748
vn -0.0697 0.9252 -0.3731
vn -0.0873 0.9299 -0.3574
vn -0.1334 0.9346 -0.3297
vn -0.1858 0.9384 -0.2914
vn -0.0694 0.9387 -0.3376
vn -0.0596 0.9382 -0.3410
vn -0.0776 0.9412 -0.3289
vn -0.1178 0.9455 -0.3037
vn -0.1655 0.9495 -0.2667
vn -0.0494 0.9524 -0.3007
vn -0.0508 0.9529 -0.2990
vn -0.0695 0.9562 -0.2843
vn -0.1044 0.9596 -0.2612
vn -0.1456 0.9616 -0.2329
vn -0.3609 0.9311 -0.0530
vn -0.3319 0.9377 -0.1029
vn -0.3000 0.9490 -0.0967
vn -0.2662 0.9608 -0.0779
vn -0.2323 0.9703 -0.0676
vn -0.2993 0.9520 -0.0639
vn -0.3112 0.9445 -0.1052
vn -0.2963 0.9491 -0.1070
vn -0.2651 0.9599 -0.0907
vn -0.2285 0.9704 -0.0781
vn -0.2696 0.9563 -0.1135
vn -0.2936 0.9468 -0.1318
vn -0.2882 0.9489 -0.1287
vn -0.2600 0.9589 -0.1133
vn -0.2219 0.9699 -0.1003
vn -0.2564 0.9495 -0.1806
vn -0.2776 0.9433 -0.1820
vn -0.2721 0.9470 -0.1708
vn -0.2464 0.9571 -0.1525
vn -0.2089 0.9682 -0.1374
vn -0.2451 0.9375 -0.2471
vn -0.2541 0.9373 -0.2387
vn -0.2443 0.9434 -0.2243
vn -0.2203 0.9541 -0.2028
vn -0.1890 0.9649 -0.1822
vn -0.0578 0.9963 -0.0637
vn -0.0949 0.9918 -0.0855
vn -0.0852 0.9870 -0.1364
vn -0.0622 0.9790 -0.1940
vn -0.0453 0.9682 -0.2460
vn -0.0739 0.9914 -0.1080
vn -0.0950 0.9907 -0.0979
vn -0.0908 0.9878 -0.1267
vn -0.0719 0.9815 -0.1775
vn -0.0537 0.9712 -0.2320
vn -0.1061 0.9881 -0.1112
vn -0.1076 0.9892 -0.0993
vn -0.1004 0.9879 -0.1180
vn -0.0854 0.9833 -0.1610
vn -0.0707 0.9744 -0.2135
vn -0.1461 0.9848 -0.0940
vn -0.1371 0.9866 -0.0884
vn -0.1257 0.9863 -0.1068
vn -0.1119 0.9831 -0.1448
vn -0.1006 0.9759 -0.1936
vn -0.1859 0.9798 -0.0739
vn -0.1751 0.9815 -0.0770
vn -0.1640 0.9817 -0.0973
vn -0.1507 0.9795 -0.1336
vn -0.1390 0.9742 -0.1778
vn 0.0414 0.8862 -0.4614
vn 0.0900 0.9026 -0.4209
vn 0.0780 0.9210 -0.3817
vn 0.0540 0.9385 -0.3410
vn 0.0423 0.9533 -0.2989
vn 0.0392 0.9172 -0.3964
vn 0.0852 0.9133 -0.3982
vn 0.0856 0.9230 -0.3752
vn 0.0658 0.9394 -0.3364
vn 0.0516 0.9553 -0.2912
vn 0.0794 0.9302 -0.3583
vn 0.1040 0.9212 -0.3749
vn 0.1024 0.9265 -0.3622
vn 0.0854 0.9413 -0.3265
vn 0.0713 0.9574 -0.2797
vn 0.1387 0.9326 -0.3333
vn 0.1468 0.9256 -0.3488
vn 0.1388 0.9311 -0.3373
vn 0.1207 0.9447 -0.3050
vn 0.1051 0.9599 -0.2600
vn 0.1965 0.9306 -0.3088
vn 0.1944 0.9297 -0.3128
vn 0.1844 0.9367 -0.2975
vn 0.1654 0.9490 -0.2685
vn 0.1456 0.9615 -0.2329
vn 0.0589 0.9962 -0.0647
vn 0.0693 0.9919 -0.1066
vn 0.1063 0.9892 -0.1010
vn 0.1503 0.9852 -0.0825
vn 0.1904 0.9793 -0.0692
vn 0.1023 0.9908 -0.0883
vn 0.0814 0.9903 -0.1122
vn 0.0986 0.9890 -0.1101
vn 0.1377 0.9860 -0.0939
vn 0.1805 0.9804 -0.0791
vn 0.1010 0.9859 -0.1331
vn 0.0798 0.9876 -0.1349
vn 0.0898 0.9878 -0.1274
vn 0.1238 0.9859 -0.1130
vn 0.1665 0.9810 -0.0998
vn 0.0778 0.9793 -0.1870
vn 0.0652 0.9822 -0.1762
vn 0.0776 0.9837 -0.1624
vn 0.1094 0.9831 -0.1466
vn 0.1511 0.9793 -0.1345
vn 0.0513 0.9694 -0.2399
vn 0.0506 0.9730 -0.2253
vn 0.0672 0.9753 -0.2104
vn 0.0993 0.9762 -0.1928
vn 0.1389 0.9742 -0.1777
vn 0.3638 0.9300 -0.0518
vn 0.3108 0.9482 -0.0657
vn 0.2870 0.9497 -0.1256
vn 0.2705 0.9425 -0.1965
vn 0.2480 0.9340 -0.2570
vn 0.3274 0.9396 -0.1002
vn 0.3049 0.9485 -0.0857
vn 0.2860 0.9507 -0.1196
vn 0.2686 0.9461 -0.1811
vn 0.2455 0.9380 -0.2446
vn 0.2951 0.9497 -0.1050
vn 0.2923 0.9518 -0.0931
vn 0.2811 0.9526 -0.1160
vn 0.2635 0.9502 -0.1667
vn 0.2380 0.9445 -0.2263
vn 0.2644 0.9603 -0.0894
vn 0.2679 0.9597 -0.0853
vn 0.2606 0.9595 -0.1068
vn 0.2444 0.9580 -0.1501
vn 0.2183 0.9545 -0.2032
vn 0.2342 0.9694 -0.0729
vn 0.2347 0.9690 -0.0771
vn 0.2254 0.9693 -0.0987
vn 0.2096 0.9682 -0.1368
vn 0.1889 0.9649 -0.1822
vn 0.2807 0.9593 -0.0318
vn 0.1636 0.9860 0.0322
vn 0.1078 0.9940 0.0166
vn 0.0784 0.9964 -0.0327
vn 0.0543 0.9950 -0.0835
vn 0.1554 0.9835 -0.0926
vn 0.1091 0.9940 0.0048
vn 0.0695 0.9972 0.0271
vn 0.0413 0.9991 -0.0016
vn 0.0208 0.9987 -0.0465
vn 0.0047 0.9984 -0.0563
vn 0.0071 0.9996 0.0269
vn -0.0127 0.9980 0.0614
vn -0.0368 0.9978 0.0552
vn -0.0538 0.9982 0.0268
vn -0.1708 0.9849 0.0296
vn -0.1538 0.9838 0.0923
vn -0.1673 0.9769 0.1327
vn -0.1856 0.9708 0.1518
vn -0.1958 0.9689 0.1512
vn -0.3531 0.9283 0.1161
vn -0.3547 0.9212 0.1597
vn -0.3737 0.9024 0.2144
vn -0.3827 0.8854 0.2638
vn -0.3756 0.8775 0.2984
vn 0.0203 0.9129 -0.4076
vn 0.0635 0.9529 -0.2964
vn 0.0041 0.9885 -0.1514
vn -0.0879 0.9954 0.0369
vn -0.1582 0.9538 0.2555
vn -0.0409 0.9560 -0.2905
vn 0.0131 0.9694 -0.2453
vn -0.0199 0.9916 -0.1280
vn -0.1072 0.9923 0.0616
vn -0.1931 0.9363 0.2934
vn -0.0526 0.9755 -0.2135
vn -0.0246 0.9805 -0.1952
vn -0.0584 0.9932 -0.1005
vn -0.1481 0.9858 0.0791
vn -0.2488 0.9181 0.3086
vn -0.0275 0.9856 -0.1669
vn -0.0279 0.9882 -0.1508
vn -0.0785 0.9948 -0.0656
vn -0.1827 0.9780 0.1005
vn -0.3041 0.8987 0.3161
vn 0.0112 0.9909 -0.1342
vn -0.0117 0.9941 -0.1082
vn -0.0769 0.9967 -0.0259
vn -0.1999 0.9717 0.1261
vn -0.3472 0.8826 0.3169
vn -0.0826 0.1066 0.9909
vn -0.2228 0.1658 0.9607
vn -0.3685 0.2238 0.9023
vn -0.5030 0.2662 0.8222
vn -0.6198 0.2841 0.7315
vn -0.0887 0.2371 0.9674
vn -0.2245 0.2511 0.9415
vn -0.3631 0.2765 0.8898
vn -0.4954 0.3037 0.8139
vn -0.6154 0.3212 0.7199
vn -0.1187 0.4231 0.8983
vn -0.2457 0.4033 0.8814
vn -0.3659 0.3966 0.8419
vn -0.4848 0.4013 0.7772
vn -0.5969 0.4075 0.6911
vn -0.1602 0.6333 0.7571
vn -0.2677 0.5872 0.7639
vn -0.3655 0.5594 0.7439
vn -0.4661 0.5438 0.6979
vn -0.5622 0.5348 0.6308
vn -0.1935 0.8151 0.5460
vn -0.2665 0.7658 0.5853
vn -0.3442 0.7330 0.5868
vn -0.4255 0.7061 0.5661
vn -0.4999 0.6873 0.5270
vn -0.9906 0.0862 0.1057
vn -0.9586 0.2500 0.1362
vn -0.8853 0.4360 0.1615
vn -0.7572 0.6274 0.1818
vn -0.5863 0.7896 0.1811
vn -0.9692 0.1008 0.2245
vn -0.9457 0.2451 0.2137
vn -0.8885 0.4053 0.2152
vn -0.7813 0.5826 0.2238
vn -0.6178 0.7549 0.2201
vn -0.9183 0.1565 0.3637
vn -0.9016 0.2744 0.3344
vn -0.8579 0.4017 0.3204
vn -0.7712 0.5541 0.3135
vn -0.6286 0.7197 0.2947
vn -0.8407 0.2181 0.4956
vn -0.8320 0.3065 0.4625
vn -0.7982 0.4073 0.4438
vn -0.7291 0.5391 0.4216
vn -0.6121 0.6941 0.3789
vn -0.7480 0.2671 0.6076
vn -0.7462 0.3234 0.5820
vn -0.7193 0.4103 0.5606
vn -0.6656 0.5334 0.5220
vn -0.5729 0.6829 0.4532
vn 0.4619 0.8451 -0.2691
vn 0.4258 0.8508 -0.3079
vn 0.5325 0.7956 -0.2889
vn 0.4761 0.8132 -0.3348
vn 0.3296 0.8681 -0.3713
vn 0.8445 0.4134 -0.3405
vn 0.8564 0.4319 -0.2830
vn 0.7104 0.5575 -0.4296
vn 0.7130 0.6253 -0.3171
vn 0.5465 0.6635 -0.5110
vn 0.1871 0.5669 -0.8023
vn 0.2811 0.4340 -0.8559
vn 0.3687 0.4519 -0.8123
vn 0.4015 0.6437 -0.6515
vn 0.1740 0.7710 -0.6127
vn 0.2878 0.8361 -0.4670
vn 0.3095 0.8025 -0.5100
vn 0.2630 0.7194 -0.6429
vn 0.3442 0.7484 -0.5669
vn 0.4649 0.8461 0.2608
vn 0.4231 0.8558 0.2975
vn 0.3714 0.8664 0.3338
vn 0.4291 0.8440 0.3217
vn 0.6072 0.7422 0.2836
vn 0.4073 0.8185 0.4053
vn 0.2320 0.8169 0.5281
vn 0.3089 0.8028 0.5101
vn 0.2208 0.3781 0.8991
vn 0.3264 0.4154 0.8490
vn 0.2297 0.3766 0.8975
vn 0.3672 0.4626 0.8070
vn 0.1990 0.5006 0.8425
vn 0.9544 0.2412 0.1756
vn 0.8258 0.5018 0.2575
vn 0.6619 0.4802 0.5756
vn 0.2872 0.9574 0.0300
vn 0.1747 0.9818 0.0743
vn 0.0234 0.9996 0.0162
vn -0.1638 0.9838 -0.0724
vn -0.3633 0.9213 -0.1387
vn 0.1646 0.9862 -0.0199
vn 0.1248 0.9917 0.0309
vn 0.0078 1.0000 -0.0021
vn -0.1767 0.9805 -0.0856
vn -0.3873 0.9068 -0.1666
vn 0.0943 0.9953 -0.0205
vn 0.0812 0.9967 0.0011
vn -0.0106 0.9994 -0.0342
vn -0.1826 0.9758 -0.1203
vn -0.3915 0.8946 -0.2156
vn 0.0628 0.9979 0.0177
vn 0.0514 0.9986 0.0094
vn -0.0299 0.9986 -0.0443
vn -0.1884 0.9711 -0.1466
vn -0.3873 0.8834 -0.2638
vn 0.0499 0.9961 0.0728
vn 0.0290 0.9987 0.0425
vn -0.0484 0.9985 -0.0268
vn -0.1948 0.9692 -0.1507
vn -0.3760 0.8773 -0.2984
vn -0.9911 0.1077 -0.0781
vn -0.9619 0.1629 -0.2194
vn -0.9054 0.2171 -0.3649
vn -0.8266 0.2598 -0.4992
vn -0.7360 0.2818 -0.6155
vn -0.9683 0.2372 -0.0782
vn -0.9453 0.2460 -0.2142
vn -0.8971 0.2683 -0.3511
vn -0.8247 0.2964 -0.4816
vn -0.7331 0.3185 -0.6009
vn -0.9041 0.4144 -0.1043
vn -0.8915 0.3915 -0.2281
vn -0.8563 0.3848 -0.3446
vn -0.7962 0.3925 -0.4604
vn -0.7141 0.4045 -0.5713
vn -0.7823 0.6067 -0.1410
vn -0.7897 0.5637 -0.2422
vn -0.7714 0.5412 -0.3349
vn -0.7286 0.5321 -0.4313
vn -0.6646 0.5311 -0.5256
vn -0.6094 0.7744 -0.1701
vn -0.6393 0.7321 -0.2354
vn -0.6363 0.7078 -0.3068
vn -0.6134 0.6906 -0.3831
vn -0.5729 0.6824 -0.4540
vn -0.1097 0.0877 -0.9901
vn -0.1458 0.2557 -0.9557
vn -0.1761 0.4517 -0.8746
vn -0.2018 0.6594 -0.7242
vn -0.2040 0.8312 -0.5171
vn -0.2282 0.1038 -0.9681
vn -0.2242 0.2505 -0.9418
vn -0.2326 0.4165 -0.8789
vn -0.2484 0.6055 -0.7561
vn -0.2497 0.7886 -0.5620
vn -0.3675 0.1622 -0.9158
vn -0.3465 0.2815 -0.8948
vn -0.3415 0.4119 -0.8448
vn -0.3438 0.5711 -0.7454
vn -0.3314 0.7447 -0.5793
vn -0.4996 0.2237 -0.8368
vn -0.4765 0.3126 -0.8217
vn -0.4683 0.4152 -0.7799
vn -0.4565 0.5502 -0.6992
vn -0.4212 0.7095 -0.5650
vn -0.6121 0.2686 -0.7438
vn -0.5969 0.3248 -0.7336
vn -0.5866 0.4126 -0.6969
vn -0.5589 0.5368 -0.6321
vn -0.4991 0.6878 -0.5270
vn 0.0216 0.9154 0.4020
vn -0.0521 0.9551 0.2916
vn -0.0467 0.9727 0.2273
vn -0.0112 0.9834 0.1813
vn 0.0218 0.9903 0.1373
vn 0.0801 0.9579 0.2759
vn -0.0232 0.9720 0.2337
vn -0.0530 0.9810 0.1866
vn -0.0364 0.9893 0.1413
vn -0.0090 0.9950 0.0991
vn 0.0429 0.9910 0.1270
vn -0.0445 0.9905 0.1305
vn -0.0850 0.9912 0.1017
vn -0.0894 0.9942 0.0598
vn -0.0774 0.9968 0.0203
vn -0.0452 0.9977 -0.0507
vn -0.1121 0.9931 -0.0358
vn -0.1589 0.9854 -0.0606
vn -0.1874 0.9775 -0.0966
vn -0.2005 0.9714 -0.1270
vn -0.1345 0.9596 -0.2471
vn -0.1839 0.9487 -0.2571
vn -0.2462 0.9253 -0.2885
vn -0.3036 0.9006 -0.3110
vn -0.3472 0.8828 -0.3165
vn -0.1706 0.7947 0.5825
vn -0.2878 0.8361 0.4669
vn -0.4619 0.8451 0.2692
vn -0.5326 0.7956 0.2889
vn -0.6105 0.7351 0.2949
vn -0.4761 0.8131 0.3348
vn -0.8987 0.3404 0.2764
vn -0.8445 0.4134 0.3406
vn -0.8564 0.4319 0.2830
vn -0.6554 0.4835 0.5802
vn -0.7104 0.5575 0.4295
vn -0.7558 0.5961 0.2712
vn -0.5465 0.6635 0.5110
vn -0.2124 0.4300 0.8775
vn -0.1847 0.4935 0.8499
vn -0.2812 0.4340 0.8559
vn -0.4477 0.5511 0.7041
vn -0.0204 0.9129 0.4076
vn -0.0635 0.9529 0.2964
vn -0.0041 0.9885 0.1514
vn 0.0879 0.9954 -0.0369
vn 0.1582 0.9538 -0.2555
vn 0.0409 0.9560 0.2905
vn -0.0131 0.9694 0.2453
vn 0.0199 0.9916 0.1280
vn 0.1072 0.9923 -0.0617
vn 0.1931 0.9363 -0.2934
vn 0.0525 0.9755 0.2135
vn 0.0246 0.9805 0.1952
vn 0.0584 0.9932 0.1005
vn 0.1481 0.9858 -0.0791
vn 0.2488 0.9181 -0.3086
vn 0.0275 0.9856 0.1669
vn 0.0279 0.9882 0.1509
vn 0.0785 0.9948 0.0656
vn 0.1827 0.9780 -0.1005
vn 0.3041 0.8987 -0.3161
vn -0.0112 0.9909 0.1342
vn 0.0117 0.9941 0.1082
vn 0.0768 0.9967 0.0259
vn 0.1999 0.9717 -0.1261
vn 0.3472 0.8826 -0.3169
vn 0.0826 0.1066 -0.9909
vn 0.2228 0.1658 -0.9607
vn 0.3685 0.2238 -0.9023
vn 0.5030 0.2662 -0.8222
vn 0.6198 0.2841 -0.7315
vn 0.0887 0.2371 -0.9674
vn 0.2246 0.2511 -0.9415
vn 0.3631 0.2765 -0.8898
vn 0.4954 0.3037 -0.8139
vn 0.6154 0.3212 -0.7198
vn 0.1187 0.4231 -0.8983
vn 0.2457 0.4033 -0.8814
vn 0.3659 0.3966 -0.8419
vn 0.4848 0.4013 -0.7771
vn 0.5969 0.4075 -0.6911
vn 0.1602 0.6333 -0.7571
vn 0.2676 0.5872 -0.7639
vn 0.3655 0.5595 -0.7439
vn 0.4661 0.5438 -0.6979
vn 0.5622 0.5348 -0.6308
vn 0.1935 0.8151 -0.5460
vn 0.2665 0.7658 -0.5853
vn 0.3442 0.7329 -0.5868
vn 0.4255 0.7060 -0.5661
vn 0.4999 0.6873 -0.5270
vn 0.9906 0.0862 -0.1057
vn 0.9586 0.2500 -0.1362
vn 0.8853 0.4360 -0.1615
vn 0.7572 0.6274 -0.1818
vn 0.5863 0.7896 -0.1811
vn 0.9692 0.1008 -0.2245
vn 0.9457 0.2451 -0.2137
vn 0.8885 0.4053 -0.2152
vn 0.7813 0.5826 -0.2237
vn 0.6178 0.7549 -0.2201
vn 0.9183 0.1565 -0.3637
vn 0.9016 0.2744 -0.3344
vn 0.8579 0.4017 -0.3204
vn 0.7712 0.5541 -0.3135
vn 0.6286 0.7197 -0.2947
vn 0.8407 0.2181 -0.4956
vn 0.8319 0.3064 -0.4626
vn 0.7982 0.4073 -0.4438
vn 0.7291 0.5391 -0.4216
vn 0.6121 0.6941 -0.3789
vn 0.7480 0.2670 -0.6076
vn 0.7462 0.3234 -0.5820
vn 0.7193 0.4103 -0.5606
vn 0.6655 0.5334 -0.5220
vn 0.5729 0.6829 -0.4532
vn -0.2807 0.9593 0.0319
vn -0.1636 0.9860 -0.0322
vn -0.1078 0.9940 -0.0166
vn -0.0784 0.9964 0.0327
vn -0.0543 0.9950 0.0835
vn -0.1554 0.9835 0.0926
vn -0.1091 0.9940 -0.0048
vn -0.0695 0.9972 -0.0271
vn -0.0413 0.9991 0.0016
vn -0.0208 0.9987 0.0465
vn -0.0047 0.9984 0.0563
vn -0.0072 0.9996 -0.0269
vn 0.0127 0.9980 -0.0614
vn 0.0368 0.9978 -0.0552
vn 0.0539 0.9982 -0.0268
vn 0.1708 0.9849 -0.0296
vn 0.1538 0.9838 -0.0923
vn 0.1673 0.9769 -0.1327
vn 0.1856 0.9708 -0.1518
vn 0.1957 0.9689 -0.1512
vn 0.3531 0.9284 -0.1161
vn 0.3547 0.9212 -0.1597
vn 0.3737 0.9024 -0.2144
vn 0.3827 0.8854 -0.2639
vn 0.3756 0.8774 -0.2984
vn -0.4649 0.8461 -0.2608
vn -0.4291 0.8440 -0.3216
vn -0.1624 0.6332 -0.7568
vn -0.2004 0.7505 -0.6298
vn -0.2321 0.8168 -0.5281
vn -0.3264 0.4154 -0.8490
vn -0.2296 0.3766 -0.8975
vn -0.2209 0.4293 -0.8757
vn -0.3322 0.5279 -0.7817
vn -0.1737 0.5549 -0.8135
vn -0.8676 0.4144 -0.2749
vn -0.8258 0.5017 -0.2575
vn -0.8540 0.4249 -0.3001
vn -0.2872 0.9574 -0.0300
vn -0.1746 0.9818 -0.0743
vn -0.0234 0.9996 -0.0162
vn 0.1638 0.9838 0.0724
vn 0.3633 0.9213 0.1387
vn -0.1646 0.9862 0.0199
vn -0.1248 0.9917 -0.0309
vn -0.0078 1.0000 0.0021
vn 0.1767 0.9805 0.0856
vn 0.3873 0.9068 0.1666
vn -0.0943 0.9953 0.0205
vn -0.0811 0.9967 -0.0011
vn 0.0105 0.9994 0.0342
vn 0.1826 0.9758 0.1203
vn 0.3915 0.8946 0.2156
vn -0.0628 0.9979 -0.0176
vn -0.0514 0.9986 -0.0094
vn 0.0299 0.9986 0.0443
vn 0.1884 0.9711 0.1465
vn 0.3873 0.8834 0.2638
vn -0.0499 0.9961 -0.0728
vn -0.0290 0.9987 -0.0425
vn 0.0483 0.9985 0.0268
vn 0.1948 0.9692 0.1507
vn 0.3760 0.8773 0.2984
vn 0.9911 0.1077 0.0781
vn 0.9619 0.1629 0.2194
vn 0.9054 0.2171 0.3649
vn 0.8266 0.2598 0.4992
vn 0.7360 0.2818 0.6155
vn 0.9683 0.2372 0.0782
vn 0.9453 0.2460 0.2142
vn 0.8971 0.2683 0.3511
vn 0.8247 0.2964 0.4816
vn 0.7331 0.3185 0.6009
vn 0.9041 0.4144 0.1043
vn 0.8915 0.3915 0.2281
vn 0.8563 0.3848 0.3446
vn 0.7962 0.3925 0.4604
vn 0.7141 0.4045 0.5713
vn 0.7823 0.6067 0.1410
vn 0.7897 0.5637 0.2422
vn 0.7713 0.5412 0.3349
vn 0.7286 0.5321 0.4314
vn 0.6646 0.5311 0.5256
vn 0.6094 0.7744 0.1701
vn 0.6393 0.7321 0.2354
vn 0.6363 0.7078 0.3068
vn 0.6134 0.6906 0.3831
vn 0.5730 0.6824 0.4539
vn 0.1097 0.0877 0.9901
vn 0.1458 0.2557 0.9557
vn 0.1761 0.4516 0.8747
vn 0.2017 0.6594 0.7242
vn 0.2040 0.8312 0.5172
vn 0.2282 0.1038 0.9681
vn 0.2242 0.2505 0.9418
vn 0.2326 0.4165 0.8789
vn 0.2484 0.6055 0.7561
vn 0.2497 0.7886 0.5620
vn 0.3674 0.1622 0.9158
vn 0.3465 0.2815 0.8948
vn 0.3415 0.4119 0.8448
vn 0.3437 0.5711 0.7454
vn 0.3314 0.7447 0.5793
vn 0.4996 0.2237 0.8368
vn 0.4765 0.3126 0.8217
vn 0.4683 0.4152 0.7799
vn 0.4565 0.5502 0.6992
vn 0.4212 0.7095 0.5651
vn 0.6121 0.2686 0.7437
vn 0.5969 0.3248 0.7336
vn 0.5866 0.4126 0.6969
vn 0.5589 0.5368 0.6321
vn 0.4991 0.6879 0.5270
vn -0.0216 0.9154 -0.4020
vn 0.0521 0.9551 -0.2916
vn 0.0467 0.9727 -0.2273
vn 0.0112 0.9834 -0.1813
vn -0.0218 0.9903 -0.1373
vn -0.0801 0.9579 -0.2759
vn 0.0232 0.9720 -0.2337
vn 0.0530 0.9810 -0.1866
vn 0.0364 0.9893 -0.1413
vn 0.0090 0.9950 -0.0991
vn -0.0429 0.9910 -0.1270
vn 0.0445 0.9905 -0.1305
vn 0.0850 0.9912 -0.1017
vn 0.0894 0.9942 -0.0598
vn 0.0774 0.9968 -0.0203
vn 0.0451 0.9977 0.0507
vn 0.1121 0.9931 0.0358
vn 0.1589 0.9854 0.0606
vn 0.1874 0.9775 0.0966
vn 0.2005 0.9714 0.1270
vn 0.1345 0.9596 0.2471
vn 0.1839 0.9487 0.2571
vn 0.2462 0.9253 0.2885
vn 0.3037 0.9006 0.3110
vn 0.3472 0.8828 0.3165
vn -0.9429 0.2764 0.1860
vn -0.8723 0.4275 0.2374
vn -0.8130 0.4769 0.3342
vn -0.7459 0.4869 0.4545
vn -0.6622 0.4908 0.5663
vn -0.8477 0.4326 0.3070
vn -0.8322 0.4809 0.2759
vn -0.7907 0.5179 0.3266
vn -0.7233 0.5365 0.4348
vn -0.6320 0.5413 0.5545
vn -0.7470 0.5837 0.3182
vn -0.7631 0.5814 0.2821
vn -0.7312 0.6059 0.3134
vn -0.6630 0.6313 0.4023
vn -0.5698 0.6419 0.5131
vn -0.6206 0.7335 0.2772
vn -0.6342 0.7300 0.2547
vn -0.5966 0.7539 0.2751
vn -0.5278 0.7804 0.3353
vn -0.4423 0.7938 0.4175
vn -0.4606 0.8584 0.2259
vn -0.4387 0.8730 0.2129
vn -0.3871 0.8974 0.2120
vn -0.3259 0.9161 0.2336
vn -0.2642 0.9248 0.2738
vn -0.1705 0.3208 0.9317
vn -0.2462 0.4834 0.8401
vn -0.2171 0.6275 0.7477
vn -0.1621 0.7722 0.6144
vn -0.1163 0.8954 0.4297
vn -0.2300 0.4787 0.8473
vn -0.2553 0.5051 0.8244
vn -0.2322 0.6081 0.7591
vn -0.1787 0.7608 0.6239
vn -0.1201 0.8991 0.4210
vn -0.3102 0.5350 0.7859
vn -0.2921 0.5230 0.8007
vn -0.2583 0.6027 0.7550
vn -0.1996 0.7544 0.6254
vn -0.1266 0.9001 0.4168
vn -0.4153 0.5350 0.7357
vn -0.3735 0.5328 0.7593
vn -0.3231 0.6143 0.7199
vn -0.2469 0.7643 0.5957
vn -0.1499 0.9081 0.3910
vn -0.5298 0.5077 0.6793
vn -0.4828 0.5350 0.6933
vn -0.4229 0.6289 0.6524
vn -0.3228 0.7815 0.5340
vn -0.1914 0.9185 0.3460
vn -0.0083 0.8774 -0.4796
vn 0.0372 0.9164 -0.3986
vn 0.0807 0.9422 -0.3252
vn 0.1192 0.9570 -0.2643
vn 0.1543 0.9648 -0.2130
vn -0.0452 0.9091 -0.4142
vn 0.0137 0.9324 -0.3611
vn 0.0638 0.9516 -0.3006
vn 0.1041 0.9640 -0.2447
vn 0.1397 0.9713 -0.1927
vn -0.0650 0.9561 -0.2859
vn -0.0070 0.9653 -0.2610
vn 0.0391 0.9737 -0.2246
vn 0.0757 0.9800 -0.1839
vn 0.1068 0.9841 -0.1418
vn -0.0759 0.9924 -0.0967
vn -0.0281 0.9945 -0.1004
vn 0.0059 0.9960 -0.0888
vn 0.0318 0.9970 -0.0701
vn 0.0510 0.9975 -0.0486
vn -0.0832 0.9867 0.1394
vn -0.0574 0.9921 0.1115
vn -0.0400 0.9935 0.1062
vn -0.0316 0.9944 0.1004
vn -0.0334 0.9951 0.0929
vn 0.3809 0.9245 0.0154
vn 0.2956 0.9518 0.0821
vn 0.1657 0.9781 0.1260
vn -0.0101 0.9880 0.1542
vn -0.2150 0.9608 0.1750
vn 0.3386 0.9404 -0.0319
vn 0.2880 0.9571 0.0318
vn 0.1941 0.9778 0.0790
vn 0.0479 0.9921 0.1157
vn -0.1493 0.9774 0.1493
vn 0.2854 0.9553 -0.0767
vn 0.2527 0.9672 -0.0257
vn 0.1860 0.9824 0.0192
vn 0.0698 0.9955 0.0648
vn -0.1023 0.9879 0.1165
vn 0.2381 0.9639 -0.1191
vn 0.2146 0.9734 -0.0805
vn 0.1634 0.9858 -0.0394
vn 0.0712 0.9973 0.0166
vn -0.0710 0.9931 0.0928
vn 0.1979 0.9672 -0.1592
vn 0.1807 0.9747 -0.1318
vn 0.1391 0.9862 -0.0897
vn 0.0651 0.9977 -0.0195
vn -0.0500 0.9952 0.0839
vn 0.5109 0.8543 -0.0960
vn 0.5139 0.8303 -0.2156
vn 0.5055 0.8040 -0.3129
vn 0.4901 0.7796 -0.3899
vn 0.4660 0.7626 -0.4487
vn 0.5802 0.8048 -0.1248
vn 0.5588 0.7985 -0.2241
vn 0.5396 0.7814 -0.3135
vn 0.5193 0.7599 -0.3910
vn 0.4911 0.7412 -0.4575
vn 0.6459 0.7418 -0.1804
vn 0.6193 0.7411 -0.2591
vn 0.5969 0.7291 -0.3348
vn 0.5721 0.7106 -0.4095
vn 0.5377 0.6932 -0.4799
vn 0.7029 0.6737 -0.2282
vn 0.6824 0.6710 -0.2900
vn 0.6638 0.6569 -0.3575
vn 0.6355 0.6392 -0.4330
vn 0.5927 0.6244 -0.5088
vn 0.7534 0.6054 -0.2568
vn 0.7446 0.5957 -0.3012
vn 0.7291 0.5772 -0.3678
vn 0.6957 0.5599 -0.4500
vn 0.6433 0.5477 -0.5350
vn 0.1058 0.8075 -0.5802
vn 0.1748 0.7528 -0.6346
vn 0.2340 0.6914 -0.6836
vn 0.2720 0.6284 -0.7288
vn 0.2845 0.5652 -0.7744
vn 0.1875 0.8043 -0.5638
vn 0.2259 0.7520 -0.6193
vn 0.2681 0.6902 -0.6721
vn 0.3018 0.6234 -0.7213
vn 0.3186 0.5533 -0.7697
vn 0.2791 0.7891 -0.5472
vn 0.3050 0.7427 -0.5961
vn 0.3356 0.6861 -0.6454
vn 0.3653 0.6193 -0.6950
vn 0.3844 0.5464 -0.7440
vn 0.3567 0.7719 -0.5263
vn 0.3793 0.7327 -0.5651
vn 0.4101 0.6816 -0.6060
vn 0.4430 0.6158 -0.6516
vn 0.4678 0.5422 -0.6980
vn 0.4162 0.7598 -0.4994
vn 0.4373 0.7307 -0.5243
vn 0.4744 0.6823 -0.5563
vn 0.5159 0.6158 -0.5956
vn 0.5511 0.5412 -0.6351
vn 0.0887 0.0928 -0.9917
vn 0.2269 0.1317 -0.9650
vn 0.3725 0.1742 -0.9116
vn 0.5097 0.2084 -0.8347
vn 0.6291 0.2245 -0.7442
vn 0.1187 0.1896 -0.9747
vn 0.2373 0.1915 -0.9524
vn 0.3693 0.2085 -0.9056
vn 0.5029 0.2314 -0.8328
vn 0.6264 0.2480 -0.7390
vn 0.1728 0.3000 -0.9382
vn 0.2689 0.2850 -0.9200
vn 0.3773 0.2829 -0.8818
vn 0.4974 0.2917 -0.8170
vn 0.6155 0.3018 -0.7280
vn 0.2273 0.3988 -0.8884
vn 0.3013 0.3777 -0.8755
vn 0.3887 0.3688 -0.8443
vn 0.4936 0.3684 -0.7878
vn 0.6016 0.3711 -0.7074
vn 0.2708 0.4807 -0.8340
vn 0.3216 0.4598 -0.8278
vn 0.3953 0.4502 -0.8006
vn 0.4884 0.4456 -0.7503
vn 0.5846 0.4445 -0.6787
vn 0.9910 0.0770 -0.1091
vn 0.9657 0.2064 -0.1578
vn 0.9237 0.3257 -0.2016
vn 0.8717 0.4281 -0.2386
vn 0.8166 0.5139 -0.2628
vn 0.9702 0.0839 -0.2272
vn 0.9530 0.1973 -0.2298
vn 0.9196 0.3046 -0.2482
vn 0.8733 0.4024 -0.2747
vn 0.8180 0.4922 -0.2977
vn 0.9217 0.1257 -0.3669
vn 0.9128 0.2160 -0.3465
vn 0.8887 0.3014 -0.3454
vn 0.8503 0.3866 -0.3570
vn 0.8003 0.4719 -0.3698
vn 0.8479 0.1733 -0.5010
vn 0.8470 0.2393 -0.4747
vn 0.8298 0.3054 -0.4671
vn 0.7994 0.3790 -0.4662
vn 0.7584 0.4572 -0.4645
vn 0.7582 0.2119 -0.6167
vn 0.7618 0.2517 -0.5968
vn 0.7480 0.3072 -0.5883
vn 0.7251 0.3751 -0.5776
vn 0.6942 0.4487 -0.5628
vn 0.4919 0.8645 0.1036
vn 0.5660 0.8078 0.1646
vn 0.6344 0.7409 0.2205
vn 0.6961 0.6703 0.2572
vn 0.7540 0.5994 0.2688
vn 0.4878 0.8516 0.1919
vn 0.5578 0.8002 0.2202
vn 0.6276 0.7352 0.2561
vn 0.6928 0.6618 0.2865
vn 0.7537 0.5840 0.3015
vn 0.4857 0.8247 0.2897
vn 0.5464 0.7800 0.3051
vn 0.6098 0.7219 0.3272
vn 0.6738 0.6503 0.3509
vn 0.7347 0.5711 0.3662
vn 0.4789 0.7943 0.3738
vn 0.5280 0.7566 0.3856
vn 0.5815 0.7048 0.4064
vn 0.6403 0.6360 0.4306
vn 0.6975 0.5582 0.4493
vn 0.4646 0.7682 0.4404
vn 0.4988 0.7399 0.4514
vn 0.5428 0.6911 0.4773
vn 0.5944 0.6235 0.5079
vn 0.6436 0.5474 0.5349
vn 0.9919 0.0956 0.0836
vn 0.9655 0.1336 0.2234
vn 0.9130 0.1736 0.3692
vn 0.8372 0.2069 0.5063
vn 0.7472 0.2240 0.6257
vn 0.9749 0.1960 0.1054
vn 0.9541 0.1950 0.2275
vn 0.9094 0.2092 0.3596
vn 0.8394 0.2307 0.4921
vn 0.7481 0.2478 0.6156
vn 0.9373 0.3119 0.1556
vn 0.9219 0.2923 0.2545
vn 0.8869 0.2867 0.3623
vn 0.8266 0.2932 0.4805
vn 0.7419 0.3025 0.5984
vn 0.8844 0.4172 0.2093
vn 0.8754 0.3908 0.2845
vn 0.8487 0.3777 0.3702
vn 0.7980 0.3736 0.4728
vn 0.7236 0.3733 0.5806
vn 0.8246 0.5056 0.2538
vn 0.8230 0.4800 0.3039
vn 0.8014 0.4655 0.3756
vn 0.7583 0.4552 0.4667
vn 0.6940 0.4483 0.5633
vn 0.1134 0.0769 0.9906
vn 0.1692 0.2036 0.9643
vn 0.2162 0.3163 0.9237
vn 0.2544 0.4107 0.8756
vn 0.2789 0.4887 0.8267
vn 0.2310 0.0842 0.9693
vn 0.2405 0.1950 0.9509
vn 0.2636 0.2970 0.9178
vn 0.2922 0.3878 0.8742
vn 0.3156 0.4703 0.8242
vn 0.3705 0.1271 0.9201
vn 0.3571 0.2151 0.9090
vn 0.3615 0.2967 0.8839
vn 0.3764 0.3765 0.8465
vn 0.3898 0.4556 0.8003
vn 0.5046 0.1747 0.8455
vn 0.4857 0.2391 0.8408
vn 0.4842 0.3032 0.8207
vn 0.4873 0.3733 0.7894
vn 0.4864 0.4473 0.7506
vn 0.6203 0.2118 0.7552
vn 0.6079 0.2510 0.7533
vn 0.6056 0.3060 0.7346
vn 0.5987 0.3727 0.7090
vn 0.5842 0.4448 0.6789
vn 0.1000 0.7959 0.5971
vn 0.2123 0.7832 0.5844
vn 0.3034 0.7691 0.5625
vn 0.3739 0.7578 0.5347
vn 0.4249 0.7549 0.4997
vn 0.1377 0.7474 0.6500
vn 0.2287 0.7509 0.6196
vn 0.3119 0.7454 0.5892
vn 0.3836 0.7370 0.5565
vn 0.4427 0.7331 0.5164
vn 0.1969 0.6897 0.6968
vn 0.2696 0.6966 0.6649
vn 0.3413 0.6944 0.6335
vn 0.4121 0.6881 0.5973
vn 0.4766 0.6848 0.5513
vn 0.2453 0.6295 0.7372
vn 0.3043 0.6322 0.7125
vn 0.3707 0.6262 0.6859
vn 0.4448 0.6192 0.6472
vn 0.5165 0.6168 0.5940
vn 0.2734 0.5696 0.7751
vn 0.3180 0.5636 0.7624
vn 0.3856 0.5521 0.7393
vn 0.4683 0.5438 0.6964
vn 0.5512 0.5414 0.6348
vn -0.9438 0.2743 -0.1846
vn -0.8636 0.4114 -0.2914
vn -0.7722 0.5668 -0.2872
vn -0.6363 0.7307 -0.2472
vn -0.4548 0.8653 -0.2107
vn -0.8637 0.4382 -0.2492
vn -0.8334 0.4620 -0.3032
vn -0.7594 0.5754 -0.3037
vn -0.6155 0.7428 -0.2635
vn -0.4121 0.8869 -0.2086
vn -0.7978 0.5010 -0.3353
vn -0.7931 0.5010 -0.3464
vn -0.7297 0.5957 -0.3356
vn -0.5842 0.7591 -0.2871
vn -0.3734 0.9032 -0.2116
vn -0.7365 0.5109 -0.4434
vn -0.7323 0.5242 -0.4347
vn -0.6687 0.6210 -0.4088
vn -0.5259 0.7797 -0.3399
vn -0.3227 0.9172 -0.2338
vn -0.6649 0.5013 -0.5537
vn -0.6446 0.5377 -0.5434
vn -0.5762 0.6385 -0.5103
vn -0.4434 0.7931 -0.4177
vn -0.2640 0.9248 -0.2739
vn 0.3777 0.9248 -0.0468
vn 0.3183 0.9480 0.0062
vn 0.2685 0.9613 0.0611
vn 0.2275 0.9673 0.1119
vn 0.1922 0.9682 0.1598
vn 0.3112 0.9432 -0.1162
vn 0.2824 0.9588 -0.0313
vn 0.2458 0.9686 0.0368
vn 0.2105 0.9733 0.0913
vn 0.1761 0.9743 0.1404
vn 0.1895 0.9695 -0.1555
vn 0.1942 0.9787 -0.0672
vn 0.1821 0.9833 -0.0012
vn 0.1619 0.9855 0.0504
vn 0.1373 0.9859 0.0952
vn 0.0179 0.9845 -0.1744
vn 0.0549 0.9935 -0.1000
vn 0.0688 0.9964 -0.0489
vn 0.0703 0.9975 -0.0098
vn 0.0645 0.9977 0.0214
vn -0.1912 0.9650 -0.1794
vn -0.1305 0.9821 -0.1360
vn -0.0964 0.9896 -0.1068
vn -0.0702 0.9935 -0.0894
vn -0.0500 0.9953 -0.0834
vn 0.0109 0.8766 0.4811
vn -0.0199 0.9201 0.3913
vn -0.0416 0.9670 0.2513
vn -0.0588 0.9967 0.0566
vn -0.0787 0.9822 -0.1708
vn 0.0499 0.9043 0.4240
vn 0.0126 0.9298 0.3678
vn -0.0154 0.9650 0.2617
vn -0.0394 0.9948 0.0935
vn -0.0671 0.9887 -0.1338
vn 0.0881 0.9330 0.3489
vn 0.0551 0.9490 0.3104
vn 0.0256 0.9726 0.2310
vn -0.0062 0.9958 0.0917
vn -0.0474 0.9925 -0.1131
vn 0.1224 0.9522 0.2800
vn 0.0961 0.9634 0.2504
vn 0.0675 0.9802 0.1863
vn 0.0266 0.9971 0.0717
vn -0.0342 0.9943 -0.1014
vn 0.1531 0.9631 0.2213
vn 0.1332 0.9709 0.1988
vn 0.1027 0.9842 0.1442
vn 0.0494 0.9976 0.0491
vn -0.0338 0.9951 -0.0930
vn -0.1725 0.3247 -0.9300
vn -0.2186 0.4662 -0.8572
vn -0.3089 0.5113 -0.8020
vn -0.4257 0.5130 -0.7454
vn -0.5417 0.4993 -0.6762
vn -0.2632 0.5133 -0.8168
vn -0.2298 0.5163 -0.8250
vn -0.2733 0.5351 -0.7994
vn -0.3732 0.5460 -0.7501
vn -0.4933 0.5423 -0.6801
vn -0.2467 0.6581 -0.7114
vn -0.2130 0.6066 -0.7659
vn -0.2382 0.6066 -0.7585
vn -0.3171 0.6241 -0.7141
vn -0.4254 0.6343 -0.6455
vn -0.1885 0.7858 -0.5890
vn -0.1709 0.7423 -0.6479
vn -0.1887 0.7434 -0.6417
vn -0.2427 0.7636 -0.5983
vn -0.3227 0.7823 -0.5327
vn -0.1288 0.8920 -0.4333
vn -0.1228 0.8825 -0.4540
vn -0.1264 0.8917 -0.4347
vn -0.1496 0.9062 -0.3955
vn -0.1914 0.9184 -0.3463
vn -0.1058 0.8075 0.5802
vn -0.1748 0.7528 0.6346
vn -0.2340 0.6914 0.6836
vn -0.2720 0.6284 0.7288
vn -0.2845 0.5652 0.7744
vn -0.1875 0.8043 0.5638
vn -0.2260 0.7520 0.6193
vn -0.2681 0.6902 0.6721
vn -0.3018 0.6234 0.7213
vn -0.3186 0.5533 0.7697
vn -0.2791 0.7891 0.5472
vn -0.3051 0.7427 0.5961
vn -0.3356 0.6861 0.6454
vn -0.3653 0.6193 0.6950
vn -0.3845 0.5464 0.7440
vn -0.3567 0.7719 0.5263
vn -0.3793 0.7327 0.5651
vn -0.4101 0.6816 0.6060
vn -0.4430 0.6158 0.6516
vn -0.4678 0.5422 0.6980
vn -0.4163 0.7598 0.4994
vn -0.4373 0.7307 0.5243
vn -0.4744 0.6823 0.5563
vn -0.5159 0.6158 0.5956
vn -0.5511 0.5412 0.6351
vn -0.0887 0.0928 0.9917
vn -0.2269 0.1317 0.9650
vn -0.3725 0.1742 0.9115
vn -0.5097 0.2084 0.8347
vn -0.6291 0.2245 0.7442
vn -0.1186 0.1896 0.9747
vn -0.2373 0.1915 0.9524
vn -0.3693 0.2085 0.9056
vn -0.5028 0.2314 0.8328
vn -0.6264 0.2480 0.7390
vn -0.1728 0.3000 0.9382
vn -0.2688 0.2850 0.9200
vn -0.3773 0.2829 0.8818
vn -0.4974 0.2917 0.8170
vn -0.6155 0.3018 0.7280
vn -0.2273 0.3988 0.8884
vn -0.3013 0.3777 0.8755
vn -0.3887 0.3688 0.8443
vn -0.4936 0.3684 0.7878
vn -0.6016 0.3711 0.7073
vn -0.2708 0.4807 0.8340
vn -0.3216 0.4598 0.8278
vn -0.3953 0.4502 0.8006
vn -0.4884 0.4456 0.7503
vn -0.5846 0.4445 0.6787
vn -0.9910 0.0770 0.1091
vn -0.9657 0.2064 0.1578
vn -0.9237 0.3257 0.2016
vn -0.8717 0.4281 0.2386
vn -0.8166 0.5139 0.2628
vn -0.9702 0.0840 0.2272
vn -0.9530 0.1973 0.2298
vn -0.9196 0.3046 0.2482
vn -0.8733 0.4024 0.2747
vn -0.8180 0.4922 0.2977
vn -0.9217 0.1257 0.3669
vn -0.9128 0.2160 0.3465
vn -0.8887 0.3014 0.3454
vn -0.8503 0.3866 0.3570
vn -0.8004 0.4719 0.3698
vn -0.8479 0.1733 0.5010
vn -0.8470 0.2393 0.4747
vn -0.8298 0.3054 0.4671
vn -0.7994 0.3790 0.4662
vn -0.7584 0.4572 0.4646
vn -0.7582 0.2119 0.6167
vn -0.7618 0.2517 0.5968
vn -0.7480 0.3072 0.5883
vn -0.7250 0.3751 0.5776
vn -0.6942 0.4487 0.5628
vn -0.5109 0.8543 0.0960
vn -0.5139 0.8303 0.2156
vn -0.5056 0.8040 0.3129
vn -0.4901 0.7796 0.3898
vn -0.4660 0.7626 0.4487
vn -0.5802 0.8049 0.1248
vn -0.5588 0.7985 0.2241
vn -0.5396 0.7814 0.3135
vn -0.5193 0.7599 0.3910
vn -0.4911 0.7412 0.4575
vn -0.6459 0.7418 0.1804
vn -0.6194 0.7411 0.2591
vn -0.5969 0.7291 0.3348
vn -0.5722 0.7106 0.4095
vn -0.5377 0.6932 0.4799
vn -0.7029 0.6737 0.2282
vn -0.6824 0.6710 0.2900
vn -0.6638 0.6569 0.3575
vn -0.6355 0.6392 0.4330
vn -0.5927 0.6244 0.5088
vn -0.7534 0.6054 0.2568
vn -0.7446 0.5956 0.3012
vn -0.7291 0.5772 0.3678
vn -0.6957 0.5599 0.4500
vn -0.6433 0.5477 0.5350
vn 0.1705 0.3208 -0.9317
vn 0.2462 0.4834 -0.8401
vn 0.2171 0.6275 -0.7477
vn 0.1621 0.7722 -0.6144
vn 0.1163 0.8954 -0.4297
vn 0.2300 0.4787 -0.8473
vn 0.2553 0.5051 -0.8244
vn 0.2322 0.6081 -0.7591
vn 0.1787 0.7608 -0.6239
vn 0.1201 0.8991 -0.4209
vn 0.3102 0.5350 -0.7859
vn 0.2921 0.5230 -0.8007
vn 0.2583 0.6027 -0.7550
vn 0.1996 0.7543 -0.6254
vn 0.1266 0.9002 -0.4168
vn 0.4153 0.5350 -0.7357
vn 0.3735 0.5328 -0.7593
vn 0.3231 0.6143 -0.7199
vn 0.2469 0.7643 -0.5957
vn 0.1499 0.9081 -0.3910
vn 0.5299 0.5077 -0.6793
vn 0.4828 0.5350 -0.6933
vn 0.4228 0.6289 -0.6525
vn 0.3228 0.7815 -0.5340
vn 0.1914 0.9185 -0.3460
vn 0.0083 0.8774 0.4796
vn -0.0372 0.9164 0.3986
vn -0.0807 0.9422 0.3252
vn -0.1192 0.9570 0.2643
vn -0.1543 0.9648 0.2130
vn 0.0452 0.9091 0.4141
vn -0.0137 0.9324 0.3611
vn -0.0637 0.9516 0.3006
vn -0.1041 0.9640 0.2447
vn -0.1397 0.9713 0.1927
vn 0.0650 0.9561 0.2859
vn 0.0070 0.9653 0.2610
vn -0.0391 0.9737 0.2246
vn -0.0757 0.9800 0.1839
vn -0.1068 0.9841 0.1418
vn 0.0759 0.9924 0.0967
vn 0.0281 0.9945 0.1004
vn -0.0059 0.9960 0.0888
vn -0.0318 0.9970 0.0701
vn -0.0510 0.9975 0.0486
vn 0.0832 0.9867 -0.1394
vn 0.0574 0.9921 -0.1115
vn 0.0400 0.9935 -0.1062
vn 0.0316 0.9944 -0.1004
vn 0.0334 0.9951 -0.0929
vn -0.3809 0.9245 -0.0154
vn -0.2956 0.9518 -0.0821
vn -0.1657 0.9781 -0.1260
vn 0.0102 0.9880 -0.1542
vn 0.2150 0.9608 -0.1751
vn -0.3385 0.9404 0.0319
vn -0.2880 0.9571 -0.0318
vn -0.1940 0.9778 -0.0790
vn -0.0480 0.9921 -0.1157
vn 0.1493 0.9774 -0.1493
vn -0.2854 0.9553 0.0767
vn -0.2527 0.9672 0.0257
vn -0.1860 0.9824 -0.0192
vn -0.0698 0.9955 -0.0648
vn 0.1023 0.9879 -0.1165
vn -0.2381 0.9639 0.1191
vn -0.2145 0.9734 0.0805
vn -0.1634 0.9858 0.0394
vn -0.0712 0.9973 -0.0166
vn 0.0711 0.9931 -0.0928
vn -0.1979 0.9672 0.1591
vn -0.1807 0.9747 0.1318
vn -0.1391 0.9862 0.0897
vn -0.0650 0.9977 0.0195
vn 0.0499 0.9952 -0.0839
vn 0.9429 0.2764 -0.1860
vn 0.8723 0.4275 -0.2374
vn 0.8130 0.4769 -0.3342
vn 0.7459 0.4869 -0.4545
vn 0.6622 0.4908 -0.5663
vn 0.8477 0.4326 -0.3070
vn 0.8322 0.4810 -0.2759
vn 0.7907 0.5179 -0.3266
vn 0.7233 0.5365 -0.4348
vn 0.6320 0.5413 -0.5545
vn 0.7470 0.5837 -0.3182
vn 0.7631 0.5814 -0.2821
vn 0.7312 0.6059 -0.3134
vn 0.6630 0.6313 -0.4023
vn 0.5698 0.6419 -0.5131
vn 0.6206 0.7335 -0.2772
vn 0.6342 0.7301 -0.2546
vn 0.5966 0.7539 -0.2751
vn 0.5278 0.7804 -0.3353
vn 0.4423 0.7938 -0.4174
vn 0.4606 0.8584 -0.2259
vn 0.4387 0.8730 -0.2128
vn 0.3871 0.8974 -0.2120
vn 0.3260 0.9161 -0.2336
vn 0.2642 0.9248 -0.2738
vn -0.4919 0.8645 -0.1036
vn -0.5660 0.8078 -0.1646
vn -0.6344 0.7409 -0.2205
vn -0.6961 0.6703 -0.2572
vn -0.7540 0.5994 -0.2688
vn -0.4878 0.8516 -0.1919
vn -0.5578 0.8002 -0.2202
vn -0.6276 0.7352 -0.2561
vn -0.6928 0.6618 -0.2865
vn -0.7537 0.5841 -0.3015
vn -0.4857 0.8247 -0.2897
vn -0.5464 0.7800 -0.3051
vn -0.6098 0.7219 -0.3272
vn -0.6738 0.6503 -0.3509
vn -0.7347 0.5711 -0.3662
vn -0.4789 0.7943 -0.3738
vn -0.5280 0.7566 -0.3856
vn -0.5815 0.7048 -0.4064
vn -0.6403 0.6360 -0.4306
vn -0.6975 0.5582 -0.4493
vn -0.4646 0.7682 -0.4404
vn -0.4987 0.7399 -0.4514
vn -0.5428 0.6911 -0.4773
vn -0.5944 0.6235 -0.5079
vn -0.6436 0.5474 -0.5349
vn -0.9919 0.0955 -0.0836
vn -0.9655 0.1336 -0.2234
vn -0.9130 0.1736 -0.3692
vn -0.8372 0.2069 -0.5063
vn -0.7472 0.2240 -0.6257
vn -0.9749 0.1960 -0.1054
vn -0.9541 0.1950 -0.2275
vn -0.9094 0.2092 -0.3596
vn -0.8394 0.2307 -0.4921
vn -0.7481 0.2478 -0.6156
vn -0.9373 0.3119 -0.1556
vn -0.9219 0.2922 -0.2545
vn -0.8869 0.2867 -0.3623
vn -0.8266 0.2932 -0.4804
vn -0.7419 0.3025 -0.5984
vn -0.8844 0.4172 -0.2093
vn -0.8754 0.3908 -0.2845
vn -0.8487 0.3777 -0.3702
vn -0.7980 0.3736 -0.4728
vn -0.7236 0.3733 -0.5806
vn -0.8246 0.5056 -0.2538
vn -0.8230 0.4799 -0.3039
vn -0.8014 0.4655 -0.3756
vn -0.7583 0.4552 -0.4667
vn -0.6940 0.4483 -0.5633
vn -0.1133 0.0769 -0.9906
vn -0.1692 0.2036 -0.9643
vn -0.2162 0.3163 -0.9237
vn -0.2544 0.4107 -0.8756
vn -0.2789 0.4887 -0.8267
vn -0.2310 0.0842 -0.9693
vn -0.2405 0.1950 -0.9509
vn -0.2636 0.2970 -0.9178
vn -0.2922 0.3878 -0.8742
vn -0.3156 0.4703 -0.8242
vn -0.3705 0.1271 -0.9201
vn -0.3571 0.2151 -0.9090
vn -0.3615 0.2967 -0.8839
vn -0.3764 0.3765 -0.8465
vn -0.3898 0.4556 -0.8003
vn -0.5046 0.1747 -0.8455
vn -0.4857 0.2391 -0.8408
vn -0.4842 0.3032 -0.8207
vn -0.4873 0.3733 -0.7894
vn -0.4864 0.4473 -0.7505
vn -0.6203 0.2118 -0.7552
vn -0.6079 0.2510 -0.7533
vn -0.6056 0.3059 -0.7346
vn -0.5987 0.3727 -0.7090
vn -0.5842 0.4448 -0.6789
vn -0.1000 0.7959 -0.5971
vn -0.2122 0.7832 -0.5844
vn -0.3034 0.7691 -0.5625
vn -0.3739 0.7578 -0.5347
vn -0.4249 0.7549 -0.4997
vn -0.1377 0.7474 -0.6500
vn -0.2286 0.7509 -0.6196
vn -0.3119 0.7454 -0.5892
vn -0.3836 0.7370 -0.5565
vn -0.4427 0.7331 -0.5164
vn -0.1969 0.6897 -0.6968
vn -0.2696 0.6966 -0.6649
vn -0.3413 0.6944 -0.6335
vn -0.4121 0.6881 -0.5973
vn -0.4766 0.6848 -0.5513
vn -0.2453 0.6296 -0.7372
vn -0.3043 0.6322 -0.7125
vn -0.3707 0.6262 -0.6859
vn -0.4448 0.6192 -0.6472
vn -0.5165 0.6168 -0.5940
vn -0.2734 0.5696 -0.7751
vn -0.3180 0.5636 -0.7624
vn -0.3856 0.5521 -0.7393
vn -0.4683 0.5438 -0.6964
vn -0.5513 0.5414 -0.6348
vn 0.9438 0.2743 0.1846
vn 0.8636 0.4114 0.2915
vn 0.7722 0.5668 0.2872
vn 0.6363 0.7307 0.2472
vn 0.4547 0.8653 0.2107
vn 0.8637 0.4382 0.2492
vn 0.8334 0.4620 0.3032
vn 0.7594 0.5754 0.3037
vn 0.6155 0.7428 0.2635
vn 0.4121 0.8869 0.2086
vn 0.7978 0.5010 0.3353
vn 0.7931 0.5010 0.3464
vn 0.7297 0.5957 0.3356
vn 0.5841 0.7592 0.2871
vn 0.3734 0.9032 0.2116
vn 0.7365 0.5109 0.4434
vn 0.7323 0.5242 0.4347
vn 0.6687 0.6210 0.4088
vn 0.5259 0.7796 0.3399
vn 0.3227 0.9172 0.2338
vn 0.6649 0.5013 0.5537
vn 0.6446 0.5377 0.5434
vn 0.5762 0.6385 0.5103
vn 0.4434 0.7931 0.4177
vn 0.2639 0.9248 0.2739
vn -0.3777 0.9248 0.0468
vn -0.3183 0.9480 -0.0062
vn -0.2685 0.9613 -0.0611
vn -0.2275 0.9673 -0.1119
vn -0.1923 0.9682 -0.1598
vn -0.3112 0.9432 0.1162
vn -0.2824 0.9588 0.0313
vn -0.2458 0.9686 -0.0368
vn -0.2105 0.9733 -0.0913
vn -0.1761 0.9743 -0.1404
vn -0.1895 0.9695 0.1555
vn -0.1942 0.9787 0.0672
vn -0.1821 0.9833 0.0012
vn -0.1619 0.9855 -0.0504
vn -0.1373 0.9859 -0.0952
vn -0.0179 0.9845 0.1744
vn -0.0549 0.9935 0.1000
vn -0.0689 0.9964 0.0489
vn -0.0703 0.9975 0.0098
vn -0.0645 0.9977 -0.0214
vn 0.1912 0.9650 0.1794
vn 0.1305 0.9821 0.1360
vn 0.0964 0.9896 0.1067
vn 0.0702 0.9935 0.0894
vn 0.0500 0.9953 0.0834
vn -0.0109 0.8766 -0.4811
vn 0.0199 0.9201 -0.3913
vn 0.0416 0.9670 -0.2513
vn 0.0588 0.9967 -0.0566
vn 0.0787 0.9822 0.1708
vn -0.0499 0.9043 -0.4240
vn -0.0126 0.9298 -0.3678
vn 0.0154 0.9650 -0.2617
vn 0.0394 0.9948 -0.0935
vn 0.0671 0.9887 0.1338
vn -0.0881 0.9330 -0.3489
vn -0.0551 0.9490 -0.3104
vn -0.0256 0.9726 -0.2310
vn 0.0062 0.9958 -0.0917
vn 0.0474 0.9925 0.1131
vn -0.1224 0.9522 -0.2800
vn -0.0961 0.9634 -0.2504
vn -0.0676 0.9802 -0.1863
vn -0.0266 0.9971 -0.0717
vn 0.0342 0.9943 0.1014
vn -0.1531 0.9631 -0.2213
vn -0.1332 0.9709 -0.1988
vn -0.1027 0.9842 -0.1442
vn -0.0494 0.9976 -0.0491
vn 0.0338 0.9951 0.0930
vn 0.1725 0.3246 0.9300
vn 0.2187 0.4662 0.8572
vn 0.3089 0.5113 0.8020
vn 0.4257 0.5130 0.7454
vn 0.5417 0.4993 0.6762
vn 0.2632 0.5133 0.8168
vn 0.2298 0.5163 0.8250
vn 0.2733 0.5351 0.7993
vn 0.3732 0.5460 0.7501
vn 0.4933 0.5423 0.6801
vn 0.2467 0.6581 0.7114
vn 0.2130 0.6066 0.7659
vn 0.2382 0.6066 0.7585
vn 0.3171 0.6241 0.7141
vn 0.4254 0.6343 0.6454
vn 0.1885 0.7858 0.5890
vn 0.1709 0.7424 0.6479
vn 0.1887 0.7434 0.6417
vn 0.2427 0.7636 0.5983
vn 0.3227 0.7823 0.5327
vn 0.1288 0.8920 0.4333
vn 0.1228 0.8825 0.4540
vn 0.1264 0.8917 0.4347
vn 0.1496 0.9062 0.3955
vn 0.1914 0.9184 0.3463
vn -0.0000 0.0680 0.9977
vn -0.0000 0.1716 0.9852
vn -0.0000 0.2698 0.9629
vn -0.0000 0.3568 0.9342
vn -0.0000 0.4307 0.9025
vn -0.0000 0.5120 0.8590
vn -0.0000 0.5794 0.8151
vn -0.0000 0.6516 0.7586
vn -0.0000 0.7245 0.6893
vn -0.0000 0.7924 0.6100
vn -0.0000 0.7924 -0.6100
vn -0.0000 0.7245 -0.6893
vn -0.0000 0.6516 -0.7586
vn -0.0000 0.5794 -0.8151
vn -0.0000 0.5120 -0.8590
vn -0.0000 0.4307 -0.9025
vn -0.0000 0.3568 -0.9342
vn -0.0000 0.2698 -0.9629
vn -0.0000 0.1716 -0.9852
vn -0.0000 0.0680 -0.9977
vn 0.5120 0.8590 -0.0000
vn 0.6076 0.7943 -0.0000
vn 0.6936 0.7203 -0.0000
vn 0.7652 0.6438 -0.0000
vn 0.8215 0.5702 -0.0000
vn 0.8774 0.4797 -0.0000
vn 0.9180 0.3965 -0.0000
vn 0.9545 0.2982 -0.0000
vn 0.9821 0.1882 -0.0000
vn 0.9973 0.0738 -0.0000
vn -0.9973 0.0738 -0.0000
vn -0.9821 0.1882 -0.0000
vn -0.9545 0.2983 -0.0000
vn -0.9180 0.3965 -0.0000
vn -0.8774 0.4798 -0.0000
vn -0.8215 0.5702 -0.0000
vn -0.7652 0.6438 -0.0000
vn -0.6936 0.7203 -0.0000
vn -0.6076 0.7943 -0.0000
vn -0.5120 0.8590 -0.0000
vn 0.0821 0.0002 -0.9966
vn 0.2323 0.0004 -0.9727
vn 0.3827 0.0003 -0.9239
vn 0.5235 0.0004 -0.8520
vn 0.6466 0.0002 -0.7628
vn 0.7628 0.0002 -0.6466
vn 0.8520 0.0004 -0.5235
vn 0.9239 0.0003 -0.3827
vn 0.9727 0.0004 -0.2323
vn 0.9966 0.0002 -0.0821
vn 0.0821 0.0002 0.9966
vn 0.2323 0.0004 0.9727
vn 0.3827 0.0003 0.9239
vn 0.5235 0.0004 0.8520
vn 0.6466 0.0002 0.7628
vn 0.7628 0.0002 0.6466
vn 0.8520 0.0004 0.5235
vn 0.9239 0.0003 0.3827
vn 0.9727 0.0004 0.2323
vn 0.9966 0.0002 0.0821
vn -0.9966 0.0002 0.0821
vn -0.9727 0.0004 0.2323
vn -0.9239 0.0003 0.3827
vn -0.8520 0.0004 0.5235
vn -0.7628 0.0002 0.6466
vn -0.6467 0.0002 0.7628
vn -0.5235 0.0004 0.8520
vn -0.3827 0.0003 0.9239
vn -0.2323 0.0004 0.9727
vn -0.0821 0.0002 0.9966
vn -0.0821 0.0002 -0.9966
vn -0.2323 0.0004 -0.9727
vn -0.3827 0.0003 -0.9239
vn -0.5235 0.0004 -0.8520
vn -0.6467 0.0002 -0.7628
vn -0.7628 0.0002 -0.6467
vn -0.8520 0.0004 -0.5235
vn -0.9239 0.0003 -0.3827
vn -0.9727 0.0004 -0.2322
vn -0.9966 0.0002 -0.0821
vn -0.0000 0.8558 0.5172
vn -0.0000 0.8876 0.4606
vn -0.0000 0.9136 0.4067
vn -0.0000 0.9338 0.3578
vn -0.0000 0.9492 0.3146
vn -0.0000 0.9643 0.2647
vn -0.0000 0.9754 0.2203
vn -0.0000 0.9857 0.1684
vn -0.0000 0.9940 0.1091
vn -0.0000 0.9990 0.0444
vn -0.0000 0.9990 -0.0444
vn -0.0000 0.9940 -0.1091
vn -0.0000 0.9857 -0.1684
vn -0.0000 0.9754 -0.2203
vn -0.0000 0.9643 -0.2647
vn -0.0000 0.9492 -0.3146
vn -0.0000 0.9338 -0.3578
vn -0.0000 0.9136 -0.4067
vn -0.0000 0.8876 -0.4606
vn -0.0000 0.8558 -0.5172
vn 0.0356 0.9994 -0.0000
vn 0.0870 0.9962 -0.0000
vn 0.1339 0.9910 -0.0000
vn 0.1749 0.9846 -0.0000
vn 0.2099 0.9777 -0.0000
vn 0.2495 0.9684 -0.0000
vn 0.2839 0.9588 -0.0000
vn 0.3234 0.9463 -0.0000
vn 0.3676 0.9300 -0.0000
vn 0.4151 0.9098 -0.0000
vn -0.4151 0.9098 -0.0000
vn -0.3677 0.9300 -0.0000
vn -0.3234 0.9463 -0.0000
vn -0.2839 0.9588 -0.0000
vn -0.2495 0.9684 -0.0000
vn -0.2099 0.9777 -0.0000
vn -0.1749 0.9846 -0.0000
vn -0.1339 0.9910 -0.0000
vn -0.0871 0.9962 -0.0000
vn -0.0356 0.9994 -0.0000
vn 0.0360 0.8530 -0.5207
vn 0.0892 0.8795 -0.4674
vn 0.1385 0.8993 -0.4149
vn 0.1818 0.9127 -0.3661
vn 0.2187 0.9210 -0.3224
vn 0.2599 0.9267 -0.2713
vn 0.2951 0.9285 -0.2254
vn 0.3345 0.9266 -0.1718
vn 0.3768 0.9197 -0.1107
vn 0.4198 0.9065 -0.0447
vn 0.0360 0.8530 0.5206
vn 0.0892 0.8796 0.4673
vn 0.1385 0.8993 0.4149
vn 0.1818 0.9127 0.3661
vn 0.2187 0.9210 0.3224
vn 0.2599 0.9268 0.2712
vn 0.2951 0.9285 0.2254
vn 0.3345 0.9266 0.1718
vn 0.3768 0.9197 0.1107
vn 0.4197 0.9065 0.0447
vn -0.4198 0.9065 0.0447
vn -0.3768 0.9197 0.1107
vn -0.3345 0.9266 0.1718
vn -0.2951 0.9285 0.2254
vn -0.2599 0.9268 0.2712
vn -0.2187 0.9210 0.3224
vn -0.1818 0.9127 0.3661
vn -0.1385 0.8993 0.4149
vn -0.0892 0.8796 0.4673
vn -0.0360 0.8530 0.5206
vn -0.0360 0.8530 -0.5206
vn -0.0892 0.8796 -0.4673
vn -0.1384 0.8993 -0.4149
vn -0.1818 0.9127 -0.3661
vn -0.2187 0.9210 -0.3224
vn -0.2599 0.9267 -0.2712
vn -0.2951 0.9285 -0.2254
vn -0.3345 0.9266 -0.1718
vn -0.3768 0.9197 -0.1107
vn -0.4197 0.9065 -0.0447
vn 0.0360 0.8531 -0.5206
vn 0.0892 0.8796 -0.4674
vn 0.1817 0.9127 -0.3661
vn 0.2599 0.9267 -0.2712
vn -0.9979 -0.0000 0.0644
vn -0.9852 -0.0000 0.1713
vn -0.9609 -0.0000 0.2768
vn -0.8999 -0.0000 0.4362
vn -0.7435 -0.3257 0.5840
vn -0.5803 0.3328 0.7433
vn -0.1250 0.1694 0.9776
vn -0.2714 0.5429 0.7948
vn -0.0830 -0.0000 0.9965
vn 0.0361 0.8530 0.5207
vn 0.0893 0.8795 0.4674
vn 0.2599 0.9267 0.2713
vn 0.2952 0.9285 0.2255
vn 0.4198 0.9065 0.0447
vn 0.0830 -0.0000 0.9965
vn -0.1566 -0.8568 0.4912
vn 0.7071 -0.7071 -0.0000
vn 0.6555 -0.0000 0.7552
vn 0.8827 0.2432 0.4020
vn 0.9660 -0.1294 0.2236
vn 0.9659 0.0604 0.2519
vn 0.9988 -0.0000 0.0484
vn -0.4197 0.9065 0.0447
vn -0.3768 0.9196 0.1107
vn -0.2952 0.9285 0.2255
vn -0.2599 0.9267 0.2713
vn -0.0893 0.8795 0.4674
vn -0.0361 0.8530 0.5207
vn 0.9988 -0.0000 -0.0484
vn 0.9676 -0.0000 -0.2523
vn 0.9609 -0.0000 -0.2768
vn 0.6555 -0.0000 -0.7552
vn -0.2038 -0.0000 -0.9790
vn -0.0000 0.2194 -0.9756
vn -0.0361 0.8530 -0.5207
vn -0.0893 0.8795 -0.4674
vn -0.1385 0.8993 -0.4149
vn -0.2599 0.9267 -0.2713
vn -0.2952 0.9285 -0.2255
vn -0.3768 0.9196 -0.1107
vn -0.4198 0.9065 -0.0447
vn -0.9979 -0.0000 -0.0644
vn -0.9852 -0.0000 -0.1713
vn -0.9609 -0.0000 -0.2768
vn -0.9302 -0.0000 -0.3671
vn -0.6555 -0.0000 -0.7552
vn -0.5603 -0.0000 -0.8283
vn -0.4391 -0.1971 -0.8766
vn -0.0830 -0.0000 -0.9965
vn -0.0000 0.0752 0.9972
vn -0.0000 0.2226 0.9749
vn -0.0000 0.4088 0.9126
vn -0.0000 0.6151 0.7884
vn -0.0000 0.7957 0.6057
vn -0.0000 0.9454 0.3260
vn -0.0000 0.9972 0.0745
vn -0.0000 0.9861 -0.1661
vn -0.0000 0.9347 -0.3556
vn -0.0000 0.8714 -0.4905
vn 0.9968 0.0800 -0.0000
vn 0.9728 0.2318 -0.0000
vn 0.9102 0.4142 -0.0000
vn 0.7955 0.6059 -0.0000
vn 0.6379 0.7701 -0.0000
vn 0.4035 0.9150 -0.0000
vn 0.1862 0.9825 -0.0000
vn -0.0366 0.9993 -0.0000
vn -0.2277 0.9737 -0.0000
vn -0.3742 0.9273 -0.0000
vn -0.9545 0.2982 -0.0000
vn -0.0000 0.0752 -0.9972
vn -0.0000 0.2226 -0.9749
vn -0.0000 0.4088 -0.9126
vn -0.0000 0.6151 -0.7884
vn -0.0000 0.7957 -0.6057
vn -0.0000 0.9454 -0.3260
vn -0.0000 0.9972 -0.0745
vn -0.0000 0.9861 0.1661
vn -0.0000 0.9347 0.3556
vn -0.0000 0.8714 0.4905
vn -0.9968 0.0800 -0.0000
vn -0.9728 0.2318 -0.0000
vn -0.9102 0.4142 -0.0000
vn -0.7955 0.6059 -0.0000
vn -0.6380 0.7701 -0.0000
vn -0.4035 0.9150 -0.0000
vn -0.1862 0.9825 -0.0000
vn 0.0366 0.9993 -0.0000
vn 0.2277 0.9737 -0.0000
vn 0.3742 0.9274 -0.0000
vn 0.8774 0.4798 -0.0000
vn 0.9545 0.2983 -0.0000
vn 0.0893 0.8795 -0.4674
vn 0.2952 0.9285 -0.2255
vn 0.0892 0.8795 0.4674
vn 0.3768 0.9196 0.1107
vn -0.2951 0.9285 0.2255
vn -0.0360 0.8530 0.5207
vn -0.0892 0.8796 -0.4674
vn -0.2952 0.9285 -0.2254
vn -0.0000 0.8713 -0.4907
vn -0.0000 0.9344 -0.3563
vn -0.0000 0.9860 -0.1665
vn -0.0000 0.9973 0.0736
vn -0.0000 0.9454 0.3258
vn -0.0000 0.7955 0.6059
vn -0.0000 0.6145 0.7889
vn -0.0000 0.4084 0.9128
vn -0.0000 0.2218 0.9751
vn -0.0000 0.0750 0.9972
vn -0.0000 0.1717 -0.9852
vn -0.3743 0.9273 -0.0000
vn -0.2280 0.9737 -0.0000
vn -0.0368 0.9993 -0.0000
vn 0.1859 0.9826 -0.0000
vn 0.4034 0.9150 -0.0000
vn 0.6380 0.7700 -0.0000
vn 0.7957 0.6057 -0.0000
vn 0.9102 0.4141 -0.0000
vn 0.9728 0.2315 -0.0000
vn -0.9821 0.1883 -0.0000
vn -0.6076 0.7942 -0.0000
vn -0.0000 0.8713 0.4907
vn -0.0000 0.9344 0.3563
vn -0.0000 0.9860 0.1665
vn -0.0000 0.9973 -0.0736
vn -0.0000 0.9454 -0.3258
vn -0.0000 0.7955 -0.6059
vn -0.0000 0.6145 -0.7889
vn -0.0000 0.4084 -0.9128
vn -0.0000 0.2218 -0.9751
vn -0.0000 0.0750 -0.9972
vn -0.0000 0.0681 0.9977
vn -0.0000 0.1717 0.9852
vn 0.3743 0.9273 -0.0000
vn 0.2280 0.9737 -0.0000
vn 0.0368 0.9993 -0.0000
vn -0.1859 0.9826 -0.0000
vn -0.4034 0.9150 -0.0000
vn -0.6380 0.7700 -0.0000
vn -0.7957 0.6057 -0.0000
vn -0.9102 0.4141 -0.0000
vn -0.9728 0.2315 -0.0000
vn 0.9821 0.1883 -0.0000
vn 0.2073 0.0718 0.9756
vn 0.7133 0.1831 0.6765
vn 0.6153 -0.0000 0.7883
vn 0.7567 -0.0000 0.6538
vn 0.8088 -0.0000 0.5881
vn 0.8605 -0.0000 0.5094
vn 0.9421 0.1969 0.2714
vn -0.0000 0.8739 0.4861
vn 0.1104 -0.0000 -0.9939
vn 0.1683 -0.0000 -0.9857
vn 0.4322 -0.0000 -0.9018
vn 0.7163 -0.1150 -0.6882
vn 0.7567 -0.0000 -0.6538
vn 0.8015 0.4294 -0.4162
vn 0.9811 -0.0000 -0.1936
vn -0.0000 -0.9151 0.4032
vn 0.8134 -0.3813 0.4393
vn 0.9923 -0.1240 -0.0000
vn -0.0000 -0.1893 0.9819
vn -0.3574 -0.0593 0.9321
vn 0.0215 0.3231 0.9461
vn -0.1104 -0.0000 -0.9939
vn -0.6153 -0.0000 -0.7883
vn -0.6427 -0.1966 -0.7405
vn -0.8869 0.1694 -0.4299
vn -0.7481 0.2004 -0.6327
vn -0.9375 0.2193 -0.2701
vn -0.0000 0.8210 -0.5709
vt 0.625000 0.740625
vt 0.637500 0.750000
vt 0.625000 0.742092
vt 0.625000 0.743522
vt 0.625000 0.744881
vt 0.625000 0.746135
vt 0.625000 0.750000
vt 0.630153 0.750000
vt 0.631825 0.750000
vt 0.633637 0.750000
vt 0.635545 0.750000
vt 0.637500 0.500000
vt 0.625000 0.509375
vt 0.635545 0.500000
vt 0.633637 0.500000
vt 0.631825 0.500000
vt 0.630153 0.500000
vt 0.625000 0.500000
vt 0.625000 0.503865
vt 0.625000 0.505119
vt 0.625000 0.506478
vt 0.625000 0.507908
vt 0.875000 0.509375
vt 0.862500 0.500000
vt 0.875000 0.507908
vt 0.875000 0.506478
vt 0.875000 0.505119
vt 0.875000 0.503865
vt 0.875000 0.500000
vt 0.869847 0.500000
vt 0.868175 0.500000
vt 0.866363 0.500000
vt 0.864455 0.500000
vt 0.862500 0.750000
vt 0.875000 0.740625
vt 0.864455 0.750000
vt 0.866363 0.750000
vt 0.868175 0.750000
vt 0.869847 0.750000
vt 0.875000 0.750000
vt 0.875000 0.746135
vt 0.875000 0.744881
vt 0.875000 0.743522
vt 0.875000 0.742092
vt 0.625000 0.735405
vt 0.640714 0.750000
vt 0.637500 0.750000
vt 0.625000 0.740625
vt 0.625000 0.737820
vt 0.625000 0.740456
vt 0.625000 0.743240
vt 0.625000 0.746087
vt 0.625000 0.750000
vt 0.625000 0.735088
vt 0.625000 0.737738
vt 0.625000 0.740440
vt 0.625000 0.743195
vt 0.625000 0.745970
vt 0.625000 0.750000
vt 0.625000 0.734812
vt 0.625000 0.737589
vt 0.625000 0.740353
vt 0.625000 0.743099
vt 0.625000 0.745821
vt 0.625000 0.750000
vt 0.625000 0.734597
vt 0.625000 0.737406
vt 0.625000 0.740192
vt 0.625000 0.742930
vt 0.625000 0.745614
vt 0.625000 0.750000
vt 0.625000 0.734453
vt 0.625000 0.737228
vt 0.625000 0.739986
vt 0.625000 0.742690
vt 0.625000 0.745329
vt 0.625000 0.750000
vt 0.626866 0.748272
vt 0.641068 0.750000
vt 0.641362 0.750000
vt 0.641580 0.750000
vt 0.641713 0.750000
vt 0.642969 0.750000
vt 0.638162 0.750000
vt 0.638252 0.750000
vt 0.638422 0.750000
vt 0.638602 0.750000
vt 0.638749 0.750000
vt 0.640586 0.750000
vt 0.635357 0.750000
vt 0.635349 0.750000
vt 0.635445 0.750000
vt 0.635599 0.750000
vt 0.635769 0.750000
vt 0.638254 0.750000
vt 0.632369 0.750000
vt 0.632378 0.750000
vt 0.632469 0.750000
vt 0.632628 0.750000
vt 0.632832 0.750000
vt 0.636076 0.750000
vt 0.629282 0.750000
vt 0.629368 0.750000
vt 0.629507 0.750000
vt 0.629702 0.750000
vt 0.629952 0.750000
vt 0.634131 0.750000
vt 0.635547 0.750000
vt 0.633640 0.750000
vt 0.631829 0.750000
vt 0.630161 0.750000
vt 0.625000 0.750000
vt 0.638425 0.750000
vt 0.636416 0.750000
vt 0.634412 0.750000
vt 0.632498 0.750000
vt 0.630754 0.750000
vt 0.625000 0.750000
vt 0.639458 0.750000
vt 0.637338 0.750000
vt 0.635229 0.750000
vt 0.633218 0.750000
vt 0.631400 0.750000
vt 0.625000 0.750000
vt 0.640579 0.750000
vt 0.638333 0.750000
vt 0.636119 0.750000
vt 0.634023 0.750000
vt 0.632137 0.750000
vt 0.625000 0.750000
vt 0.641759 0.750000
vt 0.639413 0.750000
vt 0.637120 0.750000
vt 0.634963 0.750000
vt 0.633031 0.750000
vt 0.625000 0.750000
vt 0.625000 0.739356
vt 0.625000 0.737935
vt 0.625000 0.736394
vt 0.625000 0.734773
vt 0.625000 0.733111
vt 0.625000 0.742090
vt 0.625000 0.740916
vt 0.625000 0.739683
vt 0.625000 0.738352
vt 0.625000 0.736910
vt 0.625000 0.735381
vt 0.625000 0.743520
vt 0.625000 0.742477
vt 0.625000 0.741413
vt 0.625000 0.740265
vt 0.625000 0.738988
vt 0.625000 0.737578
vt 0.625000 0.744878
vt 0.625000 0.743989
vt 0.625000 0.743083
vt 0.625000 0.742089
vt 0.625000 0.740949
vt 0.625000 0.739637
vt 0.625000 0.746129
vt 0.625000 0.745388
vt 0.625000 0.744616
vt 0.625000 0.743748
vt 0.625000 0.742720
vt 0.625000 0.741488
vt 0.625000 0.514595
vt 0.625000 0.509375
vt 0.637500 0.500000
vt 0.640714 0.500000
vt 0.625000 0.514912
vt 0.625000 0.515188
vt 0.625000 0.515403
vt 0.625000 0.515547
vt 0.625000 0.516889
vt 0.625000 0.512180
vt 0.625000 0.512251
vt 0.625000 0.512419
vt 0.625000 0.512611
vt 0.625000 0.512784
vt 0.625000 0.514641
vt 0.625000 0.509544
vt 0.625000 0.509534
vt 0.625000 0.509640
vt 0.625000 0.509815
vt 0.625000 0.510021
vt 0.625000 0.512436
vt 0.625000 0.506760
vt 0.625000 0.506778
vt 0.625000 0.506885
vt 0.625000 0.507068
vt 0.625000 0.507312
vt 0.625000 0.510369
vt 0.625000 0.503913
vt 0.625000 0.504010
vt 0.625000 0.504164
vt 0.625000 0.504382
vt 0.625000 0.504671
vt 0.625000 0.508514
vt 0.626866 0.501728
vt 0.625000 0.507910
vt 0.625000 0.506480
vt 0.625000 0.505122
vt 0.625000 0.503871
vt 0.625000 0.500000
vt 0.625000 0.510644
vt 0.625000 0.509090
vt 0.625000 0.507510
vt 0.625000 0.505987
vt 0.625000 0.504596
vt 0.625000 0.500000
vt 0.625000 0.512065
vt 0.625000 0.510338
vt 0.625000 0.508590
vt 0.625000 0.506906
vt 0.625000 0.505376
vt 0.625000 0.500000
vt 0.625000 0.513606
vt 0.625000 0.511673
vt 0.625000 0.509749
vt 0.625000 0.507912
vt 0.625000 0.506250
vt 0.625000 0.500000
vt 0.625000 0.515227
vt 0.625000 0.513108
vt 0.625000 0.511025
vt 0.625000 0.509054
vt 0.625000 0.507280
vt 0.625000 0.500000
vt 0.638425 0.500000
vt 0.639458 0.500000
vt 0.640579 0.500000
vt 0.641759 0.500000
vt 0.642969 0.500000
vt 0.635547 0.500000
vt 0.636420 0.500000
vt 0.637329 0.500000
vt 0.638317 0.500000
vt 0.639400 0.500000
vt 0.640566 0.500000
vt 0.633640 0.500000
vt 0.634436 0.500000
vt 0.635237 0.500000
vt 0.636112 0.500000
vt 0.637111 0.500000
vt 0.638243 0.500000
vt 0.631829 0.500000
vt 0.632531 0.500000
vt 0.633236 0.500000
vt 0.634025 0.500000
vt 0.634961 0.500000
vt 0.636071 0.500000
vt 0.630161 0.500000
vt 0.630776 0.500000
vt 0.631411 0.500000
vt 0.632140 0.500000
vt 0.633031 0.500000
vt 0.634129 0.500000
vt 0.638162 0.500000
vt 0.635357 0.500000
vt 0.632369 0.500000
vt 0.629282 0.500000
vt 0.625000 0.500000
vt 0.641068 0.500000
vt 0.638264 0.500000
vt 0.635378 0.500000
vt 0.632408 0.500000
vt 0.629390 0.500000
vt 0.625000 0.500000
vt 0.641362 0.500000
vt 0.638415 0.500000
vt 0.635454 0.500000
vt 0.632487 0.500000
vt 0.629523 0.500000
vt 0.625000 0.500000
vt 0.641580 0.500000
vt 0.638585 0.500000
vt 0.635593 0.500000
vt 0.632630 0.500000
vt 0.629707 0.500000
vt 0.625000 0.500000
vt 0.641713 0.500000
vt 0.638736 0.500000
vt 0.635762 0.500000
vt 0.632830 0.500000
vt 0.629952 0.500000
vt 0.625000 0.500000
vt 0.875000 0.735405
vt 0.875000 0.740625
vt 0.862500 0.750000
vt 0.859286 0.750000
vt 0.875000 0.735088
vt 0.875000 0.734812
vt 0.875000 0.734597
vt 0.875000 0.734453
vt 0.875000 0.733111
vt 0.875000 0.737820
vt 0.875000 0.737749
vt 0.875000 0.737581
vt 0.875000 0.737389
vt 0.875000 0.737216
vt 0.875000 0.735359
vt 0.875000 0.740456
vt 0.875000 0.740467
vt 0.875000 0.740360
vt 0.875000 0.740185
vt 0.875000 0.739979
vt 0.875000 0.737564
vt 0.875000 0.743240
vt 0.875000 0.743222
vt 0.875000 0.743115
vt 0.875000 0.742932
vt 0.875000 0.742688
vt 0.875000 0.739631
vt 0.875000 0.746087
vt 0.875000 0.745990
vt 0.875000 0.745836
vt 0.875000 0.745618
vt 0.875000 0.745329
vt 0.875000 0.741486
vt 0.873134 0.748272
vt 0.875000 0.742090
vt 0.875000 0.743520
vt 0.875000 0.744878
vt 0.875000 0.746129
vt 0.875000 0.750000
vt 0.875000 0.739356
vt 0.875000 0.740909
vt 0.875000 0.742490
vt 0.875000 0.744013
vt 0.875000 0.745404
vt 0.875000 0.750000
vt 0.875000 0.737935
vt 0.875000 0.739662
vt 0.875000 0.741410
vt 0.875000 0.743094
vt 0.875000 0.744624
vt 0.875000 0.750000
vt 0.875000 0.736394
vt 0.875000 0.738327
vt 0.875000 0.740251
vt 0.875000 0.742088
vt 0.875000 0.743750
vt 0.875000 0.750000
vt 0.875000 0.734773
vt 0.875000 0.736892
vt 0.875000 0.738976
vt 0.875000 0.740946
vt 0.875000 0.742720
vt 0.875000 0.750000
vt 0.861575 0.750000
vt 0.860542 0.750000
vt 0.859421 0.750000
vt 0.858241 0.750000
vt 0.857031 0.750000
vt 0.864453 0.750000
vt 0.863580 0.750000
vt 0.862671 0.750000
vt 0.861683 0.750000
vt 0.860600 0.750000
vt 0.859433 0.750000
vt 0.866359 0.750000
vt 0.865564 0.750000
vt 0.864763 0.750000
vt 0.863888 0.750000
vt 0.862889 0.750000
vt 0.861757 0.750000
vt 0.868171 0.750000
vt 0.867469 0.750000
vt 0.866764 0.750000
vt 0.865975 0.750000
vt 0.865039 0.750000
vt 0.863929 0.750000
vt 0.869839 0.750000
vt 0.869225 0.750000
vt 0.868589 0.750000
vt 0.867860 0.750000
vt 0.866969 0.750000
vt 0.865871 0.750000
vt 0.861838 0.750000
vt 0.864643 0.750000
vt 0.867631 0.750000
vt 0.870718 0.750000
vt 0.875000 0.750000
vt 0.858932 0.750000
vt 0.861736 0.750000
vt 0.864622 0.750000
vt 0.867592 0.750000
vt 0.870611 0.750000
vt 0.875000 0.750000
vt 0.858638 0.750000
vt 0.861585 0.750000
vt 0.864546 0.750000
vt 0.867513 0.750000
vt 0.870477 0.750000
vt 0.875000 0.750000
vt 0.858420 0.750000
vt 0.861415 0.750000
vt 0.864407 0.750000
vt 0.867370 0.750000
vt 0.870293 0.750000
vt 0.875000 0.750000
vt 0.858287 0.750000
vt 0.861264 0.750000
vt 0.864238 0.750000
vt 0.867170 0.750000
vt 0.870048 0.750000
vt 0.875000 0.750000
vt 0.875000 0.514595
vt 0.859286 0.500000
vt 0.862500 0.500000
vt 0.875000 0.509375
vt 0.875000 0.512181
vt 0.875000 0.509544
vt 0.875000 0.506760
vt 0.875000 0.503913
vt 0.875000 0.500000
vt 0.875000 0.514912
vt 0.875000 0.512262
vt 0.875000 0.509560
vt 0.875000 0.506805
vt 0.875000 0.504030
vt 0.875000 0.500000
vt 0.875000 0.515188
vt 0.875000 0.512411
vt 0.875000 0.509647
vt 0.875000 0.506901
vt 0.875000 0.504179
vt 0.875000 0.500000
vt 0.875000 0.515403
vt 0.875000 0.512594
vt 0.875000 0.509808
vt 0.875000 0.507070
vt 0.875000 0.504386
vt 0.875000 0.500000
vt 0.875000 0.515547
vt 0.875000 0.512772
vt 0.875000 0.510014
vt 0.875000 0.507310
vt 0.875000 0.504671
vt 0.875000 0.500000
vt 0.873134 0.501728
vt 0.858932 0.500000
vt 0.858638 0.500000
vt 0.858420 0.500000
vt 0.858287 0.500000
vt 0.857031 0.500000
vt 0.861838 0.500000
vt 0.861748 0.500000
vt 0.861578 0.500000
vt 0.861398 0.500000
vt 0.861251 0.500000
vt 0.859414 0.500000
vt 0.864643 0.500000
vt 0.864651 0.500000
vt 0.864555 0.500000
vt 0.864401 0.500000
vt 0.864231 0.500000
vt 0.861746 0.500000
vt 0.867631 0.500000
vt 0.867622 0.500000
vt 0.867531 0.500000
vt 0.867372 0.500000
vt 0.867168 0.500000
vt 0.863924 0.500000
vt 0.870719 0.500000
vt 0.870632 0.500000
vt 0.870493 0.500000
vt 0.870298 0.500000
vt 0.870048 0.500000
vt 0.865869 0.500000
vt 0.864453 0.500000
vt 0.866360 0.500000
vt 0.868171 0.500000
vt 0.869839 0.500000
vt 0.875000 0.500000
vt 0.861575 0.500000
vt 0.863584 0.500000
vt 0.865588 0.500000
vt 0.867502 0.500000
vt 0.869246 0.500000
vt 0.875000 0.500000
vt 0.860542 0.500000
vt 0.862662 0.500000
vt 0.864771 0.500000
vt 0.866782 0.500000
vt 0.868600 0.500000
vt 0.875000 0.500000
vt 0.859421 0.500000
vt 0.861667 0.500000
vt 0.863881 0.500000
vt 0.865977 0.500000
vt 0.867863 0.500000
vt 0.875000 0.500000
vt 0.858241 0.500000
vt 0.860587 0.500000
vt 0.862880 0.500000
vt 0.865037 0.500000
vt 0.866969 0.500000
vt 0.875000 0.500000
vt 0.875000 0.510644
vt 0.875000 0.512065
vt 0.875000 0.513606
vt 0.875000 0.515227
vt 0.875000 0.516889
vt 0.875000 0.507910
vt 0.875000 0.509084
vt 0.875000 0.510317
vt 0.875000 0.511648
vt 0.875000 0.513090
vt 0.875000 0.514619
vt 0.875000 0.506480
vt 0.875000 0.507523
vt 0.875000 0.508587
vt 0.875000 0.509735
vt 0.875000 0.511012
vt 0.875000 0.512422
vt 0.875000 0.505122
vt 0.875000 0.506011
vt 0.875000 0.506917
vt 0.875000 0.507911
vt 0.875000 0.509051
vt 0.875000 0.510363
vt 0.875000 0.503871
vt 0.875000 0.504612
vt 0.875000 0.505384
vt 0.875000 0.506252
vt 0.875000 0.507280
vt 0.875000 0.508512
vt 0.625000 0.727513
vt 0.650000 0.731250
vt 0.650138 0.750000
vt 0.625000 0.729215
vt 0.625000 0.731051
vt 0.625000 0.732931
vt 0.625000 0.734738
vt 0.625000 0.737023
vt 0.625000 0.731166
vt 0.625000 0.732927
vt 0.625000 0.734595
vt 0.625000 0.736213
vt 0.625000 0.737760
vt 0.625000 0.739621
vt 0.625000 0.735198
vt 0.625000 0.736750
vt 0.625000 0.738174
vt 0.625000 0.739497
vt 0.625000 0.740749
vt 0.625000 0.742141
vt 0.625000 0.739503
vt 0.625000 0.740662
vt 0.625000 0.741727
vt 0.625000 0.742690
vt 0.625000 0.743597
vt 0.625000 0.744469
vt 0.625000 0.743940
vt 0.625000 0.744615
vt 0.625000 0.745233
vt 0.625000 0.745769
vt 0.625000 0.746234
vt 0.625000 0.746471
vt 0.626336 0.749303
vt 0.649015 0.734389
vt 0.647912 0.737864
vt 0.646716 0.741589
vt 0.645457 0.745472
vt 0.644167 0.750000
vt 0.645835 0.732225
vt 0.644680 0.735462
vt 0.643659 0.738771
vt 0.642658 0.742177
vt 0.641614 0.745652
vt 0.640520 0.750000
vt 0.641258 0.733317
vt 0.640257 0.736489
vt 0.639417 0.739633
vt 0.638655 0.742743
vt 0.637864 0.745820
vt 0.636979 0.750000
vt 0.636385 0.734500
vt 0.635762 0.737498
vt 0.635258 0.740437
vt 0.634837 0.743257
vt 0.634375 0.745949
vt 0.633730 0.750000
vt 0.631336 0.735746
vt 0.631229 0.738536
vt 0.631200 0.741251
vt 0.631245 0.743793
vt 0.631248 0.746105
vt 0.630969 0.750000
vt 0.646033 0.750000
vt 0.641514 0.750000
vt 0.636704 0.750000
vt 0.631753 0.750000
vt 0.625000 0.750000
vt 0.648974 0.750000
vt 0.644750 0.750000
vt 0.640402 0.750000
vt 0.635939 0.750000
vt 0.631442 0.750000
vt 0.625000 0.750000
vt 0.647733 0.750000
vt 0.643559 0.750000
vt 0.639377 0.750000
vt 0.635236 0.750000
vt 0.631177 0.750000
vt 0.625000 0.750000
vt 0.646499 0.750000
vt 0.642478 0.750000
vt 0.638497 0.750000
vt 0.634667 0.750000
vt 0.631033 0.750000
vt 0.625000 0.750000
vt 0.645377 0.750000
vt 0.641518 0.750000
vt 0.637738 0.750000
vt 0.634197 0.750000
vt 0.630995 0.750000
vt 0.625000 0.750000
vt 0.625000 0.522487
vt 0.650138 0.500000
vt 0.650000 0.518750
vt 0.625000 0.518834
vt 0.625000 0.514802
vt 0.625000 0.510497
vt 0.625000 0.506060
vt 0.625000 0.500000
vt 0.625000 0.520785
vt 0.625000 0.517092
vt 0.625000 0.513294
vt 0.625000 0.509381
vt 0.625000 0.505416
vt 0.625000 0.500000
vt 0.625000 0.518949
vt 0.625000 0.515399
vt 0.625000 0.511843
vt 0.625000 0.508301
vt 0.625000 0.504792
vt 0.625000 0.500000
vt 0.625000 0.517069
vt 0.625000 0.513772
vt 0.625000 0.510498
vt 0.625000 0.507315
vt 0.625000 0.504238
vt 0.625000 0.500000
vt 0.625000 0.515262
vt 0.625000 0.512229
vt 0.625000 0.509242
vt 0.625000 0.506401
vt 0.625000 0.503767
vt 0.625000 0.500000
vt 0.626336 0.500697
vt 0.648974 0.500000
vt 0.647733 0.500000
vt 0.646499 0.500000
vt 0.645377 0.500000
vt 0.644167 0.500000
vt 0.646032 0.500000
vt 0.644723 0.500000
vt 0.643557 0.500000
vt 0.642487 0.500000
vt 0.641525 0.500000
vt 0.640509 0.500000
vt 0.641514 0.500000
vt 0.640350 0.500000
vt 0.639354 0.500000
vt 0.638498 0.500000
vt 0.637744 0.500000
vt 0.636972 0.500000
vt 0.636704 0.500000
vt 0.635889 0.500000
vt 0.635203 0.500000
vt 0.634660 0.500000
vt 0.634197 0.500000
vt 0.633728 0.500000
vt 0.631753 0.500000
vt 0.631407 0.500000
vt 0.631150 0.500000
vt 0.631025 0.500000
vt 0.630995 0.500000
vt 0.630969 0.500000
vt 0.645835 0.517775
vt 0.641258 0.516683
vt 0.636385 0.515500
vt 0.631336 0.514254
vt 0.625000 0.512977
vt 0.649015 0.515611
vt 0.644715 0.514511
vt 0.640322 0.513512
vt 0.635824 0.512517
vt 0.631272 0.511477
vt 0.625000 0.510389
vt 0.647912 0.512136
vt 0.643661 0.511175
vt 0.639447 0.510343
vt 0.635298 0.509567
vt 0.631232 0.508757
vt 0.625000 0.507866
vt 0.646716 0.508411
vt 0.642644 0.507769
vt 0.638653 0.507223
vt 0.634845 0.506736
vt 0.631254 0.506209
vt 0.625000 0.505533
vt 0.645457 0.504528
vt 0.641601 0.504310
vt 0.637855 0.504153
vt 0.634374 0.504044
vt 0.631249 0.503895
vt 0.625000 0.503529
vt 0.875000 0.727513
vt 0.849862 0.750000
vt 0.850000 0.731250
vt 0.875000 0.731166
vt 0.875000 0.735198
vt 0.875000 0.739503
vt 0.875000 0.743940
vt 0.875000 0.750000
vt 0.875000 0.729214
vt 0.875000 0.732908
vt 0.875000 0.736706
vt 0.875000 0.740618
vt 0.875000 0.744584
vt 0.875000 0.750000
vt 0.875000 0.731051
vt 0.875000 0.734601
vt 0.875000 0.738157
vt 0.875000 0.741699
vt 0.875000 0.745208
vt 0.875000 0.750000
vt 0.875000 0.732931
vt 0.875000 0.736228
vt 0.875000 0.739502
vt 0.875000 0.742685
vt 0.875000 0.745762
vt 0.875000 0.750000
vt 0.875000 0.734738
vt 0.875000 0.737771
vt 0.875000 0.740758
vt 0.875000 0.743599
vt 0.875000 0.746233
vt 0.875000 0.750000
vt 0.873664 0.749303
vt 0.851026 0.750000
vt 0.852267 0.750000
vt 0.853501 0.750000
vt 0.854623 0.750000
vt 0.855833 0.750000
vt 0.853968 0.750000
vt 0.855277 0.750000
vt 0.856443 0.750000
vt 0.857513 0.750000
vt 0.858475 0.750000
vt 0.859491 0.750000
vt 0.858485 0.750000
vt 0.859650 0.750000
vt 0.860646 0.750000
vt 0.861502 0.750000
vt 0.862256 0.750000
vt 0.863028 0.750000
vt 0.863296 0.750000
vt 0.864111 0.750000
vt 0.864797 0.750000
vt 0.865340 0.750000
vt 0.865803 0.750000
vt 0.866272 0.750000
vt 0.868247 0.750000
vt 0.868593 0.750000
vt 0.868850 0.750000
vt 0.868975 0.750000
vt 0.869006 0.750000
vt 0.869031 0.750000
vt 0.854165 0.732225
vt 0.858742 0.733317
vt 0.863615 0.734501
vt 0.868664 0.735746
vt 0.875000 0.737023
vt 0.850985 0.734389
vt 0.855285 0.735489
vt 0.859678 0.736488
vt 0.864176 0.737483
vt 0.868728 0.738523
vt 0.875000 0.739611
vt 0.852088 0.737864
vt 0.856339 0.738825
vt 0.860553 0.739657
vt 0.864702 0.740433
vt 0.868768 0.741243
vt 0.875000 0.742133
vt 0.853284 0.741589
vt 0.857356 0.742231
vt 0.861347 0.742777
vt 0.865155 0.743264
vt 0.868746 0.743791
vt 0.875000 0.744467
vt 0.854543 0.745472
vt 0.858399 0.745690
vt 0.862145 0.745847
vt 0.865626 0.745956
vt 0.868751 0.746105
vt 0.875000 0.746471
vt 0.875000 0.522487
vt 0.850000 0.518750
vt 0.849862 0.500000
vt 0.875000 0.520786
vt 0.875000 0.518949
vt 0.875000 0.517069
vt 0.875000 0.515262
vt 0.875000 0.512977
vt 0.875000 0.518834
vt 0.875000 0.517073
vt 0.875000 0.515404
vt 0.875000 0.513787
vt 0.875000 0.512240
vt 0.875000 0.510379
vt 0.875000 0.514802
vt 0.875000 0.513250
vt 0.875000 0.511826
vt 0.875000 0.510503
vt 0.875000 0.509251
vt 0.875000 0.507859
vt 0.875000 0.510497
vt 0.875000 0.509338
vt 0.875000 0.508273
vt 0.875000 0.507310
vt 0.875000 0.506403
vt 0.875000 0.505531
vt 0.875000 0.506060
vt 0.875000 0.505385
vt 0.875000 0.504767
vt 0.875000 0.504231
vt 0.875000 0.503766
vt 0.875000 0.503529
vt 0.873664 0.500697
vt 0.850985 0.515611
vt 0.852088 0.512136
vt 0.853284 0.508411
vt 0.854543 0.504528
vt 0.855833 0.500000
vt 0.854165 0.517775
vt 0.855320 0.514538
vt 0.856341 0.511229
vt 0.857342 0.507823
vt 0.858386 0.504348
vt 0.859480 0.500000
vt 0.858742 0.516683
vt 0.859743 0.513511
vt 0.860583 0.510367
vt 0.861345 0.507257
vt 0.862136 0.504180
vt 0.863021 0.500000
vt 0.863615 0.515500
vt 0.864238 0.512502
vt 0.864742 0.509563
vt 0.865163 0.506743
vt 0.865625 0.504051
vt 0.866270 0.500000
vt 0.868664 0.514254
vt 0.868771 0.511464
vt 0.868800 0.508748
vt 0.868755 0.506207
vt 0.868752 0.503895
vt 0.869031 0.500000
vt 0.853967 0.500000
vt 0.858485 0.500000
vt 0.863296 0.500000
vt 0.868247 0.500000
vt 0.875000 0.500000
vt 0.851026 0.500000
vt 0.855250 0.500000
vt 0.859598 0.500000
vt 0.864061 0.500000
vt 0.868558 0.500000
vt 0.875000 0.500000
vt 0.852267 0.500000
vt 0.856441 0.500000
vt 0.860623 0.500000
vt 0.864764 0.500000
vt 0.868823 0.500000
vt 0.875000 0.500000
vt 0.853501 0.500000
vt 0.857522 0.500000
vt 0.861503 0.500000
vt 0.865333 0.500000
vt 0.868967 0.500000
vt 0.875000 0.500000
vt 0.854623 0.500000
vt 0.858482 0.500000
vt 0.862262 0.500000
vt 0.865804 0.500000
vt 0.869005 0.500000
vt 0.875000 0.500000
vt 0.858925 0.500000
vt 0.875000 0.514597
vt 0.875000 0.511250
vt 0.860000 0.500000
vt 0.861566 0.500000
vt 0.864458 0.500000
vt 0.867524 0.500000
vt 0.870676 0.500000
vt 0.875000 0.500000
vt 0.859617 0.500000
vt 0.862175 0.500000
vt 0.864924 0.500000
vt 0.867800 0.500000
vt 0.870722 0.500000
vt 0.875000 0.500000
vt 0.860119 0.500000
vt 0.862626 0.500000
vt 0.865277 0.500000
vt 0.867998 0.500000
vt 0.870720 0.500000
vt 0.875000 0.500000
vt 0.860402 0.500000
vt 0.862870 0.500000
vt 0.865448 0.500000
vt 0.868050 0.500000
vt 0.870621 0.500000
vt 0.875000 0.500000
vt 0.860456 0.500000
vt 0.862904 0.500000
vt 0.865417 0.500000
vt 0.867926 0.500000
vt 0.870389 0.500000
vt 0.875000 0.500000
vt 0.874576 0.500221
vt 0.875000 0.513599
vt 0.875000 0.512839
vt 0.875000 0.512356
vt 0.875000 0.512167
vt 0.875000 0.507786
vt 0.875000 0.512208
vt 0.875000 0.511324
vt 0.875000 0.510669
vt 0.875000 0.510279
vt 0.875000 0.510171
vt 0.875000 0.506275
vt 0.875000 0.509587
vt 0.875000 0.508917
vt 0.875000 0.508426
vt 0.875000 0.508160
vt 0.875000 0.508146
vt 0.875000 0.504791
vt 0.875000 0.506802
vt 0.875000 0.506384
vt 0.875000 0.506096
vt 0.875000 0.505983
vt 0.875000 0.506079
vt 0.875000 0.503379
vt 0.875000 0.503936
vt 0.875000 0.503784
vt 0.875000 0.503714
vt 0.875000 0.503768
vt 0.875000 0.503982
vt 0.875000 0.502069
vt 0.875000 0.509492
vt 0.875000 0.507776
vt 0.875000 0.506146
vt 0.875000 0.504645
vt 0.875000 0.500000
vt 0.875000 0.510660
vt 0.875000 0.508903
vt 0.875000 0.507223
vt 0.875000 0.505645
vt 0.875000 0.504207
vt 0.875000 0.500000
vt 0.875000 0.510006
vt 0.875000 0.508296
vt 0.875000 0.506662
vt 0.875000 0.505136
vt 0.875000 0.503753
vt 0.875000 0.500000
vt 0.875000 0.509297
vt 0.875000 0.507651
vt 0.875000 0.506071
vt 0.875000 0.504592
vt 0.875000 0.503250
vt 0.875000 0.500000
vt 0.875000 0.508550
vt 0.875000 0.506972
vt 0.875000 0.505445
vt 0.875000 0.504005
vt 0.875000 0.502688
vt 0.875000 0.500000
vt 0.860596 0.500000
vt 0.861256 0.500000
vt 0.861973 0.500000
vt 0.862728 0.500000
vt 0.863500 0.500000
vt 0.862344 0.500000
vt 0.862919 0.500000
vt 0.863547 0.500000
vt 0.864223 0.500000
vt 0.864929 0.500000
vt 0.865655 0.500000
vt 0.864631 0.500000
vt 0.865171 0.500000
vt 0.865770 0.500000
vt 0.866409 0.500000
vt 0.867075 0.500000
vt 0.867764 0.500000
vt 0.866805 0.500000
vt 0.867300 0.500000
vt 0.867863 0.500000
vt 0.868465 0.500000
vt 0.869102 0.500000
vt 0.869775 0.500000
vt 0.868806 0.500000
vt 0.869259 0.500000
vt 0.869769 0.500000
vt 0.870332 0.500000
vt 0.870953 0.500000
vt 0.871631 0.500000
vt 0.850791 0.500000
vt 0.856250 0.500000
vt 0.875000 0.514063
vt 0.875000 0.522480
vt 0.850344 0.500000
vt 0.849995 0.500000
vt 0.849769 0.500000
vt 0.849680 0.500000
vt 0.848047 0.500000
vt 0.854670 0.500000
vt 0.854618 0.500000
vt 0.854442 0.500000
vt 0.854256 0.500000
vt 0.854124 0.500000
vt 0.851621 0.500000
vt 0.858967 0.500000
vt 0.859050 0.500000
vt 0.858968 0.500000
vt 0.858798 0.500000
vt 0.858608 0.500000
vt 0.855119 0.500000
vt 0.863575 0.500000
vt 0.863611 0.500000
vt 0.863515 0.500000
vt 0.863314 0.500000
vt 0.863047 0.500000
vt 0.858385 0.500000
vt 0.868360 0.500000
vt 0.868251 0.500000
vt 0.868059 0.500000
vt 0.867780 0.500000
vt 0.867420 0.500000
vt 0.861303 0.500000
vt 0.872201 0.502592
vt 0.859180 0.500000
vt 0.862039 0.500000
vt 0.864756 0.500000
vt 0.867258 0.500000
vt 0.875000 0.500000
vt 0.854863 0.500000
vt 0.857876 0.500000
vt 0.860882 0.500000
vt 0.863754 0.500000
vt 0.866369 0.500000
vt 0.875000 0.500000
vt 0.853313 0.500000
vt 0.856493 0.500000
vt 0.859657 0.500000
vt 0.862673 0.500000
vt 0.865400 0.500000
vt 0.875000 0.500000
vt 0.851631 0.500000
vt 0.855000 0.500000
vt 0.858322 0.500000
vt 0.861466 0.500000
vt 0.864294 0.500000
vt 0.875000 0.500000
vt 0.849861 0.500000
vt 0.853380 0.500000
vt 0.856820 0.500000
vt 0.860056 0.500000
vt 0.862953 0.500000
vt 0.875000 0.500000
vt 0.875000 0.515967
vt 0.875000 0.518098
vt 0.875000 0.520408
vt 0.875000 0.522840
vt 0.875000 0.525333
vt 0.875000 0.511865
vt 0.875000 0.513626
vt 0.875000 0.515476
vt 0.875000 0.517473
vt 0.875000 0.519634
vt 0.875000 0.521928
vt 0.875000 0.509721
vt 0.875000 0.511285
vt 0.875000 0.512881
vt 0.875000 0.514602
vt 0.875000 0.516518
vt 0.875000 0.518633
vt 0.875000 0.507683
vt 0.875000 0.509016
vt 0.875000 0.510376
vt 0.875000 0.511867
vt 0.875000 0.513577
vt 0.875000 0.515545
vt 0.875000 0.505806
vt 0.875000 0.506918
vt 0.875000 0.508077
vt 0.875000 0.509378
vt 0.875000 0.510920
vt 0.875000 0.512767
vt 0.875000 0.518765
vt 0.875000 0.514694
vt 0.875000 0.510392
vt 0.875000 0.506000
vt 0.875000 0.500000
vt 0.875000 0.522843
vt 0.875000 0.518779
vt 0.875000 0.514634
vt 0.875000 0.510410
vt 0.875000 0.506159
vt 0.875000 0.500000
vt 0.875000 0.523152
vt 0.875000 0.518918
vt 0.875000 0.514704
vt 0.875000 0.510520
vt 0.875000 0.506370
vt 0.875000 0.500000
vt 0.875000 0.523375
vt 0.875000 0.519118
vt 0.875000 0.514897
vt 0.875000 0.510746
vt 0.875000 0.506672
vt 0.875000 0.500000
vt 0.875000 0.523494
vt 0.875000 0.519314
vt 0.875000 0.515157
vt 0.875000 0.511078
vt 0.875000 0.507089
vt 0.875000 0.500000
vt 0.649209 0.500000
vt 0.625000 0.522480
vt 0.625000 0.514063
vt 0.643750 0.500000
vt 0.645331 0.500000
vt 0.641033 0.500000
vt 0.636425 0.500000
vt 0.631641 0.500000
vt 0.625000 0.500000
vt 0.649657 0.500000
vt 0.645401 0.500000
vt 0.640994 0.500000
vt 0.636434 0.500000
vt 0.631782 0.500000
vt 0.625000 0.500000
vt 0.650005 0.500000
vt 0.645546 0.500000
vt 0.641044 0.500000
vt 0.636512 0.500000
vt 0.631966 0.500000
vt 0.625000 0.500000
vt 0.650231 0.500000
vt 0.645719 0.500000
vt 0.641192 0.500000
vt 0.636690 0.500000
vt 0.632226 0.500000
vt 0.625000 0.500000
vt 0.650320 0.500000
vt 0.645857 0.500000
vt 0.641381 0.500000
vt 0.636951 0.500000
vt 0.632580 0.500000
vt 0.625000 0.500000
vt 0.627799 0.502592
vt 0.625000 0.522843
vt 0.625000 0.523152
vt 0.625000 0.523375
vt 0.625000 0.523494
vt 0.625000 0.525333
vt 0.625000 0.518765
vt 0.625000 0.518762
vt 0.625000 0.518931
vt 0.625000 0.519144
vt 0.625000 0.519333
vt 0.625000 0.521961
vt 0.625000 0.514694
vt 0.625000 0.514594
vt 0.625000 0.514694
vt 0.625000 0.514908
vt 0.625000 0.515167
vt 0.625000 0.518654
vt 0.625000 0.510392
vt 0.625000 0.510368
vt 0.625000 0.510495
vt 0.625000 0.510742
vt 0.625000 0.511080
vt 0.625000 0.515554
vt 0.625000 0.506000
vt 0.625000 0.506129
vt 0.625000 0.506348
vt 0.625000 0.506666
vt 0.625000 0.507088
vt 0.625000 0.512770
vt 0.625000 0.511865
vt 0.625000 0.509720
vt 0.625000 0.507683
vt 0.625000 0.505806
vt 0.625000 0.500000
vt 0.625000 0.515967
vt 0.625000 0.513636
vt 0.625000 0.511265
vt 0.625000 0.508981
vt 0.625000 0.506894
vt 0.625000 0.500000
vt 0.625000 0.518098
vt 0.625000 0.515506
vt 0.625000 0.512884
vt 0.625000 0.510359
vt 0.625000 0.508065
vt 0.625000 0.500000
vt 0.625000 0.520408
vt 0.625000 0.517510
vt 0.625000 0.514623
vt 0.625000 0.511867
vt 0.625000 0.509375
vt 0.625000 0.500000
vt 0.625000 0.522840
vt 0.625000 0.519661
vt 0.625000 0.516537
vt 0.625000 0.513581
vt 0.625000 0.510921
vt 0.625000 0.500000
vt 0.645137 0.500000
vt 0.646687 0.500000
vt 0.648369 0.500000
vt 0.650139 0.500000
vt 0.651953 0.500000
vt 0.640820 0.500000
vt 0.642130 0.500000
vt 0.643494 0.500000
vt 0.644975 0.500000
vt 0.646600 0.500000
vt 0.648350 0.500000
vt 0.637961 0.500000
vt 0.639155 0.500000
vt 0.640355 0.500000
vt 0.641667 0.500000
vt 0.643167 0.500000
vt 0.644864 0.500000
vt 0.635244 0.500000
vt 0.636297 0.500000
vt 0.637354 0.500000
vt 0.638537 0.500000
vt 0.639941 0.500000
vt 0.641607 0.500000
vt 0.632742 0.500000
vt 0.633663 0.500000
vt 0.634617 0.500000
vt 0.635710 0.500000
vt 0.637047 0.500000
vt 0.638694 0.500000
vt 0.641075 0.500000
vt 0.640000 0.500000
vt 0.625000 0.511250
vt 0.625000 0.514597
vt 0.640382 0.500000
vt 0.639881 0.500000
vt 0.639598 0.500000
vt 0.639544 0.500000
vt 0.636500 0.500000
vt 0.638434 0.500000
vt 0.637761 0.500000
vt 0.637301 0.500000
vt 0.637066 0.500000
vt 0.637058 0.500000
vt 0.634349 0.500000
vt 0.635542 0.500000
vt 0.635015 0.500000
vt 0.634662 0.500000
vt 0.634507 0.500000
vt 0.634560 0.500000
vt 0.632236 0.500000
vt 0.632476 0.500000
vt 0.632160 0.500000
vt 0.631968 0.500000
vt 0.631932 0.500000
vt 0.632067 0.500000
vt 0.630227 0.500000
vt 0.629324 0.500000
vt 0.629255 0.500000
vt 0.629261 0.500000
vt 0.629372 0.500000
vt 0.629610 0.500000
vt 0.628371 0.500000
vt 0.625424 0.500221
vt 0.637656 0.500000
vt 0.635369 0.500000
vt 0.633195 0.500000
vt 0.631194 0.500000
vt 0.625000 0.500000
vt 0.639404 0.500000
vt 0.637049 0.500000
vt 0.634785 0.500000
vt 0.632655 0.500000
vt 0.630714 0.500000
vt 0.625000 0.500000
vt 0.638744 0.500000
vt 0.636423 0.500000
vt 0.634195 0.500000
vt 0.632109 0.500000
vt 0.630217 0.500000
vt 0.625000 0.500000
vt 0.638027 0.500000
vt 0.635760 0.500000
vt 0.633575 0.500000
vt 0.631525 0.500000
vt 0.629664 0.500000
vt 0.625000 0.500000
vt 0.637272 0.500000
vt 0.635062 0.500000
vt 0.632918 0.500000
vt 0.630895 0.500000
vt 0.629046 0.500000
vt 0.625000 0.500000
vt 0.625000 0.510660
vt 0.625000 0.510006
vt 0.625000 0.509297
vt 0.625000 0.508550
vt 0.625000 0.507786
vt 0.625000 0.509492
vt 0.625000 0.508930
vt 0.625000 0.508321
vt 0.625000 0.507667
vt 0.625000 0.506981
vt 0.625000 0.506274
vt 0.625000 0.507776
vt 0.625000 0.507257
vt 0.625000 0.506690
vt 0.625000 0.506085
vt 0.625000 0.505452
vt 0.625000 0.504792
vt 0.625000 0.506146
vt 0.625000 0.505678
vt 0.625000 0.505158
vt 0.625000 0.504600
vt 0.625000 0.504007
vt 0.625000 0.503378
vt 0.625000 0.504645
vt 0.625000 0.504227
vt 0.625000 0.503764
vt 0.625000 0.503253
vt 0.625000 0.502688
vt 0.625000 0.502068
vt 0.625000 0.512208
vt 0.625000 0.509587
vt 0.625000 0.506802
vt 0.625000 0.503936
vt 0.625000 0.500000
vt 0.625000 0.513599
vt 0.625000 0.511397
vt 0.625000 0.508982
vt 0.625000 0.506423
vt 0.625000 0.503805
vt 0.625000 0.500000
vt 0.625000 0.512839
vt 0.625000 0.510760
vt 0.625000 0.508498
vt 0.625000 0.506132
vt 0.625000 0.503731
vt 0.625000 0.500000
vt 0.625000 0.512356
vt 0.625000 0.510362
vt 0.625000 0.508217
vt 0.625000 0.506004
vt 0.625000 0.503774
vt 0.625000 0.500000
vt 0.625000 0.512167
vt 0.625000 0.510222
vt 0.625000 0.508177
vt 0.625000 0.506088
vt 0.625000 0.503984
vt 0.625000 0.500000
vt 0.625000 0.727520
vt 0.649209 0.750000
vt 0.643750 0.750000
vt 0.625000 0.735937
vt 0.625000 0.731235
vt 0.625000 0.735306
vt 0.625000 0.739608
vt 0.625000 0.744000
vt 0.625000 0.750000
vt 0.625000 0.727157
vt 0.625000 0.731221
vt 0.625000 0.735366
vt 0.625000 0.739590
vt 0.625000 0.743841
vt 0.625000 0.750000
vt 0.625000 0.726848
vt 0.625000 0.731082
vt 0.625000 0.735296
vt 0.625000 0.739480
vt 0.625000 0.743630
vt 0.625000 0.750000
vt 0.625000 0.726625
vt 0.625000 0.730882
vt 0.625000 0.735103
vt 0.625000 0.739254
vt 0.625000 0.743328
vt 0.625000 0.750000
vt 0.625000 0.726506
vt 0.625000 0.730686
vt 0.625000 0.734843
vt 0.625000 0.738922
vt 0.625000 0.742911
vt 0.625000 0.750000
vt 0.627799 0.747408
vt 0.649657 0.750000
vt 0.650005 0.750000
vt 0.650231 0.750000
vt 0.650320 0.750000
vt 0.651953 0.750000
vt 0.645331 0.750000
vt 0.645382 0.750000
vt 0.645558 0.750000
vt 0.645744 0.750000
vt 0.645876 0.750000
vt 0.648379 0.750000
vt 0.641033 0.750000
vt 0.640950 0.750000
vt 0.641032 0.750000
vt 0.641202 0.750000
vt 0.641392 0.750000
vt 0.644881 0.750000
vt 0.636425 0.750000
vt 0.636389 0.750000
vt 0.636485 0.750000
vt 0.636686 0.750000
vt 0.636954 0.750000
vt 0.641615 0.750000
vt 0.631640 0.750000
vt 0.631749 0.750000
vt 0.631941 0.750000
vt 0.632220 0.750000
vt 0.632580 0.750000
vt 0.638697 0.750000
vt 0.640820 0.750000
vt 0.637961 0.750000
vt 0.635244 0.750000
vt 0.632742 0.750000
vt 0.625000 0.750000
vt 0.645137 0.750000
vt 0.642124 0.750000
vt 0.639118 0.750000
vt 0.636246 0.750000
vt 0.633631 0.750000
vt 0.625000 0.750000
vt 0.646687 0.750000
vt 0.643507 0.750000
vt 0.640343 0.750000
vt 0.637327 0.750000
vt 0.634600 0.750000
vt 0.625000 0.750000
vt 0.648369 0.750000
vt 0.645000 0.750000
vt 0.641678 0.750000
vt 0.638534 0.750000
vt 0.635706 0.750000
vt 0.625000 0.750000
vt 0.650139 0.750000
vt 0.646620 0.750000
vt 0.643180 0.750000
vt 0.639944 0.750000
vt 0.637047 0.750000
vt 0.625000 0.750000
vt 0.625000 0.734033
vt 0.625000 0.731902
vt 0.625000 0.729592
vt 0.625000 0.727160
vt 0.625000 0.724667
vt 0.625000 0.738135
vt 0.625000 0.736374
vt 0.625000 0.734524
vt 0.625000 0.732527
vt 0.625000 0.730366
vt 0.625000 0.728072
vt 0.625000 0.740279
vt 0.625000 0.738715
vt 0.625000 0.737119
vt 0.625000 0.735398
vt 0.625000 0.733482
vt 0.625000 0.731367
vt 0.625000 0.742317
vt 0.625000 0.740984
vt 0.625000 0.739624
vt 0.625000 0.738134
vt 0.625000 0.736423
vt 0.625000 0.734455
vt 0.625000 0.744194
vt 0.625000 0.743082
vt 0.625000 0.741923
vt 0.625000 0.740622
vt 0.625000 0.739079
vt 0.625000 0.737233
vt 0.625000 0.735403
vt 0.625000 0.738750
vt 0.640000 0.750000
vt 0.641075 0.750000
vt 0.625000 0.736401
vt 0.625000 0.737161
vt 0.625000 0.737644
vt 0.625000 0.737833
vt 0.625000 0.742214
vt 0.625000 0.737792
vt 0.625000 0.738676
vt 0.625000 0.739331
vt 0.625000 0.739721
vt 0.625000 0.739829
vt 0.625000 0.743725
vt 0.625000 0.740413
vt 0.625000 0.741083
vt 0.625000 0.741574
vt 0.625000 0.741840
vt 0.625000 0.741854
vt 0.625000 0.745209
vt 0.625000 0.743198
vt 0.625000 0.743616
vt 0.625000 0.743904
vt 0.625000 0.744017
vt 0.625000 0.743921
vt 0.625000 0.746621
vt 0.625000 0.746064
vt 0.625000 0.746216
vt 0.625000 0.746286
vt 0.625000 0.746232
vt 0.625000 0.746018
vt 0.625000 0.747931
vt 0.625424 0.749779
vt 0.625000 0.740508
vt 0.625000 0.742224
vt 0.625000 0.743854
vt 0.625000 0.745355
vt 0.625000 0.750000
vt 0.625000 0.739340
vt 0.625000 0.741097
vt 0.625000 0.742777
vt 0.625000 0.744355
vt 0.625000 0.745793
vt 0.625000 0.750000
vt 0.625000 0.739994
vt 0.625000 0.741704
vt 0.625000 0.743338
vt 0.625000 0.744864
vt 0.625000 0.746247
vt 0.625000 0.750000
vt 0.625000 0.740703
vt 0.625000 0.742349
vt 0.625000 0.743929
vt 0.625000 0.745408
vt 0.625000 0.746750
vt 0.625000 0.750000
vt 0.625000 0.741450
vt 0.625000 0.743028
vt 0.625000 0.744555
vt 0.625000 0.745995
vt 0.625000 0.747312
vt 0.625000 0.750000
vt 0.639404 0.750000
vt 0.638744 0.750000
vt 0.638027 0.750000
vt 0.637272 0.750000
vt 0.636500 0.750000
vt 0.637656 0.750000
vt 0.637081 0.750000
vt 0.636453 0.750000
vt 0.635777 0.750000
vt 0.635071 0.750000
vt 0.634345 0.750000
vt 0.635369 0.750000
vt 0.634829 0.750000
vt 0.634230 0.750000
vt 0.633591 0.750000
vt 0.632925 0.750000
vt 0.632236 0.750000
vt 0.633195 0.750000
vt 0.632700 0.750000
vt 0.632137 0.750000
vt 0.631535 0.750000
vt 0.630898 0.750000
vt 0.630225 0.750000
vt 0.631194 0.750000
vt 0.630741 0.750000
vt 0.630231 0.750000
vt 0.629668 0.750000
vt 0.629047 0.750000
vt 0.628369 0.750000
vt 0.638434 0.750000
vt 0.635542 0.750000
vt 0.632476 0.750000
vt 0.629324 0.750000
vt 0.625000 0.750000
vt 0.640382 0.750000
vt 0.637825 0.750000
vt 0.635076 0.750000
vt 0.632200 0.750000
vt 0.629278 0.750000
vt 0.625000 0.750000
vt 0.639881 0.750000
vt 0.637374 0.750000
vt 0.634723 0.750000
vt 0.632002 0.750000
vt 0.629280 0.750000
vt 0.625000 0.750000
vt 0.639598 0.750000
vt 0.637130 0.750000
vt 0.634552 0.750000
vt 0.631950 0.750000
vt 0.629379 0.750000
vt 0.625000 0.750000
vt 0.639544 0.750000
vt 0.637096 0.750000
vt 0.634583 0.750000
vt 0.632074 0.750000
vt 0.629611 0.750000
vt 0.625000 0.750000
vt 0.850791 0.750000
vt 0.875000 0.727520
vt 0.875000 0.735937
vt 0.856250 0.750000
vt 0.854669 0.750000
vt 0.858967 0.750000
vt 0.863575 0.750000
vt 0.868360 0.750000
vt 0.875000 0.750000
vt 0.850343 0.750000
vt 0.854599 0.750000
vt 0.859006 0.750000
vt 0.863566 0.750000
vt 0.868218 0.750000
vt 0.875000 0.750000
vt 0.849995 0.750000
vt 0.854454 0.750000
vt 0.858956 0.750000
vt 0.863488 0.750000
vt 0.868034 0.750000
vt 0.875000 0.750000
vt 0.849769 0.750000
vt 0.854281 0.750000
vt 0.858808 0.750000
vt 0.863310 0.750000
vt 0.867773 0.750000
vt 0.875000 0.750000
vt 0.849680 0.750000
vt 0.854143 0.750000
vt 0.858619 0.750000
vt 0.863049 0.750000
vt 0.867420 0.750000
vt 0.875000 0.750000
vt 0.872201 0.747408
vt 0.875000 0.727157
vt 0.875000 0.726848
vt 0.875000 0.726625
vt 0.875000 0.726506
vt 0.875000 0.724667
vt 0.875000 0.731235
vt 0.875000 0.731238
vt 0.875000 0.731069
vt 0.875000 0.730856
vt 0.875000 0.730667
vt 0.875000 0.728039
vt 0.875000 0.735306
vt 0.875000 0.735406
vt 0.875000 0.735306
vt 0.875000 0.735092
vt 0.875000 0.734833
vt 0.875000 0.731346
vt 0.875000 0.739608
vt 0.875000 0.739632
vt 0.875000 0.739505
vt 0.875000 0.739257
vt 0.875000 0.738920
vt 0.875000 0.734446
vt 0.875000 0.744000
vt 0.875000 0.743871
vt 0.875000 0.743652
vt 0.875000 0.743334
vt 0.875000 0.742912
vt 0.875000 0.737230
vt 0.875000 0.738135
vt 0.875000 0.740279
vt 0.875000 0.742317
vt 0.875000 0.744194
vt 0.875000 0.750000
vt 0.875000 0.734033
vt 0.875000 0.736364
vt 0.875000 0.738735
vt 0.875000 0.741019
vt 0.875000 0.743106
vt 0.875000 0.750000
vt 0.875000 0.731902
vt 0.875000 0.734493
vt 0.875000 0.737116
vt 0.875000 0.739640
vt 0.875000 0.741935
vt 0.875000 0.750000
vt 0.875000 0.729592
vt 0.875000 0.732490
vt 0.875000 0.735377
vt 0.875000 0.738133
vt 0.875000 0.740625
vt 0.875000 0.750000
vt 0.875000 0.727160
vt 0.875000 0.730338
vt 0.875000 0.733463
vt 0.875000 0.736419
vt 0.875000 0.739079
vt 0.875000 0.750000
vt 0.854863 0.750000
vt 0.853313 0.750000
vt 0.851631 0.750000
vt 0.849861 0.750000
vt 0.848047 0.750000
vt 0.859180 0.750000
vt 0.857870 0.750000
vt 0.856506 0.750000
vt 0.855025 0.750000
vt 0.853400 0.750000
vt 0.851650 0.750000
vt 0.862039 0.750000
vt 0.860846 0.750000
vt 0.859645 0.750000
vt 0.858333 0.750000
vt 0.856833 0.750000
vt 0.855136 0.750000
vt 0.864756 0.750000
vt 0.863703 0.750000
vt 0.862646 0.750000
vt 0.861463 0.750000
vt 0.860059 0.750000
vt 0.858393 0.750000
vt 0.867258 0.750000
vt 0.866337 0.750000
vt 0.865383 0.750000
vt 0.864290 0.750000
vt 0.862953 0.750000
vt 0.861306 0.750000
vt 0.858925 0.750000
vt 0.860000 0.750000
vt 0.875000 0.738750
vt 0.875000 0.735403
vt 0.859618 0.750000
vt 0.860119 0.750000
vt 0.860402 0.750000
vt 0.860456 0.750000
vt 0.863500 0.750000
vt 0.861566 0.750000
vt 0.862239 0.750000
vt 0.862699 0.750000
vt 0.862934 0.750000
vt 0.862942 0.750000
vt 0.865651 0.750000
vt 0.864458 0.750000
vt 0.864985 0.750000
vt 0.865338 0.750000
vt 0.865493 0.750000
vt 0.865441 0.750000
vt 0.867764 0.750000
vt 0.867524 0.750000
vt 0.867840 0.750000
vt 0.868032 0.750000
vt 0.868068 0.750000
vt 0.867933 0.750000
vt 0.869773 0.750000
vt 0.870676 0.750000
vt 0.870745 0.750000
vt 0.870739 0.750000
vt 0.870628 0.750000
vt 0.870390 0.750000
vt 0.871629 0.750000
vt 0.874576 0.749779
vt 0.862344 0.750000
vt 0.864632 0.750000
vt 0.866805 0.750000
vt 0.868806 0.750000
vt 0.875000 0.750000
vt 0.860596 0.750000
vt 0.862951 0.750000
vt 0.865215 0.750000
vt 0.867344 0.750000
vt 0.869286 0.750000
vt 0.875000 0.750000
vt 0.861256 0.750000
vt 0.863577 0.750000
vt 0.865805 0.750000
vt 0.867891 0.750000
vt 0.869783 0.750000
vt 0.875000 0.750000
vt 0.861973 0.750000
vt 0.864240 0.750000
vt 0.866425 0.750000
vt 0.868475 0.750000
vt 0.870336 0.750000
vt 0.875000 0.750000
vt 0.862728 0.750000
vt 0.864938 0.750000
vt 0.867082 0.750000
vt 0.869105 0.750000
vt 0.870954 0.750000
vt 0.875000 0.750000
vt 0.875000 0.739340
vt 0.875000 0.739994
vt 0.875000 0.740703
vt 0.875000 0.741450
vt 0.875000 0.742214
vt 0.875000 0.740508
vt 0.875000 0.741070
vt 0.875000 0.741679
vt 0.875000 0.742333
vt 0.875000 0.743019
vt 0.875000 0.743726
vt 0.875000 0.742224
vt 0.875000 0.742743
vt 0.875000 0.743310
vt 0.875000 0.743915
vt 0.875000 0.744548
vt 0.875000 0.745208
vt 0.875000 0.743854
vt 0.875000 0.744322
vt 0.875000 0.744842
vt 0.875000 0.745400
vt 0.875000 0.745993
vt 0.875000 0.746622
vt 0.875000 0.745355
vt 0.875000 0.745773
vt 0.875000 0.746237
vt 0.875000 0.746747
vt 0.875000 0.747312
vt 0.875000 0.747932
vt 0.875000 0.737792
vt 0.875000 0.740413
vt 0.875000 0.743198
vt 0.875000 0.746064
vt 0.875000 0.750000
vt 0.875000 0.736401
vt 0.875000 0.738603
vt 0.875000 0.741018
vt 0.875000 0.743577
vt 0.875000 0.746195
vt 0.875000 0.750000
vt 0.875000 0.737161
vt 0.875000 0.739240
vt 0.875000 0.741502
vt 0.875000 0.743868
vt 0.875000 0.746268
vt 0.875000 0.750000
vt 0.875000 0.737644
vt 0.875000 0.739638
vt 0.875000 0.741783
vt 0.875000 0.743996
vt 0.875000 0.746226
vt 0.875000 0.750000
vt 0.875000 0.737833
vt 0.875000 0.739778
vt 0.875000 0.741823
vt 0.875000 0.743912
vt 0.875000 0.746016
vt 0.875000 0.750000
vt 0.860000 0.500000
vt 0.875000 0.511250
vt 0.875000 0.517690
vt 0.855950 0.500000
vt 0.862344 0.500000
vt 0.864631 0.500000
vt 0.866805 0.500000
vt 0.868806 0.500000
vt 0.875000 0.500000
vt 0.858884 0.500000
vt 0.861295 0.500000
vt 0.863701 0.500000
vt 0.865999 0.500000
vt 0.868092 0.500000
vt 0.875000 0.500000
vt 0.857646 0.500000
vt 0.860191 0.500000
vt 0.862723 0.500000
vt 0.865135 0.500000
vt 0.867317 0.500000
vt 0.875000 0.500000
vt 0.856302 0.500000
vt 0.858997 0.500000
vt 0.861655 0.500000
vt 0.864171 0.500000
vt 0.866433 0.500000
vt 0.875000 0.500000
vt 0.854887 0.500000
vt 0.857702 0.500000
vt 0.860454 0.500000
vt 0.863043 0.500000
vt 0.865361 0.500000
vt 0.875000 0.500000
vt 0.872761 0.502073
vt 0.875000 0.512780
vt 0.875000 0.514482
vt 0.875000 0.516329
vt 0.875000 0.518274
vt 0.875000 0.520267
vt 0.875000 0.509492
vt 0.875000 0.510907
vt 0.875000 0.512383
vt 0.875000 0.513980
vt 0.875000 0.515709
vt 0.875000 0.517543
vt 0.875000 0.507776
vt 0.875000 0.509033
vt 0.875000 0.510307
vt 0.875000 0.511684
vt 0.875000 0.513216
vt 0.875000 0.514907
vt 0.875000 0.506146
vt 0.875000 0.507217
vt 0.875000 0.508303
vt 0.875000 0.509495
vt 0.875000 0.510862
vt 0.875000 0.512436
vt 0.875000 0.504645
vt 0.875000 0.505538
vt 0.875000 0.506463
vt 0.875000 0.507504
vt 0.875000 0.508738
vt 0.875000 0.510214
vt 0.875000 0.514765
vt 0.875000 0.511566
vt 0.875000 0.508188
vt 0.875000 0.504734
vt 0.875000 0.500000
vt 0.875000 0.517857
vt 0.875000 0.514395
vt 0.875000 0.511022
vt 0.875000 0.507661
vt 0.875000 0.504300
vt 0.875000 0.500000
vt 0.875000 0.517669
vt 0.875000 0.513988
vt 0.875000 0.510500
vt 0.875000 0.507138
vt 0.875000 0.503841
vt 0.875000 0.500000
vt 0.875000 0.517097
vt 0.875000 0.513421
vt 0.875000 0.509923
vt 0.875000 0.506571
vt 0.875000 0.503322
vt 0.875000 0.500000
vt 0.875000 0.516154
vt 0.875000 0.512613
vt 0.875000 0.509186
vt 0.875000 0.505885
vt 0.875000 0.502690
vt 0.875000 0.500000
vt 0.855665 0.500000
vt 0.855649 0.500000
vt 0.855918 0.500000
vt 0.856462 0.500000
vt 0.853438 0.500000
vt 0.859028 0.500000
vt 0.859188 0.500000
vt 0.859344 0.500000
vt 0.859638 0.500000
vt 0.860134 0.500000
vt 0.856297 0.500000
vt 0.862422 0.500000
vt 0.862780 0.500000
vt 0.863061 0.500000
vt 0.863380 0.500000
vt 0.863824 0.500000
vt 0.859095 0.500000
vt 0.866046 0.500000
vt 0.866414 0.500000
vt 0.866724 0.500000
vt 0.867040 0.500000
vt 0.867433 0.500000
vt 0.861708 0.500000
vt 0.869797 0.500000
vt 0.870076 0.500000
vt 0.870332 0.500000
vt 0.870605 0.500000
vt 0.870946 0.500000
vt 0.864043 0.500000
vt 0.855402 0.500000
vt 0.875000 0.517695
vt 0.875000 0.514063
vt 0.856250 0.500000
vt 0.858615 0.500000
vt 0.862140 0.500000
vt 0.865883 0.500000
vt 0.869732 0.500000
vt 0.875000 0.500000
vt 0.856321 0.500000
vt 0.859609 0.500000
vt 0.863037 0.500000
vt 0.866580 0.500000
vt 0.870165 0.500000
vt 0.875000 0.500000
vt 0.857212 0.500000
vt 0.860495 0.500000
vt 0.863847 0.500000
vt 0.867226 0.500000
vt 0.870586 0.500000
vt 0.875000 0.500000
vt 0.858024 0.500000
vt 0.861245 0.500000
vt 0.864514 0.500000
vt 0.867764 0.500000
vt 0.870959 0.500000
vt 0.875000 0.500000
vt 0.858712 0.500000
vt 0.861860 0.500000
vt 0.865035 0.500000
vt 0.868169 0.500000
vt 0.871226 0.500000
vt 0.875000 0.500000
vt 0.874470 0.500277
vt 0.875000 0.516342
vt 0.875000 0.514955
vt 0.875000 0.513596
vt 0.875000 0.512329
vt 0.875000 0.509732
vt 0.875000 0.514806
vt 0.875000 0.513387
vt 0.875000 0.512079
vt 0.875000 0.510861
vt 0.875000 0.509745
vt 0.875000 0.507844
vt 0.875000 0.511630
vt 0.875000 0.510335
vt 0.875000 0.509159
vt 0.875000 0.508092
vt 0.875000 0.507131
vt 0.875000 0.505989
vt 0.875000 0.508250
vt 0.875000 0.507196
vt 0.875000 0.506217
vt 0.875000 0.505321
vt 0.875000 0.504515
vt 0.875000 0.504223
vt 0.875000 0.504770
vt 0.875000 0.504013
vt 0.875000 0.503276
vt 0.875000 0.502558
vt 0.875000 0.501913
vt 0.875000 0.502587
vt 0.875000 0.511865
vt 0.875000 0.509721
vt 0.875000 0.507683
vt 0.875000 0.505806
vt 0.875000 0.500000
vt 0.875000 0.513330
vt 0.875000 0.511135
vt 0.875000 0.509033
vt 0.875000 0.507061
vt 0.875000 0.505263
vt 0.875000 0.500000
vt 0.875000 0.512512
vt 0.875000 0.510373
vt 0.875000 0.508330
vt 0.875000 0.506423
vt 0.875000 0.504694
vt 0.875000 0.500000
vt 0.875000 0.511624
vt 0.875000 0.509567
vt 0.875000 0.507592
vt 0.875000 0.505743
vt 0.875000 0.504065
vt 0.875000 0.500000
vt 0.875000 0.510690
vt 0.875000 0.508718
vt 0.875000 0.506809
vt 0.875000 0.505009
vt 0.875000 0.503362
vt 0.875000 0.500000
vt 0.856990 0.500000
vt 0.857817 0.500000
vt 0.858713 0.500000
vt 0.859657 0.500000
vt 0.860625 0.500000
vt 0.859180 0.500000
vt 0.859894 0.500000
vt 0.860681 0.500000
vt 0.861526 0.500000
vt 0.862409 0.500000
vt 0.863318 0.500000
vt 0.862039 0.500000
vt 0.862709 0.500000
vt 0.863459 0.500000
vt 0.864258 0.500000
vt 0.865091 0.500000
vt 0.865955 0.500000
vt 0.864756 0.500000
vt 0.865371 0.500000
vt 0.866075 0.500000
vt 0.866829 0.500000
vt 0.867626 0.500000
vt 0.868468 0.500000
vt 0.867258 0.500000
vt 0.867820 0.500000
vt 0.868459 0.500000
vt 0.869162 0.500000
vt 0.869939 0.500000
vt 0.870789 0.500000
vt 0.644598 0.500000
vt 0.643750 0.500000
vt 0.625000 0.514063
vt 0.625000 0.517695
vt 0.643679 0.500000
vt 0.642788 0.500000
vt 0.641976 0.500000
vt 0.641288 0.500000
vt 0.639375 0.500000
vt 0.641385 0.500000
vt 0.640351 0.500000
vt 0.639476 0.500000
vt 0.638735 0.500000
vt 0.638131 0.500000
vt 0.636687 0.500000
vt 0.637861 0.500000
vt 0.636911 0.500000
vt 0.636116 0.500000
vt 0.635469 0.500000
vt 0.634959 0.500000
vt 0.634045 0.500000
vt 0.634117 0.500000
vt 0.633378 0.500000
vt 0.632743 0.500000
vt 0.632225 0.500000
vt 0.631828 0.500000
vt 0.631534 0.500000
vt 0.630268 0.500000
vt 0.629807 0.500000
vt 0.629392 0.500000
vt 0.629034 0.500000
vt 0.628773 0.500000
vt 0.629213 0.500000
vt 0.625530 0.500277
vt 0.640820 0.500000
vt 0.637961 0.500000
vt 0.635244 0.500000
vt 0.632742 0.500000
vt 0.625000 0.500000
vt 0.643010 0.500000
vt 0.640066 0.500000
vt 0.637236 0.500000
vt 0.634574 0.500000
vt 0.632146 0.500000
vt 0.625000 0.500000
vt 0.642183 0.500000
vt 0.639282 0.500000
vt 0.636497 0.500000
vt 0.633889 0.500000
vt 0.631524 0.500000
vt 0.625000 0.500000
vt 0.641286 0.500000
vt 0.638453 0.500000
vt 0.635721 0.500000
vt 0.633159 0.500000
vt 0.630833 0.500000
vt 0.625000 0.500000
vt 0.640343 0.500000
vt 0.637579 0.500000
vt 0.634900 0.500000
vt 0.632371 0.500000
vt 0.630060 0.500000
vt 0.625000 0.500000
vt 0.625000 0.513330
vt 0.625000 0.512512
vt 0.625000 0.511624
vt 0.625000 0.510690
vt 0.625000 0.509732
vt 0.625000 0.511865
vt 0.625000 0.511168
vt 0.625000 0.510405
vt 0.625000 0.509587
vt 0.625000 0.508729
vt 0.625000 0.507843
vt 0.625000 0.509721
vt 0.625000 0.509076
vt 0.625000 0.508366
vt 0.625000 0.507610
vt 0.625000 0.506817
vt 0.625000 0.505991
vt 0.625000 0.507683
vt 0.625000 0.507103
vt 0.625000 0.506450
vt 0.625000 0.505753
vt 0.625000 0.505012
vt 0.625000 0.504222
vt 0.625000 0.505806
vt 0.625000 0.505288
vt 0.625000 0.504707
vt 0.625000 0.504069
vt 0.625000 0.503363
vt 0.625000 0.502585
vt 0.625000 0.514806
vt 0.625000 0.511630
vt 0.625000 0.508250
vt 0.625000 0.504770
vt 0.625000 0.500000
vt 0.625000 0.516342
vt 0.625000 0.513417
vt 0.625000 0.510378
vt 0.625000 0.507233
vt 0.625000 0.504037
vt 0.625000 0.500000
vt 0.625000 0.514955
vt 0.625000 0.512097
vt 0.625000 0.509186
vt 0.625000 0.506244
vt 0.625000 0.503296
vt 0.625000 0.500000
vt 0.625000 0.513596
vt 0.625000 0.510871
vt 0.625000 0.508102
vt 0.625000 0.505329
vt 0.625000 0.502564
vt 0.625000 0.500000
vt 0.625000 0.512329
vt 0.625000 0.509749
vt 0.625000 0.507132
vt 0.625000 0.504516
vt 0.625000 0.501913
vt 0.625000 0.500000
vt 0.640000 0.500000
vt 0.644050 0.500000
vt 0.625000 0.517690
vt 0.625000 0.511250
vt 0.641116 0.500000
vt 0.642354 0.500000
vt 0.643698 0.500000
vt 0.645113 0.500000
vt 0.646562 0.500000
vt 0.637656 0.500000
vt 0.638710 0.500000
vt 0.639798 0.500000
vt 0.640983 0.500000
vt 0.642283 0.500000
vt 0.643680 0.500000
vt 0.635369 0.500000
vt 0.636329 0.500000
vt 0.637287 0.500000
vt 0.638336 0.500000
vt 0.639535 0.500000
vt 0.640892 0.500000
vt 0.633195 0.500000
vt 0.634042 0.500000
vt 0.634886 0.500000
vt 0.635832 0.500000
vt 0.636955 0.500000
vt 0.638286 0.500000
vt 0.631194 0.500000
vt 0.631934 0.500000
vt 0.632696 0.500000
vt 0.633570 0.500000
vt 0.634639 0.500000
vt 0.635955 0.500000
vt 0.627239 0.502073
vt 0.640972 0.500000
vt 0.637578 0.500000
vt 0.633954 0.500000
vt 0.630203 0.500000
vt 0.625000 0.500000
vt 0.644335 0.500000
vt 0.640789 0.500000
vt 0.637232 0.500000
vt 0.633615 0.500000
vt 0.629949 0.500000
vt 0.625000 0.500000
vt 0.644351 0.500000
vt 0.640587 0.500000
vt 0.636910 0.500000
vt 0.633286 0.500000
vt 0.629687 0.500000
vt 0.625000 0.500000
vt 0.644082 0.500000
vt 0.640284 0.500000
vt 0.636574 0.500000
vt 0.632952 0.500000
vt 0.629399 0.500000
vt 0.625000 0.500000
vt 0.643538 0.500000
vt 0.639815 0.500000
vt 0.636144 0.500000
vt 0.632558 0.500000
vt 0.629054 0.500000
vt 0.625000 0.500000
vt 0.625000 0.517857
vt 0.625000 0.517669
vt 0.625000 0.517097
vt 0.625000 0.516154
vt 0.625000 0.520267
vt 0.625000 0.514765
vt 0.625000 0.514440
vt 0.625000 0.514090
vt 0.625000 0.513532
vt 0.625000 0.512686
vt 0.625000 0.517569
vt 0.625000 0.511566
vt 0.625000 0.511026
vt 0.625000 0.510551
vt 0.625000 0.509990
vt 0.625000 0.509231
vt 0.625000 0.514923
vt 0.625000 0.508188
vt 0.625000 0.507639
vt 0.625000 0.507136
vt 0.625000 0.506585
vt 0.625000 0.505898
vt 0.625000 0.512443
vt 0.625000 0.504734
vt 0.625000 0.504277
vt 0.625000 0.503826
vt 0.625000 0.503319
vt 0.625000 0.502691
vt 0.625000 0.510216
vt 0.625000 0.509492
vt 0.625000 0.507776
vt 0.625000 0.506146
vt 0.625000 0.504645
vt 0.625000 0.500000
vt 0.625000 0.512780
vt 0.625000 0.510914
vt 0.625000 0.509017
vt 0.625000 0.507189
vt 0.625000 0.505519
vt 0.625000 0.500000
vt 0.625000 0.514481
vt 0.625000 0.512408
vt 0.625000 0.510310
vt 0.625000 0.508290
vt 0.625000 0.506454
vt 0.625000 0.500000
vt 0.625000 0.516329
vt 0.625000 0.514010
vt 0.625000 0.511700
vt 0.625000 0.509496
vt 0.625000 0.507501
vt 0.625000 0.500000
vt 0.625000 0.518274
vt 0.625000 0.515731
vt 0.625000 0.513231
vt 0.625000 0.510866
vt 0.625000 0.508738
vt 0.625000 0.500000
vt 0.625000 0.732305
vt 0.625000 0.735938
vt 0.643750 0.750000
vt 0.644598 0.750000
vt 0.625000 0.733658
vt 0.625000 0.735045
vt 0.625000 0.736404
vt 0.625000 0.737671
vt 0.625000 0.740268
vt 0.625000 0.735194
vt 0.625000 0.736613
vt 0.625000 0.737921
vt 0.625000 0.739139
vt 0.625000 0.740255
vt 0.625000 0.742156
vt 0.625000 0.738370
vt 0.625000 0.739665
vt 0.625000 0.740841
vt 0.625000 0.741908
vt 0.625000 0.742870
vt 0.625000 0.744011
vt 0.625000 0.741750
vt 0.625000 0.742804
vt 0.625000 0.743783
vt 0.625000 0.744679
vt 0.625000 0.745485
vt 0.625000 0.745777
vt 0.625000 0.745230
vt 0.625000 0.745988
vt 0.625000 0.746724
vt 0.625000 0.747442
vt 0.625000 0.748087
vt 0.625000 0.747413
vt 0.625530 0.749723
vt 0.625000 0.738135
vt 0.625000 0.740279
vt 0.625000 0.742317
vt 0.625000 0.744194
vt 0.625000 0.750000
vt 0.625000 0.736670
vt 0.625000 0.738865
vt 0.625000 0.740967
vt 0.625000 0.742939
vt 0.625000 0.744737
vt 0.625000 0.750000
vt 0.625000 0.737488
vt 0.625000 0.739627
vt 0.625000 0.741670
vt 0.625000 0.743577
vt 0.625000 0.745306
vt 0.625000 0.750000
vt 0.625000 0.738376
vt 0.625000 0.740433
vt 0.625000 0.742408
vt 0.625000 0.744257
vt 0.625000 0.745935
vt 0.625000 0.750000
vt 0.625000 0.739310
vt 0.625000 0.741283
vt 0.625000 0.743191
vt 0.625000 0.744991
vt 0.625000 0.746638
vt 0.625000 0.750000
vt 0.643010 0.750000
vt 0.642183 0.750000
vt 0.641286 0.750000
vt 0.640343 0.750000
vt 0.639375 0.750000
vt 0.640820 0.750000
vt 0.640106 0.750000
vt 0.639319 0.750000
vt 0.638474 0.750000
vt 0.637591 0.750000
vt 0.636682 0.750000
vt 0.637961 0.750000
vt 0.637291 0.750000
vt 0.636541 0.750000
vt 0.635742 0.750000
vt 0.634909 0.750000
vt 0.634045 0.750000
vt 0.635244 0.750000
vt 0.634629 0.750000
vt 0.633925 0.750000
vt 0.633171 0.750000
vt 0.632374 0.750000
vt 0.631532 0.750000
vt 0.632742 0.750000
vt 0.632179 0.750000
vt 0.631541 0.750000
vt 0.630838 0.750000
vt 0.630061 0.750000
vt 0.629211 0.750000
vt 0.641385 0.750000
vt 0.637860 0.750000
vt 0.634117 0.750000
vt 0.630268 0.750000
vt 0.625000 0.750000
vt 0.643678 0.750000
vt 0.640391 0.750000
vt 0.636963 0.750000
vt 0.633420 0.750000
vt 0.629835 0.750000
vt 0.625000 0.750000
vt 0.642788 0.750000
vt 0.639505 0.750000
vt 0.636153 0.750000
vt 0.632774 0.750000
vt 0.629414 0.750000
vt 0.625000 0.750000
vt 0.641976 0.750000
vt 0.638755 0.750000
vt 0.635486 0.750000
vt 0.632236 0.750000
vt 0.629041 0.750000
vt 0.625000 0.750000
vt 0.641288 0.750000
vt 0.638140 0.750000
vt 0.634965 0.750000
vt 0.631831 0.750000
vt 0.628774 0.750000
vt 0.625000 0.750000
vt 0.625000 0.738750
vt 0.625000 0.732310
vt 0.644050 0.750000
vt 0.640000 0.750000
vt 0.625000 0.737220
vt 0.625000 0.735518
vt 0.625000 0.733671
vt 0.625000 0.731726
vt 0.625000 0.729733
vt 0.625000 0.740508
vt 0.625000 0.739093
vt 0.625000 0.737617
vt 0.625000 0.736020
vt 0.625000 0.734291
vt 0.625000 0.732457
vt 0.625000 0.742224
vt 0.625000 0.740967
vt 0.625000 0.739693
vt 0.625000 0.738316
vt 0.625000 0.736784
vt 0.625000 0.735093
vt 0.625000 0.743854
vt 0.625000 0.742783
vt 0.625000 0.741697
vt 0.625000 0.740505
vt 0.625000 0.739138
vt 0.625000 0.737564
vt 0.625000 0.745355
vt 0.625000 0.744462
vt 0.625000 0.743537
vt 0.625000 0.742496
vt 0.625000 0.741262
vt 0.625000 0.739786
vt 0.627239 0.747927
vt 0.625000 0.735235
vt 0.625000 0.738434
vt 0.625000 0.741812
vt 0.625000 0.745266
vt 0.625000 0.750000
vt 0.625000 0.732143
vt 0.625000 0.735605
vt 0.625000 0.738978
vt 0.625000 0.742339
vt 0.625000 0.745700
vt 0.625000 0.750000
vt 0.625000 0.732331
vt 0.625000 0.736012
vt 0.625000 0.739500
vt 0.625000 0.742862
vt 0.625000 0.746159
vt 0.625000 0.750000
vt 0.625000 0.732903
vt 0.625000 0.736579
vt 0.625000 0.740077
vt 0.625000 0.743429
vt 0.625000 0.746678
vt 0.625000 0.750000
vt 0.625000 0.733846
vt 0.625000 0.737387
vt 0.625000 0.740814
vt 0.625000 0.744115
vt 0.625000 0.747310
vt 0.625000 0.750000
vt 0.644335 0.750000
vt 0.644351 0.750000
vt 0.644082 0.750000
vt 0.643538 0.750000
vt 0.646562 0.750000
vt 0.640972 0.750000
vt 0.640812 0.750000
vt 0.640656 0.750000
vt 0.640362 0.750000
vt 0.639866 0.750000
vt 0.643703 0.750000
vt 0.637578 0.750000
vt 0.637220 0.750000
vt 0.636939 0.750000
vt 0.636620 0.750000
vt 0.636176 0.750000
vt 0.640905 0.750000
vt 0.633954 0.750000
vt 0.633586 0.750000
vt 0.633276 0.750000
vt 0.632960 0.750000
vt 0.632567 0.750000
vt 0.638292 0.750000
vt 0.630203 0.750000
vt 0.629924 0.750000
vt 0.629668 0.750000
vt 0.629395 0.750000
vt 0.629054 0.750000
vt 0.635957 0.750000
vt 0.637656 0.750000
vt 0.635369 0.750000
vt 0.633195 0.750000
vt 0.631194 0.750000
vt 0.625000 0.750000
vt 0.641116 0.750000
vt 0.638705 0.750000
vt 0.636299 0.750000
vt 0.634001 0.750000
vt 0.631908 0.750000
vt 0.625000 0.750000
vt 0.642354 0.750000
vt 0.639809 0.750000
vt 0.637277 0.750000
vt 0.634865 0.750000
vt 0.632683 0.750000
vt 0.625000 0.750000
vt 0.643698 0.750000
vt 0.641003 0.750000
vt 0.638345 0.750000
vt 0.635829 0.750000
vt 0.633567 0.750000
vt 0.625000 0.750000
vt 0.645113 0.750000
vt 0.642298 0.750000
vt 0.639546 0.750000
vt 0.636957 0.750000
vt 0.634639 0.750000
vt 0.625000 0.750000
vt 0.855402 0.750000
vt 0.856250 0.750000
vt 0.875000 0.735938
vt 0.875000 0.732305
vt 0.856321 0.750000
vt 0.857212 0.750000
vt 0.858024 0.750000
vt 0.858712 0.750000
vt 0.860625 0.750000
vt 0.858615 0.750000
vt 0.859649 0.750000
vt 0.860524 0.750000
vt 0.861265 0.750000
vt 0.861869 0.750000
vt 0.863313 0.750000
vt 0.862140 0.750000
vt 0.863089 0.750000
vt 0.863884 0.750000
vt 0.864531 0.750000
vt 0.865041 0.750000
vt 0.865955 0.750000
vt 0.865883 0.750000
vt 0.866622 0.750000
vt 0.867257 0.750000
vt 0.867775 0.750000
vt 0.868172 0.750000
vt 0.868466 0.750000
vt 0.869732 0.750000
vt 0.870193 0.750000
vt 0.870607 0.750000
vt 0.870966 0.750000
vt 0.871227 0.750000
vt 0.870787 0.750000
vt 0.874470 0.749723
vt 0.859180 0.750000
vt 0.862039 0.750000
vt 0.864756 0.750000
vt 0.867258 0.750000
vt 0.875000 0.750000
vt 0.856990 0.750000
vt 0.859934 0.750000
vt 0.862764 0.750000
vt 0.865426 0.750000
vt 0.867854 0.750000
vt 0.875000 0.750000
vt 0.857817 0.750000
vt 0.860718 0.750000
vt 0.863503 0.750000
vt 0.866111 0.750000
vt 0.868476 0.750000
vt 0.875000 0.750000
vt 0.858714 0.750000
vt 0.861548 0.750000
vt 0.864279 0.750000
vt 0.866841 0.750000
vt 0.869168 0.750000
vt 0.875000 0.750000
vt 0.859657 0.750000
vt 0.862421 0.750000
vt 0.865100 0.750000
vt 0.867629 0.750000
vt 0.869940 0.750000
vt 0.875000 0.750000
vt 0.875000 0.736670
vt 0.875000 0.737488
vt 0.875000 0.738376
vt 0.875000 0.739310
vt 0.875000 0.740268
vt 0.875000 0.738135
vt 0.875000 0.738832
vt 0.875000 0.739594
vt 0.875000 0.740412
vt 0.875000 0.741271
vt 0.875000 0.742157
vt 0.875000 0.740279
vt 0.875000 0.740924
vt 0.875000 0.741634
vt 0.875000 0.742390
vt 0.875000 0.743183
vt 0.875000 0.744009
vt 0.875000 0.742317
vt 0.875000 0.742897
vt 0.875000 0.743550
vt 0.875000 0.744247
vt 0.875000 0.744988
vt 0.875000 0.745778
vt 0.875000 0.744194
vt 0.875000 0.744712
vt 0.875000 0.745293
vt 0.875000 0.745931
vt 0.875000 0.746638
vt 0.875000 0.747415
vt 0.875000 0.735194
vt 0.875000 0.738370
vt 0.875000 0.741750
vt 0.875000 0.745230
vt 0.875000 0.750000
vt 0.875000 0.733658
vt 0.875000 0.736583
vt 0.875000 0.739622
vt 0.875000 0.742767
vt 0.875000 0.745963
vt 0.875000 0.750000
vt 0.875000 0.735045
vt 0.875000 0.737903
vt 0.875000 0.740814
vt 0.875000 0.743757
vt 0.875000 0.746704
vt 0.875000 0.750000
vt 0.875000 0.736404
vt 0.875000 0.739129
vt 0.875000 0.741898
vt 0.875000 0.744671
vt 0.875000 0.747436
vt 0.875000 0.750000
vt 0.875000 0.737671
vt 0.875000 0.740251
vt 0.875000 0.742868
vt 0.875000 0.745484
vt 0.875000 0.748087
vt 0.875000 0.750000
vt 0.860000 0.750000
vt 0.855950 0.750000
vt 0.875000 0.732310
vt 0.875000 0.738750
vt 0.858884 0.750000
vt 0.857646 0.750000
vt 0.856302 0.750000
vt 0.854887 0.750000
vt 0.853438 0.750000
vt 0.862344 0.750000
vt 0.861290 0.750000
vt 0.860202 0.750000
vt 0.859017 0.750000
vt 0.857718 0.750000
vt 0.856320 0.750000
vt 0.864631 0.750000
vt 0.863671 0.750000
vt 0.862713 0.750000
vt 0.861664 0.750000
vt 0.860465 0.750000
vt 0.859108 0.750000
vt 0.866805 0.750000
vt 0.865958 0.750000
vt 0.865114 0.750000
vt 0.864168 0.750000
vt 0.863045 0.750000
vt 0.861714 0.750000
vt 0.868806 0.750000
vt 0.868066 0.750000
vt 0.867304 0.750000
vt 0.866430 0.750000
vt 0.865361 0.750000
vt 0.864045 0.750000
vt 0.872761 0.747927
vt 0.859028 0.750000
vt 0.862422 0.750000
vt 0.866046 0.750000
vt 0.869797 0.750000
vt 0.875000 0.750000
vt 0.855665 0.750000
vt 0.859211 0.750000
vt 0.862768 0.750000
vt 0.866385 0.750000
vt 0.870051 0.750000
vt 0.875000 0.750000
vt 0.855649 0.750000
vt 0.859413 0.750000
vt 0.863089 0.750000
vt 0.866713 0.750000
vt 0.870313 0.750000
vt 0.875000 0.750000
vt 0.855918 0.750000
vt 0.859716 0.750000
vt 0.863426 0.750000
vt 0.867048 0.750000
vt 0.870601 0.750000
vt 0.875000 0.750000
vt 0.856462 0.750000
vt 0.860185 0.750000
vt 0.863856 0.750000
vt 0.867442 0.750000
vt 0.870946 0.750000
vt 0.875000 0.750000
vt 0.875000 0.732143
vt 0.875000 0.732331
vt 0.875000 0.732903
vt 0.875000 0.733846
vt 0.875000 0.729733
vt 0.875000 0.735235
vt 0.875000 0.735560
vt 0.875000 0.735910
vt 0.875000 0.736468
vt 0.875000 0.737314
vt 0.875000 0.732431
vt 0.875000 0.738434
vt 0.875000 0.738974
vt 0.875000 0.739449
vt 0.875000 0.740010
vt 0.875000 0.740769
vt 0.875000 0.735077
vt 0.875000 0.741812
vt 0.875000 0.742361
vt 0.875000 0.742864
vt 0.875000 0.743415
vt 0.875000 0.744102
vt 0.875000 0.737557
vt 0.875000 0.745266
vt 0.875000 0.745723
vt 0.875000 0.746175
vt 0.875000 0.746681
vt 0.875000 0.747309
vt 0.875000 0.739784
vt 0.875000 0.740508
vt 0.875000 0.742224
vt 0.875000 0.743854
vt 0.875000 0.745355
vt 0.875000 0.750000
vt 0.875000 0.737220
vt 0.875000 0.739086
vt 0.875000 0.740983
vt 0.875000 0.742811
vt 0.875000 0.744482
vt 0.875000 0.750000
vt 0.875000 0.735519
vt 0.875000 0.737592
vt 0.875000 0.739690
vt 0.875000 0.741710
vt 0.875000 0.743547
vt 0.875000 0.750000
vt 0.875000 0.733671
vt 0.875000 0.735990
vt 0.875000 0.738300
vt 0.875000 0.740504
vt 0.875000 0.742499
vt 0.875000 0.750000
vt 0.875000 0.731726
vt 0.875000 0.734269
vt 0.875000 0.736769
vt 0.875000 0.739134
vt 0.875000 0.741262
vt 0.875000 0.750000
s 0
f 1017/1017/1 1620/1620/1 711/711/1 802/802/1
f 23/23/2 35/35/2 288/288/2 411/411/2
f 34/34/3 2/2/3 47/47/3 289/289/3
f 12/12/4 24/24/4 410/410/4 168/168/4
f 45/45/5 166/166/5 1259/1259/5 1498/1498/5
f 1619/1619/6 1378/1378/6 531/531/6 712/712/6
f 803/803/7 713/713/7 530/530/7 622/622/7
f 1135/1135/8 1014/1014/8 804/804/8 621/621/8
f 1257/1257/7 896/896/7 1861/1861/7 2224/2224/7
f 1377/1377/9 1136/1136/9 620/620/9 529/529/9
f 1137/1137/10 1380/1380/10 2346/2346/10 2105/2105/10
f 169/169/8 409/409/8 893/893/8 1256/1256/8
f 1621/1621/2 1016/1016/2 1984/1984/2 2589/2589/2
f 290/290/6 46/46/6 1501/1501/6 1740/1740/6
f 2225/2225/8 1864/1864/8 1982/1982/8 2103/2103/8
f 408/408/11 287/287/11 1743/1743/11 894/894/11
f 1379/1379/3 1622/1622/3 2588/2588/3 2347/2347/3
f 2467/2467/12 2226/2226/12 2106/2106/12 2345/2345/12
f 2709/2709/6 2468/2468/6 2348/2348/6 2587/2587/6
f 1863/1863/1 2710/2710/1 2590/2590/1 1983/1983/1
f 1499/1499/2 1258/1258/2 2227/2227/2 2466/2466/2
f 1741/1741/4 1500/1500/4 2469/2469/4 2708/2708/4
f 1015/1015/4 1138/1138/4 2104/2104/4 1985/1985/4
f 895/895/10 1742/1742/10 2711/2711/10 1862/1862/10
f 45/45/13 49/49/13 55/55/13 54/54/13
f 49/49/14 50/50/14 56/56/14 55/55/14
f 50/50/15 51/51/15 57/57/15 56/56/15
f 51/51/16 52/52/16 58/58/16 57/57/16
f 52/52/17 53/53/17 59/59/17 58/58/17
f 54/54/18 55/55/18 61/61/18 60/60/18
f 55/55/19 56/56/19 62/62/19 61/61/19
f 56/56/20 57/57/20 63/63/20 62/62/20
f 57/57/21 58/58/21 64/64/21 63/63/21
f 58/58/22 59/59/22 65/65/22 64/64/22
f 60/60/23 61/61/23 67/67/23 66/66/23
f 61/61/24 62/62/24 68/68/24 67/67/24
f 62/62/25 63/63/25 69/69/25 68/68/25
f 63/63/26 64/64/26 70/70/26 69/69/26
f 64/64/27 65/65/27 71/71/27 70/70/27
f 66/66/28 67/67/28 73/73/28 72/72/28
f 67/67/29 68/68/29 74/74/29 73/73/29
f 68/68/30 69/69/30 75/75/30 74/74/30
f 69/69/31 70/70/31 76/76/31 75/75/31
f 70/70/32 71/71/32 77/77/32 76/76/32
f 72/72/33 73/73/33 147/147/33 141/141/33
f 73/73/34 74/74/34 153/153/34 147/147/34
f 74/74/35 75/75/35 159/159/35 153/153/35
f 75/75/36 76/76/36 165/165/36 159/159/36
f 76/76/37 77/77/37 78/78/37 165/165/37
f 46/46/38 79/79/38 85/85/38 84/84/38
f 79/79/39 80/80/39 86/86/39 85/85/39
f 80/80/40 81/81/40 87/87/40 86/86/40
f 81/81/41 82/82/41 88/88/41 87/87/41
f 82/82/42 83/83/42 89/89/42 88/88/42
f 84/84/43 85/85/43 91/91/43 90/90/43
f 85/85/44 86/86/44 92/92/44 91/91/44
f 86/86/45 87/87/45 93/93/45 92/92/45
f 87/87/46 88/88/46 94/94/46 93/93/46
f 88/88/47 89/89/47 95/95/47 94/94/47
f 90/90/48 91/91/48 97/97/48 96/96/48
f 91/91/49 92/92/49 98/98/49 97/97/49
f 92/92/50 93/93/50 99/99/50 98/98/50
f 93/93/51 94/94/51 100/100/51 99/99/51
f 94/94/52 95/95/52 101/101/52 100/100/52
f 96/96/53 97/97/53 103/103/53 102/102/53
f 97/97/54 98/98/54 104/104/54 103/103/54
f 98/98/55 99/99/55 105/105/55 104/104/55
f 99/99/56 100/100/56 106/106/56 105/105/56
f 100/100/57 101/101/57 107/107/57 106/106/57
f 102/102/58 103/103/58 59/59/58 53/53/58
f 103/103/59 104/104/59 65/65/59 59/59/59
f 104/104/60 105/105/60 71/71/60 65/65/60
f 105/105/61 106/106/61 77/77/61 71/71/61
f 106/106/62 107/107/62 78/78/62 77/77/62
f 47/47/63 108/108/63 114/114/63 113/113/63
f 108/108/64 109/109/64 115/115/64 114/114/64
f 109/109/65 110/110/65 116/116/65 115/115/65
f 110/110/66 111/111/66 117/117/66 116/116/66
f 111/111/67 112/112/67 118/118/67 117/117/67
f 113/113/68 114/114/68 120/120/68 119/119/68
f 114/114/69 115/115/69 121/121/69 120/120/69
f 115/115/70 116/116/70 122/122/70 121/121/70
f 116/116/71 117/117/71 123/123/71 122/122/71
f 117/117/72 118/118/72 124/124/72 123/123/72
f 119/119/73 120/120/73 126/126/73 125/125/73
f 120/120/74 121/121/74 127/127/74 126/126/74
f 121/121/75 122/122/75 128/128/75 127/127/75
f 122/122/76 123/123/76 129/129/76 128/128/76
f 123/123/77 124/124/77 130/130/77 129/129/77
f 125/125/78 126/126/78 132/132/78 131/131/78
f 126/126/79 127/127/79 133/133/79 132/132/79
f 127/127/80 128/128/80 134/134/80 133/133/80
f 128/128/81 129/129/81 135/135/81 134/134/81
f 129/129/82 130/130/82 136/136/82 135/135/82
f 131/131/83 132/132/83 89/89/83 83/83/83
f 132/132/84 133/133/84 95/95/84 89/89/84
f 133/133/85 134/134/85 101/101/85 95/95/85
f 134/134/86 135/135/86 107/107/86 101/101/86
f 135/135/87 136/136/87 78/78/87 107/107/87
f 48/48/88 137/137/88 143/143/88 142/142/88
f 137/137/89 138/138/89 144/144/89 143/143/89
f 138/138/90 139/139/90 145/145/90 144/144/90
f 139/139/91 140/140/91 146/146/91 145/145/91
f 140/140/92 141/141/92 147/147/92 146/146/92
f 142/142/93 143/143/93 149/149/93 148/148/93
f 143/143/94 144/144/94 150/150/94 149/149/94
f 144/144/95 145/145/95 151/151/95 150/150/95
f 145/145/96 146/146/96 152/152/96 151/151/96
f 146/146/97 147/147/97 153/153/97 152/152/97
f 148/148/98 149/149/98 155/155/98 154/154/98
f 149/149/99 150/150/99 156/156/99 155/155/99
f 150/150/100 151/151/100 157/157/100 156/156/100
f 151/151/101 152/152/101 158/158/101 157/157/101
f 152/152/102 153/153/102 159/159/102 158/158/102
f 154/154/103 155/155/103 161/161/103 160/160/103
f 155/155/104 156/156/104 162/162/104 161/161/104
f 156/156/105 157/157/105 163/163/105 162/162/105
f 157/157/106 158/158/106 164/164/106 163/163/106
f 158/158/107 159/159/107 165/165/107 164/164/107
f 160/160/108 161/161/108 118/118/108 112/112/108
f 161/161/109 162/162/109 124/124/109 118/118/109
f 162/162/110 163/163/110 130/130/110 124/124/110
f 163/163/111 164/164/111 136/136/111 130/130/111
f 164/164/112 165/165/112 78/78/112 136/136/112
f 166/166/113 170/170/113 176/176/113 175/175/113
f 170/170/114 171/171/114 177/177/114 176/176/114
f 171/171/115 172/172/115 178/178/115 177/177/115
f 172/172/116 173/173/116 179/179/116 178/178/116
f 173/173/117 174/174/117 180/180/117 179/179/117
f 175/175/118 176/176/118 182/182/118 181/181/118
f 176/176/119 177/177/119 183/183/119 182/182/119
f 177/177/120 178/178/120 184/184/120 183/183/120
f 178/178/121 179/179/121 185/185/121 184/184/121
f 179/179/122 180/180/122 186/186/122 185/185/122
f 181/181/123 182/182/123 188/188/123 187/187/123
f 182/182/124 183/183/124 189/189/124 188/188/124
f 183/183/125 184/184/125 190/190/125 189/189/125
f 184/184/126 185/185/126 191/191/126 190/190/126
f 185/185/127 186/186/127 192/192/127 191/191/127
f 187/187/128 188/188/128 194/194/128 193/193/128
f 188/188/129 189/189/129 195/195/129 194/194/129
f 189/189/130 190/190/130 196/196/130 195/195/130
f 190/190/131 191/191/131 197/197/131 196/196/131
f 191/191/132 192/192/132 198/198/132 197/197/132
f 193/193/133 194/194/133 268/268/133 262/262/133
f 194/194/134 195/195/134 274/274/134 268/268/134
f 195/195/135 196/196/135 280/280/135 274/274/135
f 196/196/136 197/197/136 286/286/136 280/280/136
f 197/197/137 198/198/137 199/199/137 286/286/137
f 167/167/138 200/200/138 206/206/138 205/205/138
f 200/200/139 201/201/139 207/207/139 206/206/139
f 201/201/140 202/202/140 208/208/140 207/207/140
f 202/202/141 203/203/141 209/209/141 208/208/141
f 203/203/142 204/204/142 210/210/142 209/209/142
f 205/205/143 206/206/143 212/212/143 211/211/143
f 206/206/144 207/207/144 213/213/144 212/212/144
f 207/207/145 208/208/145 214/214/145 213/213/145
f 208/208/146 209/209/146 215/215/146 214/214/146
f 209/209/147 210/210/147 216/216/147 215/215/147
f 211/211/148 212/212/148 218/218/148 217/217/148
f 212/212/149 213/213/149 219/219/149 218/218/149
f 213/213/150 214/214/150 220/220/150 219/219/150
f 214/214/151 215/215/151 221/221/151 220/220/151
f 215/215/152 216/216/152 222/222/152 221/221/152
f 217/217/153 218/218/153 224/224/153 223/223/153
f 218/218/154 219/219/154 225/225/154 224/224/154
f 219/219/155 220/220/155 226/226/155 225/225/155
f 220/220/156 221/221/156 227/227/156 226/226/156
f 221/221/157 222/222/157 228/228/157 227/227/157
f 223/223/158 224/224/158 180/180/158 174/174/158
f 224/224/159 225/225/159 186/186/159 180/180/159
f 225/225/160 226/226/160 192/192/160 186/186/160
f 226/226/161 227/227/161 198/198/161 192/192/161
f 227/227/162 228/228/162 199/199/162 198/198/162
f 168/168/163 229/229/163 235/235/163 234/234/163
f 229/229/164 230/230/164 236/236/164 235/235/164
f 230/230/165 231/231/165 237/237/165 236/236/165
f 231/231/166 232/232/166 238/238/166 237/237/166
f 232/232/167 233/233/167 239/239/167 238/238/167
f 234/234/168 235/235/168 241/241/168 240/240/168
f 235/235/169 236/236/169 242/242/169 241/241/169
f 236/236/170 237/237/170 243/243/170 242/242/170
f 237/237/171 238/238/171 244/244/171 243/243/171
f 238/238/172 239/239/172 245/245/172 244/244/172
f 240/240/173 241/241/173 247/247/173 246/246/173
f 241/241/174 242/242/174 248/248/174 247/247/174
f 242/242/175 243/243/175 249/249/175 248/248/175
f 243/243/176 244/244/176 250/250/176 249/249/176
f 244/244/177 245/245/177 251/251/177 250/250/177
f 246/246/178 247/247/178 253/253/178 252/252/178
f 247/247/179 248/248/179 254/254/179 253/253/179
f 248/248/180 249/249/180 255/255/180 254/254/180
f 249/249/181 250/250/181 256/256/181 255/255/181
f 250/250/182 251/251/182 257/257/182 256/256/182
f 252/252/183 253/253/183 210/210/183 204/204/183
f 253/253/184 254/254/184 216/216/184 210/210/184
f 254/254/185 255/255/185 222/222/185 216/216/185
f 255/255/186 256/256/186 228/228/186 222/222/186
f 256/256/187 257/257/187 199/199/187 228/228/187
f 169/169/188 258/258/188 264/264/188 263/263/188
f 258/258/189 259/259/189 265/265/189 264/264/189
f 259/259/190 260/260/190 266/266/190 265/265/190
f 260/260/191 261/261/191 267/267/191 266/266/191
f 261/261/192 262/262/192 268/268/192 267/267/192
f 263/263/193 264/264/193 270/270/193 269/269/193
f 264/264/194 265/265/194 271/271/194 270/270/194
f 265/265/195 266/266/195 272/272/195 271/271/195
f 266/266/196 267/267/196 273/273/196 272/272/196
f 267/267/197 268/268/197 274/274/197 273/273/197
f 269/269/198 270/270/198 276/276/198 275/275/198
f 270/270/199 271/271/199 277/277/199 276/276/199
f 271/271/200 272/272/200 278/278/200 277/277/200
f 272/272/201 273/273/201 279/279/201 278/278/201
f 273/273/202 274/274/202 280/280/202 279/279/202
f 275/275/203 276/276/203 282/282/203 281/281/203
f 276/276/204 277/277/204 283/283/204 282/282/204
f 277/277/205 278/278/205 284/284/205 283/283/205
f 278/278/206 279/279/206 285/285/206 284/284/206
f 279/279/207 280/280/207 286/286/207 285/285/207
f 281/281/208 282/282/208 239/239/208 233/233/208
f 282/282/209 283/283/209 245/245/209 239/239/209
f 283/283/210 284/284/210 251/251/210 245/245/210
f 284/284/211 285/285/211 257/257/211 251/251/211
f 285/285/212 286/286/212 199/199/212 257/257/212
f 287/287/213 291/291/213 297/297/213 296/296/213
f 291/291/214 292/292/214 298/298/214 297/297/214
f 292/292/215 293/293/215 299/299/215 298/298/215
f 293/293/216 294/294/216 300/300/216 299/299/216
f 294/294/217 295/295/217 301/301/217 300/300/217
f 296/296/218 297/297/218 303/303/218 302/302/218
f 297/297/219 298/298/219 304/304/219 303/303/219
f 298/298/220 299/299/220 305/305/220 304/304/220
f 299/299/221 300/300/221 306/306/221 305/305/221
f 300/300/222 301/301/222 307/307/222 306/306/222
f 302/302/223 303/303/223 309/309/223 308/308/223
f 303/303/224 304/304/224 310/310/224 309/309/224
f 304/304/225 305/305/225 311/311/225 310/310/225
f 305/305/226 306/306/226 312/312/226 311/311/226
f 306/306/227 307/307/227 313/313/227 312/312/227
f 308/308/228 309/309/228 315/315/228 314/314/228
f 309/309/229 310/310/229 316/316/229 315/315/229
f 310/310/230 311/311/230 317/317/230 316/316/230
f 311/311/231 312/312/231 318/318/231 317/317/231
f 312/312/232 313/313/232 319/319/232 318/318/232
f 314/314/233 315/315/233 389/389/233 383/383/233
f 315/315/234 316/316/234 395/395/234 389/389/234
f 316/316/235 317/317/235 401/401/235 395/395/235
f 317/317/236 318/318/236 407/407/236 401/401/236
f 318/318/237 319/319/237 320/320/237 407/407/237
f 288/288/238 321/321/238 327/327/238 326/326/238
f 321/321/239 322/322/239 328/328/239 327/327/239
f 322/322/240 323/323/240 329/329/240 328/328/240
f 323/323/241 324/324/241 330/330/241 329/329/241
f 324/324/242 325/325/242 331/331/242 330/330/242
f 326/326/243 327/327/243 333/333/243 332/332/243
f 327/327/244 328/328/244 334/334/244 333/333/244
f 328/328/245 329/329/245 335/335/245 334/334/245
f 329/329/246 330/330/246 336/336/246 335/335/246
f 330/330/247 331/331/247 337/337/247 336/336/247
f 332/332/248 333/333/248 339/339/248 338/338/248
f 333/333/249 334/334/249 340/340/249 339/339/249
f 334/334/250 335/335/250 341/341/250 340/340/250
f 335/335/251 336/336/251 342/342/251 341/341/251
f 336/336/252 337/337/252 343/343/252 342/342/252
f 338/338/253 339/339/253 345/345/253 344/344/253
f 339/339/254 340/340/254 346/346/254 345/345/254
f 340/340/255 341/341/255 347/347/255 346/346/255
f 341/341/256 342/342/256 348/348/256 347/347/256
f 342/342/257 343/343/257 349/349/257 348/348/257
f 344/344/258 345/345/258 301/301/258 295/295/258
f 345/345/259 346/346/259 307/307/259 301/301/259
f 346/346/260 347/347/260 313/313/260 307/307/260
f 347/347/261 348/348/261 319/319/261 313/313/261
f 348/348/262 349/349/262 320/320/262 319/319/262
f 289/289/263 350/350/263 356/356/263 355/355/263
f 350/350/264 351/351/264 357/357/264 356/356/264
f 351/351/265 352/352/265 358/358/265 357/357/265
f 352/352/266 353/353/266 359/359/266 358/358/266
f 353/353/267 354/354/267 360/360/267 359/359/267
f 355/355/268 356/356/268 362/362/268 361/361/268
f 356/356/269 357/357/269 363/363/269 362/362/269
f 357/357/270 358/358/270 364/364/270 363/363/270
f 358/358/271 359/359/271 365/365/271 364/364/271
f 359/359/272 360/360/272 366/366/272 365/365/272
f 361/361/273 362/362/273 368/368/273 367/367/273
f 362/362/274 363/363/274 369/369/274 368/368/274
f 363/363/275 364/364/275 370/370/275 369/369/275
f 364/364/276 365/365/276 371/371/276 370/370/276
f 365/365/277 366/366/277 372/372/277 371/371/277
f 367/367/278 368/368/278 374/374/278 373/373/278
f 368/368/279 369/369/279 375/375/279 374/374/279
f 369/369/280 370/370/280 376/376/280 375/375/280
f 370/370/281 371/371/281 377/377/281 376/376/281
f 371/371/282 372/372/282 378/378/282 377/377/282
f 373/373/283 374/374/283 331/331/283 325/325/283
f 374/374/284 375/375/284 337/337/284 331/331/284
f 375/375/285 376/376/285 343/343/285 337/337/285
f 376/376/286 377/377/286 349/349/286 343/343/286
f 377/377/287 378/378/287 320/320/287 349/349/287
f 290/290/288 379/379/288 385/385/288 384/384/288
f 379/379/289 380/380/289 386/386/289 385/385/289
f 380/380/290 381/381/290 387/387/290 386/386/290
f 381/381/291 382/382/291 388/388/291 387/387/291
f 382/382/292 383/383/292 389/389/292 388/388/292
f 384/384/293 385/385/293 391/391/293 390/390/293
f 385/385/294 386/386/294 392/392/294 391/391/294
f 386/386/295 387/387/295 393/393/295 392/392/295
f 387/387/296 388/388/296 394/394/296 393/393/296
f 388/388/297 389/389/297 395/395/297 394/394/297
f 390/390/298 391/391/298 397/397/298 396/396/298
f 391/391/299 392/392/299 398/398/299 397/397/299
f 392/392/300 393/393/300 399/399/300 398/398/300
f 393/393/301 394/394/301 400/400/301 399/399/301
f 394/394/302 395/395/302 401/401/302 400/400/302
f 396/396/303 397/397/303 403/403/303 402/402/303
f 397/397/304 398/398/304 404/404/304 403/403/304
f 398/398/305 399/399/305 405/405/305 404/404/305
f 399/399/306 400/400/306 406/406/306 405/405/306
f 400/400/307 401/401/307 407/407/307 406/406/307
f 402/402/308 403/403/308 360/360/308 354/354/308
f 403/403/309 404/404/309 366/366/309 360/360/309
f 404/404/310 405/405/310 372/372/310 366/366/310
f 405/405/311 406/406/311 378/378/311 372/372/311
f 406/406/312 407/407/312 320/320/312 378/378/312
f 408/408/313 412/412/313 418/418/313 417/417/313
f 412/412/314 413/413/314 419/419/314 418/418/314
f 413/413/315 414/414/315 420/420/315 419/419/315
f 414/414/316 415/415/316 421/421/316 420/420/316
f 415/415/317 416/416/317 422/422/317 421/421/317
f 417/417/318 418/418/318 424/424/318 423/423/318
f 418/418/319 419/419/319 425/425/319 424/424/319
f 419/419/320 420/420/320 426/426/320 425/425/320
f 420/420/321 421/421/321 427/427/321 426/426/321
f 421/421/322 422/422/322 428/428/322 427/427/322
f 423/423/323 424/424/323 430/430/323 429/429/323
f 424/424/324 425/425/324 431/431/324 430/430/324
f 425/425/325 426/426/325 432/432/325 431/431/325
f 426/426/326 427/427/326 433/433/326 432/432/326
f 427/427/327 428/428/327 434/434/327 433/433/327
f 429/429/328 430/430/328 436/436/328 435/435/328
f 430/430/329 431/431/329 437/437/329 436/436/329
f 431/431/330 432/432/330 438/438/330 437/437/330
f 432/432/331 433/433/331 439/439/331 438/438/331
f 433/433/332 434/434/332 440/440/332 439/439/332
f 435/435/333 436/436/333 510/510/333 504/504/333
f 436/436/334 437/437/334 516/516/334 510/510/334
f 437/437/335 438/438/335 522/522/335 516/516/335
f 438/438/336 439/439/336 528/528/336 522/522/336
f 439/439/337 440/440/337 441/441/337 528/528/337
f 409/409/338 442/442/338 448/448/338 447/447/338
f 442/442/339 443/443/339 449/449/339 448/448/339
f 443/443/340 444/444/340 450/450/340 449/449/340
f 444/444/341 445/445/341 451/451/341 450/450/341
f 445/445/342 446/446/342 452/452/342 451/451/342
f 447/447/343 448/448/343 454/454/343 453/453/343
f 448/448/344 449/449/344 455/455/344 454/454/344
f 449/449/345 450/450/345 456/456/345 455/455/345
f 450/450/346 451/451/346 457/457/346 456/456/346
f 451/451/347 452/452/347 458/458/347 457/457/347
f 453/453/348 454/454/348 460/460/348 459/459/348
f 454/454/349 455/455/349 461/461/349 460/460/349
f 455/455/350 456/456/350 462/462/350 461/461/350
f 456/456/351 457/457/351 463/463/351 462/462/351
f 457/457/352 458/458/352 464/464/352 463/463/352
f 459/459/353 460/460/353 466/466/353 465/465/353
f 460/460/354 461/461/354 467/467/354 466/466/354
f 461/461/355 462/462/355 468/468/355 467/467/355
f 462/462/356 463/463/356 469/469/356 468/468/356
f 463/463/357 464/464/357 470/470/357 469/469/357
f 465/465/358 466/466/358 422/422/358 416/416/358
f 466/466/359 467/467/359 428/428/359 422/422/359
f 467/467/360 468/468/360 434/434/360 428/428/360
f 468/468/361 469/469/361 440/440/361 434/434/361
f 469/469/362 470/470/362 441/441/362 440/440/362
f 410/410/363 471/471/363 477/477/363 476/476/363
f 471/471/364 472/472/364 478/478/364 477/477/364
f 472/472/365 473/473/365 479/479/365 478/478/365
f 473/473/366 474/474/366 480/480/366 479/479/366
f 474/474/367 475/475/367 481/481/367 480/480/367
f 476/476/368 477/477/368 483/483/368 482/482/368
f 477/477/369 478/478/369 484/484/369 483/483/369
f 478/478/370 479/479/370 485/485/370 484/484/370
f 479/479/371 480/480/371 486/486/371 485/485/371
f 480/480/372 481/481/372 487/487/372 486/486/372
f 482/482/373 483/483/373 489/489/373 488/488/373
f 483/483/374 484/484/374 490/490/374 489/489/374
f 484/484/375 485/485/375 491/491/375 490/490/375
f 485/485/376 486/486/376 492/492/376 491/491/376
f 486/486/377 487/487/377 493/493/377 492/492/377
f 488/488/378 489/489/378 495/495/378 494/494/378
f 489/489/379 490/490/379 496/496/379 495/495/379
f 490/490/380 491/491/380 497/497/380 496/496/380
f 491/491/381 492/492/381 498/498/381 497/497/381
f 492/492/382 493/493/382 499/499/382 498/498/382
f 494/494/383 495/495/383 452/452/383 446/446/383
f 495/495/384 496/496/384 458/458/384 452/452/384
f 496/496/385 497/497/385 464/464/385 458/458/385
f 497/497/386 498/498/386 470/470/386 464/464/386
f 498/498/387 499/499/387 441/441/387 470/470/387
f 411/411/388 500/500/388 506/506/388 505/505/388
f 500/500/389 501/501/389 507/507/389 506/506/389
f 501/501/390 502/502/390 508/508/390 507/507/390
f 502/502/391 503/503/391 509/509/391 508/508/391
f 503/503/392 504/504/392 510/510/392 509/509/392
f 505/505/393 506/506/393 512/512/393 511/511/393
f 506/506/394 507/507/394 513/513/394 512/512/394
f 507/507/395 508/508/395 514/514/395 513/513/395
f 508/508/396 509/509/396 515/515/396 514/514/396
f 509/509/397 510/510/397 516/516/397 515/515/397
f 511/511/398 512/512/398 518/518/398 517/517/398
f 512/512/399 513/513/399 519/519/399 518/518/399
f 513/513/400 514/514/400 520/520/400 519/519/400
f 514/514/401 515/515/401 521/521/401 520/520/401
f 515/515/402 516/516/402 522/522/402 521/521/402
f 517/517/403 518/518/403 524/524/403 523/523/403
f 518/518/404 519/519/404 525/525/404 524/524/404
f 519/519/405 520/520/405 526/526/405 525/525/405
f 520/520/406 521/521/406 527/527/406 526/526/406
f 521/521/407 522/522/407 528/528/407 527/527/407
f 523/523/408 524/524/408 481/481/408 475/475/408
f 524/524/409 525/525/409 487/487/409 481/481/409
f 525/525/410 526/526/410 493/493/410 487/487/410
f 526/526/411 527/527/411 499/499/411 493/493/411
f 527/527/412 528/528/412 441/441/412 499/499/412
f 529/529/413 532/532/413 538/538/413 537/537/413
f 532/532/414 533/533/414 539/539/414 538/538/414
f 533/533/415 534/534/415 540/540/415 539/539/415
f 534/534/416 535/535/416 541/541/416 540/540/416
f 535/535/417 536/536/417 542/542/417 541/541/417
f 537/537/418 538/538/418 544/544/418 543/543/418
f 538/538/419 539/539/419 545/545/419 544/544/419
f 539/539/420 540/540/420 546/546/420 545/545/420
f 540/540/421 541/541/421 547/547/421 546/546/421
f 541/541/422 542/542/422 548/548/422 547/547/422
f 543/543/423 544/544/423 550/550/423 549/549/423
f 544/544/424 545/545/424 551/551/424 550/550/424
f 545/545/425 546/546/425 552/552/425 551/551/425
f 546/546/426 547/547/426 553/553/426 552/552/426
f 547/547/427 548/548/427 554/554/427 553/553/427
f 549/549/428 550/550/428 556/556/428 555/555/428
f 550/550/429 551/551/429 557/557/429 556/556/429
f 551/551/430 552/552/430 558/558/430 557/557/430
f 552/552/431 553/553/431 559/559/431 558/558/431
f 553/553/432 554/554/432 560/560/432 559/559/432
f 555/555/433 556/556/433 601/601/433 595/595/433
f 556/556/434 557/557/434 607/607/434 601/601/434
f 557/557/435 558/558/435 613/613/435 607/607/435
f 558/558/436 559/559/436 619/619/436 613/613/436
f 559/559/437 560/560/437 561/561/437 619/619/437
f 530/530/438 562/562/438 568/568/438 567/567/438
f 562/562/439 563/563/439 569/569/439 568/568/439
f 563/563/440 564/564/440 570/570/440 569/569/440
f 564/564/441 565/565/441 571/571/441 570/570/441
f 565/565/442 566/566/442 572/572/442 571/571/442
f 567/567/443 568/568/443 574/574/443 573/573/443
f 568/568/444 569/569/444 575/575/444 574/574/444
f 569/569/445 570/570/445 576/576/445 575/575/445
f 570/570/446 571/571/446 577/577/446 576/576/446
f 571/571/447 572/572/447 578/578/447 577/577/447
f 573/573/448 574/574/448 580/580/448 579/579/448
f 574/574/449 575/575/449 581/581/449 580/580/449
f 575/575/450 576/576/450 582/582/450 581/581/450
f 576/576/451 577/577/451 583/583/451 582/582/451
f 577/577/452 578/578/452 584/584/452 583/583/452
f 579/579/453 580/580/453 586/586/453 585/585/453
f 580/580/454 581/581/454 587/587/454 586/586/454
f 581/581/455 582/582/455 588/588/455 587/587/455
f 582/582/456 583/583/456 589/589/456 588/588/456
f 583/583/457 584/584/457 590/590/457 589/589/457
f 585/585/458 586/586/458 542/542/458 536/536/458
f 586/586/459 587/587/459 548/548/459 542/542/459
f 587/587/460 588/588/460 554/554/460 548/548/460
f 588/588/461 589/589/461 560/560/461 554/554/461
f 589/589/462 590/590/462 561/561/462 560/560/462
f 531/531/463 591/591/463 597/597/463 596/596/463
f 591/591/464 592/592/464 598/598/464 597/597/464
f 592/592/465 593/593/465 599/599/465 598/598/465
f 593/593/466 594/594/466 600/600/466 599/599/466
f 594/594/467 595/595/467 601/601/467 600/600/467
f 596/596/468 597/597/468 603/603/468 602/602/468
f 597/597/469 598/598/469 604/604/469 603/603/469
f 598/598/470 599/599/470 605/605/470 604/604/470
f 599/599/471 600/600/471 606/606/471 605/605/471
f 600/600/472 601/601/472 607/607/472 606/606/472
f 602/602/473 603/603/473 609/609/473 608/608/473
f 603/603/474 604/604/474 610/610/474 609/609/474
f 604/604/475 605/605/475 611/611/475 610/610/475
f 605/605/476 606/606/476 612/612/476 611/611/476
f 606/606/477 607/607/477 613/613/477 612/612/477
f 608/608/478 609/609/478 615/615/478 614/614/478
f 609/609/479 610/610/479 616/616/479 615/615/479
f 610/610/480 611/611/480 617/617/480 616/616/480
f 611/611/481 612/612/481 618/618/481 617/617/481
f 612/612/482 613/613/482 619/619/482 618/618/482
f 614/614/483 615/615/483 572/572/483 566/566/483
f 615/615/484 616/616/484 578/578/484 572/572/484
f 616/616/485 617/617/485 584/584/485 578/578/485
f 617/617/486 618/618/486 590/590/486 584/584/486
f 618/618/487 619/619/487 561/561/487 590/590/487
f 620/620/488 623/623/488 629/629/488 628/628/488
f 623/623/489 624/624/489 630/630/489 629/629/489
f 624/624/490 625/625/490 631/631/490 630/630/490
f 625/625/491 626/626/491 632/632/491 631/631/491
f 626/626/492 627/627/492 633/633/492 632/632/492
f 628/628/493 629/629/493 635/635/493 634/634/493
f 629/629/494 630/630/494 636/636/494 635/635/494
f 630/630/495 631/631/495 637/637/495 636/636/495
f 631/631/496 632/632/496 638/638/496 637/637/496
f 632/632/497 633/633/497 639/639/497 638/638/497
f 634/634/498 635/635/498 641/641/498 640/640/498
f 635/635/499 636/636/499 642/642/499 641/641/499
f 636/636/500 637/637/500 643/643/500 642/642/500
f 637/637/501 638/638/501 644/644/501 643/643/501
f 638/638/502 639/639/502 645/645/502 644/644/502
f 640/640/503 641/641/503 647/647/503 646/646/503
f 641/641/504 642/642/504 648/648/504 647/647/504
f 642/642/505 643/643/505 649/649/505 648/648/505
f 643/643/506 644/644/506 650/650/506 649/649/506
f 644/644/507 645/645/507 651/651/507 650/650/507
f 646/646/508 647/647/508 692/692/508 686/686/508
f 647/647/509 648/648/509 698/698/509 692/692/509
f 648/648/510 649/649/510 704/704/510 698/698/510
f 649/649/511 650/650/511 710/710/511 704/704/511
f 650/650/512 651/651/512 652/652/512 710/710/512
f 621/621/513 653/653/513 659/659/513 658/658/513
f 653/653/514 654/654/514 660/660/514 659/659/514
f 654/654/515 655/655/515 661/661/515 660/660/515
f 655/655/516 656/656/516 662/662/516 661/661/516
f 656/656/517 657/657/517 663/663/517 662/662/517
f 658/658/518 659/659/518 665/665/518 664/664/518
f 659/659/519 660/660/519 666/666/519 665/665/519
f 660/660/520 661/661/520 667/667/520 666/666/520
f 661/661/521 662/662/521 668/668/521 667/667/521
f 662/662/522 663/663/522 669/669/522 668/668/522
f 664/664/523 665/665/523 671/671/523 670/670/523
f 665/665/524 666/666/524 672/672/524 671/671/524
f 666/666/525 667/667/525 673/673/525 672/672/525
f 667/667/526 668/668/526 674/674/526 673/673/526
f 668/668/527 669/669/527 675/675/527 674/674/527
f 670/670/528 671/671/528 677/677/528 676/676/528
f 671/671/529 672/672/529 678/678/529 677/677/529
f 672/672/530 673/673/530 679/679/530 678/678/530
f 673/673/531 674/674/531 680/680/531 679/679/531
f 674/674/532 675/675/532 681/681/532 680/680/532
f 676/676/533 677/677/533 633/633/533 627/627/533
f 677/677/534 678/678/534 639/639/534 633/633/534
f 678/678/535 679/679/535 645/645/535 639/639/535
f 679/679/536 680/680/536 651/651/536 645/645/536
f 680/680/537 681/681/537 652/652/537 651/651/537
f 622/622/538 682/682/538 688/688/538 687/687/538
f 682/682/539 683/683/539 689/689/539 688/688/539
f 683/683/540 684/684/540 690/690/540 689/689/540
f 684/684/541 685/685/541 691/691/541 690/690/541
f 685/685/542 686/686/542 692/692/542 691/691/542
f 687/687/543 688/688/543 694/694/543 693/693/543
f 688/688/544 689/689/544 695/695/544 694/694/544
f 689/689/545 690/690/545 696/696/545 695/695/545
f 690/690/546 691/691/546 697/697/546 696/696/546
f 691/691/547 692/692/547 698/698/547 697/697/547
f 693/693/548 694/694/548 700/700/548 699/699/548
f 694/694/549 695/695/549 701/701/549 700/700/549
f 695/695/550 696/696/550 702/702/550 701/701/550
f 696/696/551 697/697/551 703/703/551 702/702/551
f 697/697/552 698/698/552 704/704/552 703/703/552
f 699/699/553 700/700/553 706/706/553 705/705/553
f 700/700/554 701/701/554 707/707/554 706/706/554
f 701/701/555 702/702/555 708/708/555 707/707/555
f 702/702/556 703/703/556 709/709/556 708/708/556
f 703/703/557 704/704/557 710/710/557 709/709/557
f 705/705/558 706/706/558 663/663/558 657/657/558
f 706/706/559 707/707/559 669/669/559 663/663/559
f 707/707/560 708/708/560 675/675/560 669/669/560
f 708/708/561 709/709/561 681/681/561 675/675/561
f 709/709/562 710/710/562 652/652/562 681/681/562
f 711/711/563 714/714/563 720/720/563 719/719/563
f 714/714/564 715/715/564 721/721/564 720/720/564
f 715/715/565 716/716/565 722/722/565 721/721/565
f 716/716/566 717/717/566 723/723/566 722/722/566
f 717/717/567 718/718/567 724/724/567 723/723/567
f 719/719/568 720/720/568 726/726/568 725/725/568
f 720/720/569 721/721/569 727/727/569 726/726/569
f 721/721/570 722/722/570 728/728/570 727/727/570
f 722/722/571 723/723/571 729/729/571 728/728/571
f 723/723/572 724/724/572 730/730/572 729/729/572
f 725/725/573 726/726/573 732/732/573 731/731/573
f 726/726/574 727/727/574 733/733/574 732/732/574
f 727/727/575 728/728/575 734/734/575 733/733/575
f 728/728/576 729/729/576 735/735/576 734/734/576
f 729/729/577 730/730/577 736/736/577 735/735/577
f 731/731/578 732/732/578 738/738/578 737/737/578
f 732/732/579 733/733/579 739/739/579 738/738/579
f 733/733/580 734/734/580 740/740/580 739/739/580
f 734/734/581 735/735/581 741/741/581 740/740/581
f 735/735/582 736/736/582 742/742/582 741/741/582
f 737/737/583 738/738/583 783/783/583 777/777/583
f 738/738/584 739/739/584 789/789/584 783/783/584
f 739/739/585 740/740/585 795/795/585 789/789/585
f 740/740/586 741/741/586 801/801/586 795/795/586
f 741/741/587 742/742/587 743/743/587 801/801/587
f 712/712/588 744/744/588 750/750/588 749/749/588
f 744/744/589 745/745/589 751/751/589 750/750/589
f 745/745/590 746/746/590 752/752/590 751/751/590
f 746/746/591 747/747/591 753/753/591 752/752/591
f 747/747/592 748/748/592 754/754/592 753/753/592
f 749/749/593 750/750/593 756/756/593 755/755/593
f 750/750/594 751/751/594 757/757/594 756/756/594
f 751/751/595 752/752/595 758/758/595 757/757/595
f 752/752/596 753/753/596 759/759/596 758/758/596
f 753/753/597 754/754/597 760/760/597 759/759/597
f 755/755/598 756/756/598 762/762/598 761/761/598
f 756/756/599 757/757/599 763/763/599 762/762/599
f 757/757/600 758/758/600 764/764/600 763/763/600
f 758/758/601 759/759/601 765/765/601 764/764/601
f 759/759/602 760/760/602 766/766/602 765/765/602
f 761/761/603 762/762/603 768/768/603 767/767/603
f 762/762/604 763/763/604 769/769/604 768/768/604
f 763/763/605 764/764/605 770/770/605 769/769/605
f 764/764/606 765/765/606 771/771/606 770/770/606
f 765/765/607 766/766/607 772/772/607 771/771/607
f 767/767/608 768/768/608 724/724/608 718/718/608
f 768/768/609 769/769/609 730/730/609 724/724/609
f 769/769/610 770/770/610 736/736/610 730/730/610
f 770/770/611 771/771/611 742/742/611 736/736/611
f 771/771/612 772/772/612 743/743/612 742/742/612
f 713/713/613 773/773/613 779/779/613 778/778/613
f 773/773/614 774/774/614 780/780/614 779/779/614
f 774/774/615 775/775/615 781/781/615 780/780/615
f 775/775/616 776/776/616 782/782/616 781/781/616
f 776/776/617 777/777/617 783/783/617 782/782/617
f 778/778/618 779/779/618 785/785/618 784/784/618
f 779/779/619 780/780/619 786/786/619 785/785/619
f 780/780/620 781/781/620 787/787/620 786/786/620
f 781/781/621 782/782/621 788/788/621 787/787/621
f 782/782/622 783/783/622 789/789/622 788/788/622
f 784/784/623 785/785/623 791/791/623 790/790/623
f 785/785/624 786/786/624 792/792/624 791/791/624
f 786/786/625 787/787/625 793/793/625 792/792/625
f 787/787/626 788/788/626 794/794/626 793/793/626
f 788/788/627 789/789/627 795/795/627 794/794/627
f 790/790/628 791/791/628 797/797/628 796/796/628
f 791/791/629 792/792/629 798/798/629 797/797/629
f 792/792/630 793/793/630 799/799/630 798/798/630
f 793/793/631 794/794/631 800/800/631 799/799/631
f 794/794/632 795/795/632 801/801/632 800/800/632
f 796/796/633 797/797/633 754/754/633 748/748/633
f 797/797/634 798/798/634 760/760/634 754/754/634
f 798/798/635 799/799/635 766/766/635 760/760/635
f 799/799/636 800/800/636 772/772/636 766/766/636
f 800/800/637 801/801/637 743/743/637 772/772/637
f 802/802/638 805/805/638 811/811/638 810/810/638
f 805/805/639 806/806/639 812/812/639 811/811/639
f 806/806/640 807/807/640 813/813/640 812/812/640
f 807/807/641 808/808/641 814/814/641 813/813/641
f 808/808/642 809/809/642 815/815/642 814/814/642
f 810/810/643 811/811/643 817/817/643 816/816/643
f 811/811/644 812/812/644 818/818/644 817/817/644
f 812/812/645 813/813/645 819/819/645 818/818/645
f 813/813/646 814/814/646 820/820/646 819/819/646
f 814/814/647 815/815/647 821/821/647 820/820/647
f 816/816/648 817/817/648 823/823/648 822/822/648
f 817/817/649 818/818/649 824/824/649 823/823/649
f 818/818/650 819/819/650 825/825/650 824/824/650
f 819/819/651 820/820/651 826/826/651 825/825/651
f 820/820/652 821/821/652 827/827/652 826/826/652
f 822/822/653 823/823/653 829/829/653 828/828/653
f 823/823/654 824/824/654 830/830/654 829/829/654
f 824/824/655 825/825/655 831/831/655 830/830/655
f 825/825/656 826/826/656 832/832/656 831/831/656
f 826/826/657 827/827/657 833/833/657 832/832/657
f 828/828/658 829/829/658 874/874/658 868/868/658
f 829/829/659 830/830/659 880/880/659 874/874/659
f 830/830/660 831/831/660 886/886/660 880/880/660
f 831/831/661 832/832/661 892/892/661 886/886/661
f 832/832/662 833/833/662 834/834/662 892/892/662
f 803/803/663 835/835/663 841/841/663 840/840/663
f 835/835/664 836/836/664 842/842/664 841/841/664
f 836/836/665 837/837/665 843/843/665 842/842/665
f 837/837/666 838/838/666 844/844/666 843/843/666
f 838/838/667 839/839/667 845/845/667 844/844/667
f 840/840/668 841/841/668 847/847/668 846/846/668
f 841/841/669 842/842/669 848/848/669 847/847/669
f 842/842/670 843/843/670 849/849/670 848/848/670
f 843/843/671 844/844/671 850/850/671 849/849/671
f 844/844/672 845/845/672 851/851/672 850/850/672
f 846/846/673 847/847/673 853/853/673 852/852/673
f 847/847/674 848/848/674 854/854/674 853/853/674
f 848/848/675 849/849/675 855/855/675 854/854/675
f 849/849/676 850/850/676 856/856/676 855/855/676
f 850/850/677 851/851/677 857/857/677 856/856/677
f 852/852/678 853/853/678 859/859/678 858/858/678
f 853/853/679 854/854/679 860/860/679 859/859/679
f 854/854/680 855/855/680 861/861/680 860/860/680
f 855/855/681 856/856/681 862/862/681 861/861/681
f 856/856/682 857/857/682 863/863/682 862/862/682
f 858/858/683 859/859/683 815/815/683 809/809/683
f 859/859/684 860/860/684 821/821/684 815/815/684
f 860/860/685 861/861/685 827/827/685 821/821/685
f 861/861/686 862/862/686 833/833/686 827/827/686
f 862/862/687 863/863/687 834/834/687 833/833/687
f 804/804/688 864/864/688 870/870/688 869/869/688
f 864/864/689 865/865/689 871/871/689 870/870/689
f 865/865/690 866/866/690 872/872/690 871/871/690
f 866/866/691 867/867/691 873/873/691 872/872/691
f 867/867/692 868/868/692 874/874/692 873/873/692
f 869/869/693 870/870/693 876/876/693 875/875/693
f 870/870/694 871/871/694 877/877/694 876/876/694
f 871/871/695 872/872/695 878/878/695 877/877/695
f 872/872/696 873/873/696 879/879/696 878/878/696
f 873/873/697 874/874/697 880/880/697 879/879/697
f 875/875/698 876/876/698 882/882/698 881/881/698
f 876/876/699 877/877/699 883/883/699 882/882/699
f 877/877/700 878/878/700 884/884/700 883/883/700
f 878/878/701 879/879/701 885/885/701 884/884/701
f 879/879/702 880/880/702 886/886/702 885/885/702
f 881/881/703 882/882/703 888/888/703 887/887/703
f 882/882/704 883/883/704 889/889/704 888/888/704
f 883/883/705 884/884/705 890/890/705 889/889/705
f 884/884/706 885/885/706 891/891/706 890/890/706
f 885/885/707 886/886/707 892/892/707 891/891/707
f 887/887/708 888/888/708 845/845/708 839/839/708
f 888/888/709 889/889/709 851/851/709 845/845/709
f 889/889/710 890/890/710 857/857/710 851/851/710
f 890/890/711 891/891/711 863/863/711 857/857/711
f 891/891/712 892/892/712 834/834/712 863/863/712
f 893/893/713 897/897/713 903/903/713 902/902/713
f 897/897/714 898/898/714 904/904/714 903/903/714
f 898/898/715 899/899/715 905/905/715 904/904/715
f 899/899/716 900/900/716 906/906/716 905/905/716
f 900/900/717 901/901/717 907/907/717 906/906/717
f 902/902/718 903/903/718 909/909/718 908/908/718
f 903/903/719 904/904/719 910/910/719 909/909/719
f 904/904/720 905/905/720 911/911/720 910/910/720
f 905/905/721 906/906/721 912/912/721 911/911/721
f 906/906/722 907/907/722 913/913/722 912/912/722
f 908/908/723 909/909/723 915/915/723 914/914/723
f 909/909/724 910/910/724 916/916/724 915/915/724
f 910/910/725 911/911/725 917/917/725 916/916/725
f 911/911/726 912/912/726 918/918/726 917/917/726
f 912/912/727 913/913/727 919/919/727 918/918/727
f 914/914/728 915/915/728 921/921/728 920/920/728
f 915/915/729 916/916/729 922/922/729 921/921/729
f 916/916/730 917/917/730 923/923/730 922/922/730
f 917/917/731 918/918/731 924/924/731 923/923/731
f 918/918/732 919/919/732 925/925/732 924/924/732
f 920/920/733 921/921/733 995/995/733 989/989/733
f 921/921/734 922/922/734 1001/1001/734 995/995/734
f 922/922/735 923/923/735 1007/1007/735 1001/1001/735
f 923/923/736 924/924/736 1013/1013/736 1007/1007/736
f 924/924/737 925/925/737 926/926/737 1013/1013/737
f 894/894/738 927/927/738 933/933/738 932/932/738
f 927/927/739 928/928/739 934/934/739 933/933/739
f 928/928/740 929/929/740 935/935/740 934/934/740
f 929/929/741 930/930/741 936/936/741 935/935/741
f 930/930/742 931/931/742 937/937/742 936/936/742
f 932/932/743 933/933/743 939/939/743 938/938/743
f 933/933/744 934/934/744 940/940/744 939/939/744
f 934/934/745 935/935/745 941/941/745 940/940/745
f 935/935/746 936/936/746 942/942/746 941/941/746
f 936/936/747 937/937/747 943/943/747 942/942/747
f 938/938/748 939/939/748 945/945/748 944/944/748
f 939/939/749 940/940/749 946/946/749 945/945/749
f 940/940/750 941/941/750 947/947/750 946/946/750
f 941/941/751 942/942/751 948/948/751 947/947/751
f 942/942/752 943/943/752 949/949/752 948/948/752
f 944/944/753 945/945/753 951/951/753 950/950/753
f 945/945/754 946/946/754 952/952/754 951/951/754
f 946/946/755 947/947/755 953/953/755 952/952/755
f 947/947/756 948/948/756 954/954/756 953/953/756
f 948/948/757 949/949/757 955/955/757 954/954/757
f 950/950/758 951/951/758 907/907/758 901/901/758
f 951/951/759 952/952/759 913/913/759 907/907/759
f 952/952/760 953/953/760 919/919/760 913/913/760
f 953/953/761 954/954/761 925/925/761 919/919/761
f 954/954/762 955/955/762 926/926/762 925/925/762
f 895/895/763 956/956/763 962/962/763 961/961/763
f 956/956/764 957/957/764 963/963/764 962/962/764
f 957/957/765 958/958/765 964/964/765 963/963/765
f 958/958/766 959/959/766 965/965/766 964/964/766
f 959/959/767 960/960/767 966/966/767 965/965/767
f 961/961/768 962/962/768 968/968/768 967/967/768
f 962/962/769 963/963/769 969/969/769 968/968/769
f 963/963/770 964/964/770 970/970/770 969/969/770
f 964/964/771 965/965/771 971/971/771 970/970/771
f 965/965/772 966/966/772 972/972/772 971/971/772
f 967/967/773 968/968/773 974/974/773 973/973/773
f 968/968/774 969/969/774 975/975/774 974/974/774
f 969/969/775 970/970/775 976/976/775 975/975/775
f 970/970/776 971/971/776 977/977/776 976/976/776
f 971/971/777 972/972/777 978/978/777 977/977/777
f 973/973/778 974/974/778 980/980/778 979/979/778
f 974/974/779 975/975/779 981/981/779 980/980/779
f 975/975/780 976/976/780 982/982/780 981/981/780
f 976/976/781 977/977/781 983/983/781 982/982/781
f 977/977/782 978/978/782 984/984/782 983/983/782
f 979/979/783 980/980/783 937/937/783 931/931/783
f 980/980/784 981/981/784 943/943/784 937/937/784
f 981/981/785 982/982/785 949/949/785 943/943/785
f 982/982/786 983/983/786 955/955/786 949/949/786
f 983/983/787 984/984/787 926/926/787 955/955/787
f 896/896/788 985/985/788 991/991/788 990/990/788
f 985/985/789 986/986/789 992/992/789 991/991/789
f 986/986/790 987/987/790 993/993/790 992/992/790
f 987/987/791 988/988/791 994/994/791 993/993/791
f 988/988/792 989/989/792 995/995/792 994/994/792
f 990/990/793 991/991/793 997/997/793 996/996/793
f 991/991/794 992/992/794 998/998/794 997/997/794
f 992/992/795 993/993/795 999/999/795 998/998/795
f 993/993/796 994/994/796 1000/1000/796 999/999/796
f 994/994/797 995/995/797 1001/1001/797 1000/1000/797
f 996/996/798 997/997/798 1003/1003/798 1002/1002/798
f 997/997/799 998/998/799 1004/1004/799 1003/1003/799
f 998/998/800 999/999/800 1005/1005/800 1004/1004/800
f 999/999/801 1000/1000/801 1006/1006/801 1005/1005/801
f 1000/1000/802 1001/1001/802 1007/1007/802 1006/1006/802
f 1002/1002/803 1003/1003/803 1009/1009/803 1008/1008/803
f 1003/1003/804 1004/1004/804 1010/1010/804 1009/1009/804
f 1004/1004/805 1005/1005/805 1011/1011/805 1010/1010/805
f 1005/1005/806 1006/1006/806 1012/1012/806 1011/1011/806
f 1006/1006/807 1007/1007/807 1013/1013/807 1012/1012/807
f 1008/1008/808 1009/1009/808 966/966/808 960/960/808
f 1009/1009/809 1010/1010/809 972/972/809 966/966/809
f 1010/1010/810 1011/1011/810 978/978/810 972/972/810
f 1011/1011/811 1012/1012/811 984/984/811 978/978/811
f 1012/1012/812 1013/1013/812 926/926/812 984/984/812
f 1014/1014/338 1018/1018/338 1024/1024/338 1023/1023/338
f 1018/1018/339 1019/1019/339 1025/1025/339 1024/1024/339
f 1019/1019/340 1020/1020/340 1026/1026/340 1025/1025/340
f 1020/1020/341 1021/1021/341 1027/1027/341 1026/1026/341
f 1021/1021/342 1022/1022/342 1028/1028/342 1027/1027/342
f 1023/1023/813 1024/1024/813 1030/1030/813 1029/1029/813
f 1024/1024/344 1025/1025/344 1031/1031/344 1030/1030/344
f 1025/1025/345 1026/1026/345 1032/1032/345 1031/1031/345
f 1026/1026/346 1027/1027/346 1033/1033/346 1032/1032/346
f 1027/1027/347 1028/1028/347 1034/1034/347 1033/1033/347
f 1029/1029/814 1030/1030/814 1036/1036/814 1035/1035/814
f 1030/1030/349 1031/1031/349 1037/1037/349 1036/1036/349
f 1031/1031/350 1032/1032/350 1038/1038/350 1037/1037/350
f 1032/1032/815 1033/1033/815 1039/1039/815 1038/1038/815
f 1033/1033/352 1034/1034/352 1040/1040/352 1039/1039/352
f 1035/1035/353 1036/1036/353 1042/1042/353 1041/1041/353
f 1036/1036/354 1037/1037/354 1043/1043/354 1042/1042/354
f 1037/1037/355 1038/1038/355 1044/1044/355 1043/1043/355
f 1038/1038/816 1039/1039/816 1045/1045/816 1044/1044/816
f 1039/1039/357 1040/1040/357 1046/1046/357 1045/1045/357
f 1041/1041/817 1042/1042/817 1116/1116/817 1110/1110/817
f 1042/1042/359 1043/1043/359 1122/1122/359 1116/1116/359
f 1043/1043/360 1044/1044/360 1128/1128/360 1122/1122/360
f 1044/1044/361 1045/1045/361 1134/1134/361 1128/1128/361
f 1045/1045/362 1046/1046/362 1047/1047/362 1134/1134/362
f 1015/1015/363 1048/1048/363 1054/1054/363 1053/1053/363
f 1048/1048/364 1049/1049/364 1055/1055/364 1054/1054/364
f 1049/1049/365 1050/1050/365 1056/1056/365 1055/1055/365
f 1050/1050/366 1051/1051/366 1057/1057/366 1056/1056/366
f 1051/1051/367 1052/1052/367 1058/1058/367 1057/1057/367
f 1053/1053/368 1054/1054/368 1060/1060/368 1059/1059/368
f 1054/1054/369 1055/1055/369 1061/1061/369 1060/1060/369
f 1055/1055/818 1056/1056/818 1062/1062/818 1061/1061/818
f 1056/1056/371 1057/1057/371 1063/1063/371 1062/1062/371
f 1057/1057/372 1058/1058/372 1064/1064/372 1063/1063/372
f 1059/1059/373 1060/1060/373 1066/1066/373 1065/1065/373
f 1060/1060/819 1061/1061/819 1067/1067/819 1066/1066/819
f 1061/1061/375 1062/1062/375 1068/1068/375 1067/1067/375
f 1062/1062/376 1063/1063/376 1069/1069/376 1068/1068/376
f 1063/1063/377 1064/1064/377 1070/1070/377 1069/1069/377
f 1065/1065/378 1066/1066/378 1072/1072/378 1071/1071/378
f 1066/1066/379 1067/1067/379 1073/1073/379 1072/1072/379
f 1067/1067/380 1068/1068/380 1074/1074/380 1073/1073/380
f 1068/1068/820 1069/1069/820 1075/1075/820 1074/1074/820
f 1069/1069/382 1070/1070/382 1076/1076/382 1075/1075/382
f 1071/1071/383 1072/1072/383 1028/1028/383 1022/1022/383
f 1072/1072/384 1073/1073/384 1034/1034/384 1028/1028/384
f 1073/1073/821 1074/1074/821 1040/1040/821 1034/1034/821
f 1074/1074/386 1075/1075/386 1046/1046/386 1040/1040/386
f 1075/1075/822 1076/1076/822 1047/1047/822 1046/1046/822
f 1016/1016/388 1077/1077/388 1083/1083/388 1082/1082/388
f 1077/1077/389 1078/1078/389 1084/1084/389 1083/1083/389
f 1078/1078/390 1079/1079/390 1085/1085/390 1084/1084/390
f 1079/1079/391 1080/1080/391 1086/1086/391 1085/1085/391
f 1080/1080/392 1081/1081/392 1087/1087/392 1086/1086/392
f 1082/1082/393 1083/1083/393 1089/1089/393 1088/1088/393
f 1083/1083/394 1084/1084/394 1090/1090/394 1089/1089/394
f 1084/1084/395 1085/1085/395 1091/1091/395 1090/1090/395
f 1085/1085/396 1086/1086/396 1092/1092/396 1091/1091/396
f 1086/1086/823 1087/1087/823 1093/1093/823 1092/1092/823
f 1088/1088/398 1089/1089/398 1095/1095/398 1094/1094/398
f 1089/1089/399 1090/1090/399 1096/1096/399 1095/1095/399
f 1090/1090/824 1091/1091/824 1097/1097/824 1096/1096/824
f 1091/1091/401 1092/1092/401 1098/1098/401 1097/1097/401
f 1092/1092/402 1093/1093/402 1099/1099/402 1098/1098/402
f 1094/1094/403 1095/1095/403 1101/1101/403 1100/1100/403
f 1095/1095/404 1096/1096/404 1102/1102/404 1101/1101/404
f 1096/1096/825 1097/1097/825 1103/1103/825 1102/1102/825
f 1097/1097/406 1098/1098/406 1104/1104/406 1103/1103/406
f 1098/1098/407 1099/1099/407 1105/1105/407 1104/1104/407
f 1100/1100/408 1101/1101/408 1058/1058/408 1052/1052/408
f 1101/1101/409 1102/1102/409 1064/1064/409 1058/1058/409
f 1102/1102/410 1103/1103/410 1070/1070/410 1064/1064/410
f 1103/1103/411 1104/1104/411 1076/1076/411 1070/1070/411
f 1104/1104/826 1105/1105/826 1047/1047/826 1076/1076/826
f 1017/1017/313 1106/1106/313 1112/1112/313 1111/1111/313
f 1106/1106/314 1107/1107/314 1113/1113/314 1112/1112/314
f 1107/1107/315 1108/1108/315 1114/1114/315 1113/1113/315
f 1108/1108/316 1109/1109/316 1115/1115/316 1114/1114/316
f 1109/1109/317 1110/1110/317 1116/1116/317 1115/1115/317
f 1111/1111/318 1112/1112/318 1118/1118/318 1117/1117/318
f 1112/1112/319 1113/1113/319 1119/1119/319 1118/1118/319
f 1113/1113/320 1114/1114/320 1120/1120/320 1119/1119/320
f 1114/1114/321 1115/1115/321 1121/1121/321 1120/1120/321
f 1115/1115/322 1116/1116/322 1122/1122/322 1121/1121/322
f 1117/1117/323 1118/1118/323 1124/1124/323 1123/1123/323
f 1118/1118/827 1119/1119/827 1125/1125/827 1124/1124/827
f 1119/1119/325 1120/1120/325 1126/1126/325 1125/1125/325
f 1120/1120/326 1121/1121/326 1127/1127/326 1126/1126/326
f 1121/1121/828 1122/1122/828 1128/1128/828 1127/1127/828
f 1123/1123/328 1124/1124/328 1130/1130/328 1129/1129/328
f 1124/1124/329 1125/1125/329 1131/1131/329 1130/1130/329
f 1125/1125/330 1126/1126/330 1132/1132/330 1131/1131/330
f 1126/1126/331 1127/1127/331 1133/1133/331 1132/1132/331
f 1127/1127/829 1128/1128/829 1134/1134/829 1133/1133/829
f 1129/1129/333 1130/1130/333 1087/1087/333 1081/1081/333
f 1130/1130/334 1131/1131/334 1093/1093/334 1087/1087/334
f 1131/1131/335 1132/1132/335 1099/1099/335 1093/1093/335
f 1132/1132/830 1133/1133/830 1105/1105/830 1099/1099/830
f 1133/1133/831 1134/1134/831 1047/1047/831 1105/1105/831
f 1135/1135/188 1139/1139/188 1145/1145/188 1144/1144/188
f 1139/1139/832 1140/1140/832 1146/1146/832 1145/1145/832
f 1140/1140/833 1141/1141/833 1147/1147/833 1146/1146/833
f 1141/1141/834 1142/1142/834 1148/1148/834 1147/1147/834
f 1142/1142/192 1143/1143/192 1149/1149/192 1148/1148/192
f 1144/1144/193 1145/1145/193 1151/1151/193 1150/1150/193
f 1145/1145/194 1146/1146/194 1152/1152/194 1151/1151/194
f 1146/1146/195 1147/1147/195 1153/1153/195 1152/1152/195
f 1147/1147/196 1148/1148/196 1154/1154/196 1153/1153/196
f 1148/1148/197 1149/1149/197 1155/1155/197 1154/1154/197
f 1150/1150/198 1151/1151/198 1157/1157/198 1156/1156/198
f 1151/1151/199 1152/1152/199 1158/1158/199 1157/1157/199
f 1152/1152/200 1153/1153/200 1159/1159/200 1158/1158/200
f 1153/1153/835 1154/1154/835 1160/1160/835 1159/1159/835
f 1154/1154/202 1155/1155/202 1161/1161/202 1160/1160/202
f 1156/1156/836 1157/1157/836 1163/1163/836 1162/1162/836
f 1157/1157/204 1158/1158/204 1164/1164/204 1163/1163/204
f 1158/1158/205 1159/1159/205 1165/1165/205 1164/1164/205
f 1159/1159/206 1160/1160/206 1166/1166/206 1165/1165/206
f 1160/1160/837 1161/1161/837 1167/1167/837 1166/1166/837
f 1162/1162/208 1163/1163/208 1237/1237/208 1231/1231/208
f 1163/1163/209 1164/1164/209 1243/1243/209 1237/1237/209
f 1164/1164/210 1165/1165/210 1249/1249/210 1243/1243/210
f 1165/1165/211 1166/1166/211 1255/1255/211 1249/1249/211
f 1166/1166/212 1167/1167/212 1168/1168/212 1255/1255/212
f 1136/1136/113 1169/1169/113 1175/1175/113 1174/1174/113
f 1169/1169/114 1170/1170/114 1176/1176/114 1175/1175/114
f 1170/1170/115 1171/1171/115 1177/1177/115 1176/1176/115
f 1171/1171/116 1172/1172/116 1178/1178/116 1177/1177/116
f 1172/1172/117 1173/1173/117 1179/1179/117 1178/1178/117
f 1174/1174/118 1175/1175/118 1181/1181/118 1180/1180/118
f 1175/1175/119 1176/1176/119 1182/1182/119 1181/1181/119
f 1176/1176/120 1177/1177/120 1183/1183/120 1182/1182/120
f 1177/1177/121 1178/1178/121 1184/1184/121 1183/1183/121
f 1178/1178/122 1179/1179/122 1185/1185/122 1184/1184/122
f 1180/1180/123 1181/1181/123 1187/1187/123 1186/1186/123
f 1181/1181/124 1182/1182/124 1188/1188/124 1187/1187/124
f 1182/1182/125 1183/1183/125 1189/1189/125 1188/1188/125
f 1183/1183/126 1184/1184/126 1190/1190/126 1189/1189/126
f 1184/1184/127 1185/1185/127 1191/1191/127 1190/1190/127
f 1186/1186/128 1187/1187/128 1193/1193/128 1192/1192/128
f 1187/1187/129 1188/1188/129 1194/1194/129 1193/1193/129
f 1188/1188/838 1189/1189/838 1195/1195/838 1194/1194/838
f 1189/1189/131 1190/1190/131 1196/1196/131 1195/1195/131
f 1190/1190/132 1191/1191/132 1197/1197/132 1196/1196/132
f 1192/1192/133 1193/1193/133 1149/1149/133 1143/1143/133
f 1193/1193/134 1194/1194/134 1155/1155/134 1149/1149/134
f 1194/1194/135 1195/1195/135 1161/1161/135 1155/1155/135
f 1195/1195/839 1196/1196/839 1167/1167/839 1161/1161/839
f 1196/1196/137 1197/1197/137 1168/1168/137 1167/1167/137
f 1137/1137/138 1198/1198/138 1204/1204/138 1203/1203/138
f 1198/1198/840 1199/1199/840 1205/1205/840 1204/1204/840
f 1199/1199/841 1200/1200/841 1206/1206/841 1205/1205/841
f 1200/1200/141 1201/1201/141 1207/1207/141 1206/1206/141
f 1201/1201/142 1202/1202/142 1208/1208/142 1207/1207/142
f 1203/1203/842 1204/1204/842 1210/1210/842 1209/1209/842
f 1204/1204/144 1205/1205/144 1211/1211/144 1210/1210/144
f 1205/1205/145 1206/1206/145 1212/1212/145 1211/1211/145
f 1206/1206/146 1207/1207/146 1213/1213/146 1212/1212/146
f 1207/1207/147 1208/1208/147 1214/1214/147 1213/1213/147
f 1209/1209/148 1210/1210/148 1216/1216/148 1215/1215/148
f 1210/1210/149 1211/1211/149 1217/1217/149 1216/1216/149
f 1211/1211/150 1212/1212/150 1218/1218/150 1217/1217/150
f 1212/1212/843 1213/1213/843 1219/1219/843 1218/1218/843
f 1213/1213/152 1214/1214/152 1220/1220/152 1219/1219/152
f 1215/1215/844 1216/1216/844 1222/1222/844 1221/1221/844
f 1216/1216/154 1217/1217/154 1223/1223/154 1222/1222/154
f 1217/1217/155 1218/1218/155 1224/1224/155 1223/1223/155
f 1218/1218/156 1219/1219/156 1225/1225/156 1224/1224/156
f 1219/1219/157 1220/1220/157 1226/1226/157 1225/1225/157
f 1221/1221/158 1222/1222/158 1179/1179/158 1173/1173/158
f 1222/1222/159 1223/1223/159 1185/1185/159 1179/1179/159
f 1223/1223/160 1224/1224/160 1191/1191/160 1185/1185/160
f 1224/1224/161 1225/1225/161 1197/1197/161 1191/1191/161
f 1225/1225/162 1226/1226/162 1168/1168/162 1197/1197/162
f 1138/1138/845 1227/1227/845 1233/1233/845 1232/1232/845
f 1227/1227/164 1228/1228/164 1234/1234/164 1233/1233/164
f 1228/1228/165 1229/1229/165 1235/1235/165 1234/1234/165
f 1229/1229/846 1230/1230/846 1236/1236/846 1235/1235/846
f 1230/1230/167 1231/1231/167 1237/1237/167 1236/1236/167
f 1232/1232/168 1233/1233/168 1239/1239/168 1238/1238/168
f 1233/1233/169 1234/1234/169 1240/1240/169 1239/1239/169
f 1234/1234/170 1235/1235/170 1241/1241/170 1240/1240/170
f 1235/1235/171 1236/1236/171 1242/1242/171 1241/1241/171
f 1236/1236/172 1237/1237/172 1243/1243/172 1242/1242/172
f 1238/1238/173 1239/1239/173 1245/1245/173 1244/1244/173
f 1239/1239/174 1240/1240/174 1246/1246/174 1245/1245/174
f 1240/1240/175 1241/1241/175 1247/1247/175 1246/1246/175
f 1241/1241/176 1242/1242/176 1248/1248/176 1247/1247/176
f 1242/1242/177 1243/1243/177 1249/1249/177 1248/1248/177
f 1244/1244/178 1245/1245/178 1251/1251/178 1250/1250/178
f 1245/1245/179 1246/1246/179 1252/1252/179 1251/1251/179
f 1246/1246/180 1247/1247/180 1253/1253/180 1252/1252/180
f 1247/1247/181 1248/1248/181 1254/1254/181 1253/1253/181
f 1248/1248/182 1249/1249/182 1255/1255/182 1254/1254/182
f 1250/1250/183 1251/1251/183 1208/1208/183 1202/1202/183
f 1251/1251/184 1252/1252/184 1214/1214/184 1208/1208/184
f 1252/1252/847 1253/1253/847 1220/1220/847 1214/1214/847
f 1253/1253/186 1254/1254/186 1226/1226/186 1220/1220/186
f 1254/1254/187 1255/1255/187 1168/1168/187 1226/1226/187
f 1256/1256/848 1260/1260/848 1266/1266/848 1265/1265/848
f 1260/1260/849 1261/1261/849 1267/1267/849 1266/1266/849
f 1261/1261/850 1262/1262/850 1268/1268/850 1267/1267/850
f 1262/1262/851 1263/1263/851 1269/1269/851 1268/1268/851
f 1263/1263/852 1264/1264/852 1270/1270/852 1269/1269/852
f 1265/1265/853 1266/1266/853 1272/1272/853 1271/1271/853
f 1266/1266/854 1267/1267/854 1273/1273/854 1272/1272/854
f 1267/1267/855 1268/1268/855 1274/1274/855 1273/1273/855
f 1268/1268/856 1269/1269/856 1275/1275/856 1274/1274/856
f 1269/1269/857 1270/1270/857 1276/1276/857 1275/1275/857
f 1271/1271/858 1272/1272/858 1278/1278/858 1277/1277/858
f 1272/1272/859 1273/1273/859 1279/1279/859 1278/1278/859
f 1273/1273/860 1274/1274/860 1280/1280/860 1279/1279/860
f 1274/1274/861 1275/1275/861 1281/1281/861 1280/1280/861
f 1275/1275/862 1276/1276/862 1282/1282/862 1281/1281/862
f 1277/1277/863 1278/1278/863 1284/1284/863 1283/1283/863
f 1278/1278/864 1279/1279/864 1285/1285/864 1284/1284/864
f 1279/1279/865 1280/1280/865 1286/1286/865 1285/1285/865
f 1280/1280/866 1281/1281/866 1287/1287/866 1286/1286/866
f 1281/1281/867 1282/1282/867 1288/1288/867 1287/1287/867
f 1283/1283/868 1284/1284/868 1358/1358/868 1352/1352/868
f 1284/1284/869 1285/1285/869 1364/1364/869 1358/1358/869
f 1285/1285/870 1286/1286/870 1370/1370/870 1364/1364/870
f 1286/1286/871 1287/1287/871 1376/1376/871 1370/1370/871
f 1287/1287/872 1288/1288/872 1289/1289/872 1376/1376/872
f 1257/1257/873 1290/1290/873 1296/1296/873 1295/1295/873
f 1290/1290/874 1291/1291/874 1297/1297/874 1296/1296/874
f 1291/1291/875 1292/1292/875 1298/1298/875 1297/1297/875
f 1292/1292/876 1293/1293/876 1299/1299/876 1298/1298/876
f 1293/1293/877 1294/1294/877 1300/1300/877 1299/1299/877
f 1295/1295/878 1296/1296/878 1302/1302/878 1301/1301/878
f 1296/1296/879 1297/1297/879 1303/1303/879 1302/1302/879
f 1297/1297/880 1298/1298/880 1304/1304/880 1303/1303/880
f 1298/1298/881 1299/1299/881 1305/1305/881 1304/1304/881
f 1299/1299/882 1300/1300/882 1306/1306/882 1305/1305/882
f 1301/1301/883 1302/1302/883 1308/1308/883 1307/1307/883
f 1302/1302/884 1303/1303/884 1309/1309/884 1308/1308/884
f 1303/1303/885 1304/1304/885 1310/1310/885 1309/1309/885
f 1304/1304/886 1305/1305/886 1311/1311/886 1310/1310/886
f 1305/1305/887 1306/1306/887 1312/1312/887 1311/1311/887
f 1307/1307/888 1308/1308/888 1314/1314/888 1313/1313/888
f 1308/1308/889 1309/1309/889 1315/1315/889 1314/1314/889
f 1309/1309/890 1310/1310/890 1316/1316/890 1315/1315/890
f 1310/1310/891 1311/1311/891 1317/1317/891 1316/1316/891
f 1311/1311/892 1312/1312/892 1318/1318/892 1317/1317/892
f 1313/1313/893 1314/1314/893 1270/1270/893 1264/1264/893
f 1314/1314/894 1315/1315/894 1276/1276/894 1270/1270/894
f 1315/1315/895 1316/1316/895 1282/1282/895 1276/1276/895
f 1316/1316/896 1317/1317/896 1288/1288/896 1282/1282/896
f 1317/1317/897 1318/1318/897 1289/1289/897 1288/1288/897
f 1258/1258/898 1319/1319/898 1325/1325/898 1324/1324/898
f 1319/1319/899 1320/1320/899 1326/1326/899 1325/1325/899
f 1320/1320/900 1321/1321/900 1327/1327/900 1326/1326/900
f 1321/1321/901 1322/1322/901 1328/1328/901 1327/1327/901
f 1322/1322/902 1323/1323/902 1329/1329/902 1328/1328/902
f 1324/1324/903 1325/1325/903 1331/1331/903 1330/1330/903
f 1325/1325/904 1326/1326/904 1332/1332/904 1331/1331/904
f 1326/1326/905 1327/1327/905 1333/1333/905 1332/1332/905
f 1327/1327/906 1328/1328/906 1334/1334/906 1333/1333/906
f 1328/1328/907 1329/1329/907 1335/1335/907 1334/1334/907
f 1330/1330/908 1331/1331/908 1337/1337/908 1336/1336/908
f 1331/1331/909 1332/1332/909 1338/1338/909 1337/1337/909
f 1332/1332/910 1333/1333/910 1339/1339/910 1338/1338/910
f 1333/1333/911 1334/1334/911 1340/1340/911 1339/1339/911
f 1334/1334/912 1335/1335/912 1341/1341/912 1340/1340/912
f 1336/1336/913 1337/1337/913 1343/1343/913 1342/1342/913
f 1337/1337/914 1338/1338/914 1344/1344/914 1343/1343/914
f 1338/1338/915 1339/1339/915 1345/1345/915 1344/1344/915
f 1339/1339/916 1340/1340/916 1346/1346/916 1345/1345/916
f 1340/1340/917 1341/1341/917 1347/1347/917 1346/1346/917
f 1342/1342/918 1343/1343/918 1300/1300/918 1294/1294/918
f 1343/1343/919 1344/1344/919 1306/1306/919 1300/1300/919
f 1344/1344/920 1345/1345/920 1312/1312/920 1306/1306/920
f 1345/1345/921 1346/1346/921 1318/1318/921 1312/1312/921
f 1346/1346/922 1347/1347/922 1289/1289/922 1318/1318/922
f 1259/1259/923 1348/1348/923 1354/1354/923 1353/1353/923
f 1348/1348/924 1349/1349/924 1355/1355/924 1354/1354/924
f 1349/1349/925 1350/1350/925 1356/1356/925 1355/1355/925
f 1350/1350/926 1351/1351/926 1357/1357/926 1356/1356/926
f 1351/1351/927 1352/1352/927 1358/1358/927 1357/1357/927
f 1353/1353/928 1354/1354/928 1360/1360/928 1359/1359/928
f 1354/1354/929 1355/1355/929 1361/1361/929 1360/1360/929
f 1355/1355/930 1356/1356/930 1362/1362/930 1361/1361/930
f 1356/1356/931 1357/1357/931 1363/1363/931 1362/1362/931
f 1357/1357/932 1358/1358/932 1364/1364/932 1363/1363/932
f 1359/1359/933 1360/1360/933 1366/1366/933 1365/1365/933
f 1360/1360/934 1361/1361/934 1367/1367/934 1366/1366/934
f 1361/1361/935 1362/1362/935 1368/1368/935 1367/1367/935
f 1362/1362/936 1363/1363/936 1369/1369/936 1368/1368/936
f 1363/1363/937 1364/1364/937 1370/1370/937 1369/1369/937
f 1365/1365/938 1366/1366/938 1372/1372/938 1371/1371/938
f 1366/1366/939 1367/1367/939 1373/1373/939 1372/1372/939
f 1367/1367/940 1368/1368/940 1374/1374/940 1373/1373/940
f 1368/1368/941 1369/1369/941 1375/1375/941 1374/1374/941
f 1369/1369/942 1370/1370/942 1376/1376/942 1375/1375/942
f 1371/1371/943 1372/1372/943 1329/1329/943 1323/1323/943
f 1372/1372/944 1373/1373/944 1335/1335/944 1329/1329/944
f 1373/1373/945 1374/1374/945 1341/1341/945 1335/1335/945
f 1374/1374/946 1375/1375/946 1347/1347/946 1341/1341/946
f 1375/1375/947 1376/1376/947 1289/1289/947 1347/1347/947
f 1377/1377/13 1381/1381/13 1387/1387/13 1386/1386/13
f 1381/1381/14 1382/1382/14 1388/1388/14 1387/1387/14
f 1382/1382/15 1383/1383/15 1389/1389/15 1388/1388/15
f 1383/1383/16 1384/1384/16 1390/1390/16 1389/1389/16
f 1384/1384/17 1385/1385/17 1391/1391/17 1390/1390/17
f 1386/1386/18 1387/1387/18 1393/1393/18 1392/1392/18
f 1387/1387/948 1388/1388/948 1394/1394/948 1393/1393/948
f 1388/1388/20 1389/1389/20 1395/1395/20 1394/1394/20
f 1389/1389/21 1390/1390/21 1396/1396/21 1395/1395/21
f 1390/1390/22 1391/1391/22 1397/1397/22 1396/1396/22
f 1392/1392/23 1393/1393/23 1399/1399/23 1398/1398/23
f 1393/1393/24 1394/1394/24 1400/1400/24 1399/1399/24
f 1394/1394/25 1395/1395/25 1401/1401/25 1400/1400/25
f 1395/1395/26 1396/1396/26 1402/1402/26 1401/1401/26
f 1396/1396/949 1397/1397/949 1403/1403/949 1402/1402/949
f 1398/1398/28 1399/1399/28 1405/1405/28 1404/1404/28
f 1399/1399/29 1400/1400/29 1406/1406/29 1405/1405/29
f 1400/1400/30 1401/1401/30 1407/1407/30 1406/1406/30
f 1401/1401/31 1402/1402/31 1408/1408/31 1407/1407/31
f 1402/1402/32 1403/1403/32 1409/1409/32 1408/1408/32
f 1404/1404/33 1405/1405/33 1479/1479/33 1473/1473/33
f 1405/1405/34 1406/1406/34 1485/1485/34 1479/1479/34
f 1406/1406/35 1407/1407/35 1491/1491/35 1485/1485/35
f 1407/1407/36 1408/1408/36 1497/1497/36 1491/1491/36
f 1408/1408/37 1409/1409/37 1410/1410/37 1497/1497/37
f 1378/1378/38 1411/1411/38 1417/1417/38 1416/1416/38
f 1411/1411/39 1412/1412/39 1418/1418/39 1417/1417/39
f 1412/1412/40 1413/1413/40 1419/1419/40 1418/1418/40
f 1413/1413/41 1414/1414/41 1420/1420/41 1419/1419/41
f 1414/1414/42 1415/1415/42 1421/1421/42 1420/1420/42
f 1416/1416/950 1417/1417/950 1423/1423/950 1422/1422/950
f 1417/1417/44 1418/1418/44 1424/1424/44 1423/1423/44
f 1418/1418/45 1419/1419/45 1425/1425/45 1424/1424/45
f 1419/1419/46 1420/1420/46 1426/1426/46 1425/1425/46
f 1420/1420/47 1421/1421/47 1427/1427/47 1426/1426/47
f 1422/1422/48 1423/1423/48 1429/1429/48 1428/1428/48
f 1423/1423/49 1424/1424/49 1430/1430/49 1429/1429/49
f 1424/1424/50 1425/1425/50 1431/1431/50 1430/1430/50
f 1425/1425/951 1426/1426/951 1432/1432/951 1431/1431/951
f 1426/1426/952 1427/1427/952 1433/1433/952 1432/1432/952
f 1428/1428/53 1429/1429/53 1435/1435/53 1434/1434/53
f 1429/1429/54 1430/1430/54 1436/1436/54 1435/1435/54
f 1430/1430/55 1431/1431/55 1437/1437/55 1436/1436/55
f 1431/1431/953 1432/1432/953 1438/1438/953 1437/1437/953
f 1432/1432/57 1433/1433/57 1439/1439/57 1438/1438/57
f 1434/1434/58 1435/1435/58 1391/1391/58 1385/1385/58
f 1435/1435/59 1436/1436/59 1397/1397/59 1391/1391/59
f 1436/1436/60 1437/1437/60 1403/1403/60 1397/1397/60
f 1437/1437/61 1438/1438/61 1409/1409/61 1403/1403/61
f 1438/1438/62 1439/1439/62 1410/1410/62 1409/1409/62
f 1379/1379/63 1440/1440/63 1446/1446/63 1445/1445/63
f 1440/1440/64 1441/1441/64 1447/1447/64 1446/1446/64
f 1441/1441/65 1442/1442/65 1448/1448/65 1447/1447/65
f 1442/1442/66 1443/1443/66 1449/1449/66 1448/1448/66
f 1443/1443/67 1444/1444/67 1450/1450/67 1449/1449/67
f 1445/1445/954 1446/1446/954 1452/1452/954 1451/1451/954
f 1446/1446/69 1447/1447/69 1453/1453/69 1452/1452/69
f 1447/1447/955 1448/1448/955 1454/1454/955 1453/1453/955
f 1448/1448/71 1449/1449/71 1455/1455/71 1454/1454/71
f 1449/1449/72 1450/1450/72 1456/1456/72 1455/1455/72
f 1451/1451/73 1452/1452/73 1458/1458/73 1457/1457/73
f 1452/1452/956 1453/1453/956 1459/1459/956 1458/1458/956
f 1453/1453/75 1454/1454/75 1460/1460/75 1459/1459/75
f 1454/1454/76 1455/1455/76 1461/1461/76 1460/1460/76
f 1455/1455/957 1456/1456/957 1462/1462/957 1461/1461/957
f 1457/1457/78 1458/1458/78 1464/1464/78 1463/1463/78
f 1458/1458/79 1459/1459/79 1465/1465/79 1464/1464/79
f 1459/1459/80 1460/1460/80 1466/1466/80 1465/1465/80
f 1460/1460/958 1461/1461/958 1467/1467/958 1466/1466/958
f 1461/1461/82 1462/1462/82 1468/1468/82 1467/1467/82
f 1463/1463/83 1464/1464/83 1421/1421/83 1415/1415/83
f 1464/1464/959 1465/1465/959 1427/1427/959 1421/1421/959
f 1465/1465/85 1466/1466/85 1433/1433/85 1427/1427/85
f 1466/1466/86 1467/1467/86 1439/1439/86 1433/1433/86
f 1467/1467/960 1468/1468/960 1410/1410/960 1439/1439/960
f 1380/1380/88 1469/1469/88 1475/1475/88 1474/1474/88
f 1469/1469/89 1470/1470/89 1476/1476/89 1475/1475/89
f 1470/1470/961 1471/1471/961 1477/1477/961 1476/1476/961
f 1471/1471/962 1472/1472/962 1478/1478/962 1477/1477/962
f 1472/1472/92 1473/1473/92 1479/1479/92 1478/1478/92
f 1474/1474/93 1475/1475/93 1481/1481/93 1480/1480/93
f 1475/1475/94 1476/1476/94 1482/1482/94 1481/1481/94
f 1476/1476/95 1477/1477/95 1483/1483/95 1482/1482/95
f 1477/1477/96 1478/1478/96 1484/1484/96 1483/1483/96
f 1478/1478/97 1479/1479/97 1485/1485/97 1484/1484/97
f 1480/1480/98 1481/1481/98 1487/1487/98 1486/1486/98
f 1481/1481/99 1482/1482/99 1488/1488/99 1487/1487/99
f 1482/1482/963 1483/1483/963 1489/1489/963 1488/1488/963
f 1483/1483/101 1484/1484/101 1490/1490/101 1489/1489/101
f 1484/1484/102 1485/1485/102 1491/1491/102 1490/1490/102
f 1486/1486/103 1487/1487/103 1493/1493/103 1492/1492/103
f 1487/1487/104 1488/1488/104 1494/1494/104 1493/1493/104
f 1488/1488/105 1489/1489/105 1495/1495/105 1494/1494/105
f 1489/1489/106 1490/1490/106 1496/1496/106 1495/1495/106
f 1490/1490/107 1491/1491/107 1497/1497/107 1496/1496/107
f 1492/1492/108 1493/1493/108 1450/1450/108 1444/1444/108
f 1493/1493/109 1494/1494/109 1456/1456/109 1450/1450/109
f 1494/1494/110 1495/1495/110 1462/1462/110 1456/1456/110
f 1495/1495/964 1496/1496/964 1468/1468/964 1462/1462/964
f 1496/1496/112 1497/1497/112 1410/1410/112 1468/1468/112
f 1498/1498/965 1502/1502/965 1508/1508/965 1507/1507/965
f 1502/1502/966 1503/1503/966 1509/1509/966 1508/1508/966
f 1503/1503/967 1504/1504/967 1510/1510/967 1509/1509/967
f 1504/1504/968 1505/1505/968 1511/1511/968 1510/1510/968
f 1505/1505/969 1506/1506/969 1512/1512/969 1511/1511/969
f 1507/1507/970 1508/1508/970 1514/1514/970 1513/1513/970
f 1508/1508/971 1509/1509/971 1515/1515/971 1514/1514/971
f 1509/1509/972 1510/1510/972 1516/1516/972 1515/1515/972
f 1510/1510/973 1511/1511/973 1517/1517/973 1516/1516/973
f 1511/1511/974 1512/1512/974 1518/1518/974 1517/1517/974
f 1513/1513/975 1514/1514/975 1520/1520/975 1519/1519/975
f 1514/1514/976 1515/1515/976 1521/1521/976 1520/1520/976
f 1515/1515/977 1516/1516/977 1522/1522/977 1521/1521/977
f 1516/1516/978 1517/1517/978 1523/1523/978 1522/1522/978
f 1517/1517/979 1518/1518/979 1524/1524/979 1523/1523/979
f 1519/1519/980 1520/1520/980 1526/1526/980 1525/1525/980
f 1520/1520/981 1521/1521/981 1527/1527/981 1526/1526/981
f 1521/1521/982 1522/1522/982 1528/1528/982 1527/1527/982
f 1522/1522/983 1523/1523/983 1529/1529/983 1528/1528/983
f 1523/1523/984 1524/1524/984 1530/1530/984 1529/1529/984
f 1525/1525/985 1526/1526/985 1600/1600/985 1594/1594/985
f 1526/1526/986 1527/1527/986 1606/1606/986 1600/1600/986
f 1527/1527/987 1528/1528/987 1612/1612/987 1606/1606/987
f 1528/1528/988 1529/1529/988 1618/1618/988 1612/1612/988
f 1529/1529/989 1530/1530/989 1531/1531/989 1618/1618/989
f 1499/1499/990 1532/1532/990 1538/1538/990 1537/1537/990
f 1532/1532/991 1533/1533/991 1539/1539/991 1538/1538/991
f 1533/1533/992 1534/1534/992 1540/1540/992 1539/1539/992
f 1534/1534/993 1535/1535/993 1541/1541/993 1540/1540/993
f 1535/1535/994 1536/1536/994 1542/1542/994 1541/1541/994
f 1537/1537/995 1538/1538/995 1544/1544/995 1543/1543/995
f 1538/1538/996 1539/1539/996 1545/1545/996 1544/1544/996
f 1539/1539/997 1540/1540/997 1546/1546/997 1545/1545/997
f 1540/1540/998 1541/1541/998 1547/1547/998 1546/1546/998
f 1541/1541/999 1542/1542/999 1548/1548/999 1547/1547/999
f 1543/1543/1000 1544/1544/1000 1550/1550/1000 1549/1549/1000
f 1544/1544/1001 1545/1545/1001 1551/1551/1001 1550/1550/1001
f 1545/1545/1002 1546/1546/1002 1552/1552/1002 1551/1551/1002
f 1546/1546/1003 1547/1547/1003 1553/1553/1003 1552/1552/1003
f 1547/1547/1004 1548/1548/1004 1554/1554/1004 1553/1553/1004
f 1549/1549/1005 1550/1550/1005 1556/1556/1005 1555/1555/1005
f 1550/1550/1006 1551/1551/1006 1557/1557/1006 1556/1556/1006
f 1551/1551/1007 1552/1552/1007 1558/1558/1007 1557/1557/1007
f 1552/1552/1008 1553/1553/1008 1559/1559/1008 1558/1558/1008
f 1553/1553/1009 1554/1554/1009 1560/1560/1009 1559/1559/1009
f 1555/1555/1010 1556/1556/1010 1512/1512/1010 1506/1506/1010
f 1556/1556/1011 1557/1557/1011 1518/1518/1011 1512/1512/1011
f 1557/1557/1012 1558/1558/1012 1524/1524/1012 1518/1518/1012
f 1558/1558/1013 1559/1559/1013 1530/1530/1013 1524/1524/1013
f 1559/1559/1014 1560/1560/1014 1531/1531/1014 1530/1530/1014
f 1500/1500/1015 1561/1561/1015 1567/1567/1015 1566/1566/1015
f 1561/1561/1016 1562/1562/1016 1568/1568/1016 1567/1567/1016
f 1562/1562/1017 1563/1563/1017 1569/1569/1017 1568/1568/1017
f 1563/1563/1018 1564/1564/1018 1570/1570/1018 1569/1569/1018
f 1564/1564/1019 1565/1565/1019 1571/1571/1019 1570/1570/1019
f 1566/1566/1020 1567/1567/1020 1573/1573/1020 1572/1572/1020
f 1567/1567/1021 1568/1568/1021 1574/1574/1021 1573/1573/1021
f 1568/1568/1022 1569/1569/1022 1575/1575/1022 1574/1574/1022
f 1569/1569/1023 1570/1570/1023 1576/1576/1023 1575/1575/1023
f 1570/1570/1024 1571/1571/1024 1577/1577/1024 1576/1576/1024
f 1572/1572/1025 1573/1573/1025 1579/1579/1025 1578/1578/1025
f 1573/1573/1026 1574/1574/1026 1580/1580/1026 1579/1579/1026
f 1574/1574/1027 1575/1575/1027 1581/1581/1027 1580/1580/1027
f 1575/1575/1028 1576/1576/1028 1582/1582/1028 1581/1581/1028
f 1576/1576/1029 1577/1577/1029 1583/1583/1029 1582/1582/1029
f 1578/1578/1030 1579/1579/1030 1585/1585/1030 1584/1584/1030
f 1579/1579/1031 1580/1580/1031 1586/1586/1031 1585/1585/1031
f 1580/1580/1032 1581/1581/1032 1587/1587/1032 1586/1586/1032
f 1581/1581/1033 1582/1582/1033 1588/1588/1033 1587/1587/1033
f 1582/1582/1034 1583/1583/1034 1589/1589/1034 1588/1588/1034
f 1584/1584/1035 1585/1585/1035 1542/1542/1035 1536/1536/1035
f 1585/1585/1036 1586/1586/1036 1548/1548/1036 1542/1542/1036
f 1586/1586/1037 1587/1587/1037 1554/1554/1037 1548/1548/1037
f 1587/1587/1038 1588/1588/1038 1560/1560/1038 1554/1554/1038
f 1588/1588/1039 1589/1589/1039 1531/1531/1039 1560/1560/1039
f 1501/1501/1040 1590/1590/1040 1596/1596/1040 1595/1595/1040
f 1590/1590/1041 1591/1591/1041 1597/1597/1041 1596/1596/1041
f 1591/1591/1042 1592/1592/1042 1598/1598/1042 1597/1597/1042
f 1592/1592/1043 1593/1593/1043 1599/1599/1043 1598/1598/1043
f 1593/1593/1044 1594/1594/1044 1600/1600/1044 1599/1599/1044
f 1595/1595/1045 1596/1596/1045 1602/1602/1045 1601/1601/1045
f 1596/1596/1046 1597/1597/1046 1603/1603/1046 1602/1602/1046
f 1597/1597/1047 1598/1598/1047 1604/1604/1047 1603/1603/1047
f 1598/1598/1048 1599/1599/1048 1605/1605/1048 1604/1604/1048
f 1599/1599/1049 1600/1600/1049 1606/1606/1049 1605/1605/1049
f 1601/1601/1050 1602/1602/1050 1608/1608/1050 1607/1607/1050
f 1602/1602/1051 1603/1603/1051 1609/1609/1051 1608/1608/1051
f 1603/1603/1052 1604/1604/1052 1610/1610/1052 1609/1609/1052
f 1604/1604/1053 1605/1605/1053 1611/1611/1053 1610/1610/1053
f 1605/1605/1054 1606/1606/1054 1612/1612/1054 1611/1611/1054
f 1607/1607/1055 1608/1608/1055 1614/1614/1055 1613/1613/1055
f 1608/1608/1056 1609/1609/1056 1615/1615/1056 1614/1614/1056
f 1609/1609/1057 1610/1610/1057 1616/1616/1057 1615/1615/1057
f 1610/1610/1058 1611/1611/1058 1617/1617/1058 1616/1616/1058
f 1611/1611/1059 1612/1612/1059 1618/1618/1059 1617/1617/1059
f 1613/1613/1060 1614/1614/1060 1571/1571/1060 1565/1565/1060
f 1614/1614/1061 1615/1615/1061 1577/1577/1061 1571/1571/1061
f 1615/1615/1062 1616/1616/1062 1583/1583/1062 1577/1577/1062
f 1616/1616/1063 1617/1617/1063 1589/1589/1063 1583/1583/1063
f 1617/1617/1064 1618/1618/1064 1531/1531/1064 1589/1589/1064
f 1619/1619/288 1623/1623/288 1629/1629/288 1628/1628/288
f 1623/1623/1065 1624/1624/1065 1630/1630/1065 1629/1629/1065
f 1624/1624/290 1625/1625/290 1631/1631/290 1630/1630/290
f 1625/1625/291 1626/1626/291 1632/1632/291 1631/1631/291
f 1626/1626/292 1627/1627/292 1633/1633/292 1632/1632/292
f 1628/1628/293 1629/1629/293 1635/1635/293 1634/1634/293
f 1629/1629/294 1630/1630/294 1636/1636/294 1635/1635/294
f 1630/1630/295 1631/1631/295 1637/1637/295 1636/1636/295
f 1631/1631/296 1632/1632/296 1638/1638/296 1637/1637/296
f 1632/1632/297 1633/1633/297 1639/1639/297 1638/1638/297
f 1634/1634/298 1635/1635/298 1641/1641/298 1640/1640/298
f 1635/1635/299 1636/1636/299 1642/1642/299 1641/1641/299
f 1636/1636/300 1637/1637/300 1643/1643/300 1642/1642/300
f 1637/1637/1066 1638/1638/1066 1644/1644/1066 1643/1643/1066
f 1638/1638/302 1639/1639/302 1645/1645/302 1644/1644/302
f 1640/1640/303 1641/1641/303 1647/1647/303 1646/1646/303
f 1641/1641/304 1642/1642/304 1648/1648/304 1647/1647/304
f 1642/1642/305 1643/1643/305 1649/1649/305 1648/1648/305
f 1643/1643/306 1644/1644/306 1650/1650/306 1649/1649/306
f 1644/1644/307 1645/1645/307 1651/1651/307 1650/1650/307
f 1646/1646/308 1647/1647/308 1721/1721/308 1715/1715/308
f 1647/1647/309 1648/1648/309 1727/1727/309 1721/1721/309
f 1648/1648/310 1649/1649/310 1733/1733/310 1727/1727/310
f 1649/1649/311 1650/1650/311 1739/1739/311 1733/1733/311
f 1650/1650/312 1651/1651/312 1652/1652/312 1739/1739/312
f 1620/1620/213 1653/1653/213 1659/1659/213 1658/1658/213
f 1653/1653/214 1654/1654/214 1660/1660/214 1659/1659/214
f 1654/1654/215 1655/1655/215 1661/1661/215 1660/1660/215
f 1655/1655/216 1656/1656/216 1662/1662/216 1661/1661/216
f 1656/1656/1067 1657/1657/1067 1663/1663/1067 1662/1662/1067
f 1658/1658/218 1659/1659/218 1665/1665/218 1664/1664/218
f 1659/1659/219 1660/1660/219 1666/1666/219 1665/1665/219
f 1660/1660/220 1661/1661/220 1667/1667/220 1666/1666/220
f 1661/1661/221 1662/1662/221 1668/1668/221 1667/1667/221
f 1662/1662/222 1663/1663/222 1669/1669/222 1668/1668/222
f 1664/1664/223 1665/1665/223 1671/1671/223 1670/1670/223
f 1665/1665/224 1666/1666/224 1672/1672/224 1671/1671/224
f 1666/1666/225 1667/1667/225 1673/1673/225 1672/1672/225
f 1667/1667/1068 1668/1668/1068 1674/1674/1068 1673/1673/1068
f 1668/1668/227 1669/1669/227 1675/1675/227 1674/1674/227
f 1670/1670/228 1671/1671/228 1677/1677/228 1676/1676/228
f 1671/1671/229 1672/1672/229 1678/1678/229 1677/1677/229
f 1672/1672/1069 1673/1673/1069 1679/1679/1069 1678/1678/1069
f 1673/1673/231 1674/1674/231 1680/1680/231 1679/1679/231
f 1674/1674/232 1675/1675/232 1681/1681/232 1680/1680/232
f 1676/1676/233 1677/1677/233 1633/1633/233 1627/1627/233
f 1677/1677/234 1678/1678/234 1639/1639/234 1633/1633/234
f 1678/1678/235 1679/1679/235 1645/1645/235 1639/1639/235
f 1679/1679/236 1680/1680/236 1651/1651/236 1645/1645/236
f 1680/1680/237 1681/1681/237 1652/1652/237 1651/1651/237
f 1621/1621/238 1682/1682/238 1688/1688/238 1687/1687/238
f 1682/1682/239 1683/1683/239 1689/1689/239 1688/1688/239
f 1683/1683/1070 1684/1684/1070 1690/1690/1070 1689/1689/1070
f 1684/1684/241 1685/1685/241 1691/1691/241 1690/1690/241
f 1685/1685/242 1686/1686/242 1692/1692/242 1691/1691/242
f 1687/1687/1071 1688/1688/1071 1694/1694/1071 1693/1693/1071
f 1688/1688/244 1689/1689/244 1695/1695/244 1694/1694/244
f 1689/1689/245 1690/1690/245 1696/1696/245 1695/1695/245
f 1690/1690/246 1691/1691/246 1697/1697/246 1696/1696/246
f 1691/1691/247 1692/1692/247 1698/1698/247 1697/1697/247
f 1693/1693/248 1694/1694/248 1700/1700/248 1699/1699/248
f 1694/1694/1072 1695/1695/1072 1701/1701/1072 1700/1700/1072
f 1695/1695/250 1696/1696/250 1702/1702/250 1701/1701/250
f 1696/1696/251 1697/1697/251 1703/1703/251 1702/1702/251
f 1697/1697/252 1698/1698/252 1704/1704/252 1703/1703/252
f 1699/1699/253 1700/1700/253 1706/1706/253 1705/1705/253
f 1700/1700/254 1701/1701/254 1707/1707/254 1706/1706/254
f 1701/1701/255 1702/1702/255 1708/1708/255 1707/1707/255
f 1702/1702/1073 1703/1703/1073 1709/1709/1073 1708/1708/1073
f 1703/1703/257 1704/1704/257 1710/1710/257 1709/1709/257
f 1705/1705/1074 1706/1706/1074 1663/1663/1074 1657/1657/1074
f 1706/1706/259 1707/1707/259 1669/1669/259 1663/1663/259
f 1707/1707/260 1708/1708/260 1675/1675/260 1669/1669/260
f 1708/1708/261 1709/1709/261 1681/1681/261 1675/1675/261
f 1709/1709/262 1710/1710/262 1652/1652/262 1681/1681/262
f 1622/1622/263 1711/1711/263 1717/1717/263 1716/1716/263
f 1711/1711/264 1712/1712/264 1718/1718/264 1717/1717/264
f 1712/1712/1075 1713/1713/1075 1719/1719/1075 1718/1718/1075
f 1713/1713/1076 1714/1714/1076 1720/1720/1076 1719/1719/1076
f 1714/1714/267 1715/1715/267 1721/1721/267 1720/1720/267
f 1716/1716/268 1717/1717/268 1723/1723/268 1722/1722/268
f 1717/1717/269 1718/1718/269 1724/1724/269 1723/1723/269
f 1718/1718/1077 1719/1719/1077 1725/1725/1077 1724/1724/1077
f 1719/1719/271 1720/1720/271 1726/1726/271 1725/1725/271
f 1720/1720/272 1721/1721/272 1727/1727/272 1726/1726/272
f 1722/1722/273 1723/1723/273 1729/1729/273 1728/1728/273
f 1723/1723/274 1724/1724/274 1730/1730/274 1729/1729/274
f 1724/1724/275 1725/1725/275 1731/1731/275 1730/1730/275
f 1725/1725/276 1726/1726/276 1732/1732/276 1731/1731/276
f 1726/1726/277 1727/1727/277 1733/1733/277 1732/1732/277
f 1728/1728/278 1729/1729/278 1735/1735/278 1734/1734/278
f 1729/1729/279 1730/1730/279 1736/1736/279 1735/1735/279
f 1730/1730/280 1731/1731/280 1737/1737/280 1736/1736/280
f 1731/1731/281 1732/1732/281 1738/1738/281 1737/1737/281
f 1732/1732/282 1733/1733/282 1739/1739/282 1738/1738/282
f 1734/1734/283 1735/1735/283 1692/1692/283 1686/1686/283
f 1735/1735/284 1736/1736/284 1698/1698/284 1692/1692/284
f 1736/1736/285 1737/1737/285 1704/1704/285 1698/1698/285
f 1737/1737/286 1738/1738/286 1710/1710/286 1704/1704/286
f 1738/1738/287 1739/1739/287 1652/1652/287 1710/1710/287
f 1740/1740/1078 1744/1744/1078 1750/1750/1078 1749/1749/1078
f 1744/1744/1079 1745/1745/1079 1751/1751/1079 1750/1750/1079
f 1745/1745/1080 1746/1746/1080 1752/1752/1080 1751/1751/1080
f 1746/1746/1081 1747/1747/1081 1753/1753/1081 1752/1752/1081
f 1747/1747/1082 1748/1748/1082 1754/1754/1082 1753/1753/1082
f 1749/1749/1083 1750/1750/1083 1756/1756/1083 1755/1755/1083
f 1750/1750/1084 1751/1751/1084 1757/1757/1084 1756/1756/1084
f 1751/1751/1085 1752/1752/1085 1758/1758/1085 1757/1757/1085
f 1752/1752/1086 1753/1753/1086 1759/1759/1086 1758/1758/1086
f 1753/1753/1087 1754/1754/1087 1760/1760/1087 1759/1759/1087
f 1755/1755/1088 1756/1756/1088 1762/1762/1088 1761/1761/1088
f 1756/1756/1089 1757/1757/1089 1763/1763/1089 1762/1762/1089
f 1757/1757/1090 1758/1758/1090 1764/1764/1090 1763/1763/1090
f 1758/1758/1091 1759/1759/1091 1765/1765/1091 1764/1764/1091
f 1759/1759/1092 1760/1760/1092 1766/1766/1092 1765/1765/1092
f 1761/1761/1093 1762/1762/1093 1768/1768/1093 1767/1767/1093
f 1762/1762/1094 1763/1763/1094 1769/1769/1094 1768/1768/1094
f 1763/1763/1095 1764/1764/1095 1770/1770/1095 1769/1769/1095
f 1764/1764/1096 1765/1765/1096 1771/1771/1096 1770/1770/1096
f 1765/1765/1097 1766/1766/1097 1772/1772/1097 1771/1771/1097
f 1767/1767/1098 1768/1768/1098 1842/1842/1098 1836/1836/1098
f 1768/1768/1099 1769/1769/1099 1848/1848/1099 1842/1842/1099
f 1769/1769/1100 1770/1770/1100 1854/1854/1100 1848/1848/1100
f 1770/1770/1101 1771/1771/1101 1860/1860/1101 1854/1854/1101
f 1771/1771/1102 1772/1772/1102 1773/1773/1102 1860/1860/1102
f 1741/1741/1103 1774/1774/1103 1780/1780/1103 1779/1779/1103
f 1774/1774/1104 1775/1775/1104 1781/1781/1104 1780/1780/1104
f 1775/1775/1105 1776/1776/1105 1782/1782/1105 1781/1781/1105
f 1776/1776/1106 1777/1777/1106 1783/1783/1106 1782/1782/1106
f 1777/1777/1107 1778/1778/1107 1784/1784/1107 1783/1783/1107
f 1779/1779/1108 1780/1780/1108 1786/1786/1108 1785/1785/1108
f 1780/1780/1109 1781/1781/1109 1787/1787/1109 1786/1786/1109
f 1781/1781/1110 1782/1782/1110 1788/1788/1110 1787/1787/1110
f 1782/1782/1111 1783/1783/1111 1789/1789/1111 1788/1788/1111
f 1783/1783/1112 1784/1784/1112 1790/1790/1112 1789/1789/1112
f 1785/1785/1113 1786/1786/1113 1792/1792/1113 1791/1791/1113
f 1786/1786/1114 1787/1787/1114 1793/1793/1114 1792/1792/1114
f 1787/1787/1115 1788/1788/1115 1794/1794/1115 1793/1793/1115
f 1788/1788/1116 1789/1789/1116 1795/1795/1116 1794/1794/1116
f 1789/1789/1117 1790/1790/1117 1796/1796/1117 1795/1795/1117
f 1791/1791/1118 1792/1792/1118 1798/1798/1118 1797/1797/1118
f 1792/1792/1119 1793/1793/1119 1799/1799/1119 1798/1798/1119
f 1793/1793/1120 1794/1794/1120 1800/1800/1120 1799/1799/1120
f 1794/1794/1121 1795/1795/1121 1801/1801/1121 1800/1800/1121
f 1795/1795/1122 1796/1796/1122 1802/1802/1122 1801/1801/1122
f 1797/1797/1123 1798/1798/1123 1754/1754/1123 1748/1748/1123
f 1798/1798/1124 1799/1799/1124 1760/1760/1124 1754/1754/1124
f 1799/1799/1125 1800/1800/1125 1766/1766/1125 1760/1760/1125
f 1800/1800/1126 1801/1801/1126 1772/1772/1126 1766/1766/1126
f 1801/1801/1127 1802/1802/1127 1773/1773/1127 1772/1772/1127
f 1742/1742/1128 1803/1803/1128 1809/1809/1128 1808/1808/1128
f 1803/1803/1129 1804/1804/1129 1810/1810/1129 1809/1809/1129
f 1804/1804/1130 1805/1805/1130 1811/1811/1130 1810/1810/1130
f 1805/1805/1131 1806/1806/1131 1812/1812/1131 1811/1811/1131
f 1806/1806/1132 1807/1807/1132 1813/1813/1132 1812/1812/1132
f 1808/1808/1133 1809/1809/1133 1815/1815/1133 1814/1814/1133
f 1809/1809/1134 1810/1810/1134 1816/1816/1134 1815/1815/1134
f 1810/1810/1135 1811/1811/1135 1817/1817/1135 1816/1816/1135
f 1811/1811/1136 1812/1812/1136 1818/1818/1136 1817/1817/1136
f 1812/1812/1137 1813/1813/1137 1819/1819/1137 1818/1818/1137
f 1814/1814/1138 1815/1815/1138 1821/1821/1138 1820/1820/1138
f 1815/1815/1139 1816/1816/1139 1822/1822/1139 1821/1821/1139
f 1816/1816/1140 1817/1817/1140 1823/1823/1140 1822/1822/1140
f 1817/1817/1141 1818/1818/1141 1824/1824/1141 1823/1823/1141
f 1818/1818/1142 1819/1819/1142 1825/1825/1142 1824/1824/1142
f 1820/1820/1143 1821/1821/1143 1827/1827/1143 1826/1826/1143
f 1821/1821/1144 1822/1822/1144 1828/1828/1144 1827/1827/1144
f 1822/1822/1145 1823/1823/1145 1829/1829/1145 1828/1828/1145
f 1823/1823/1146 1824/1824/1146 1830/1830/1146 1829/1829/1146
f 1824/1824/1147 1825/1825/1147 1831/1831/1147 1830/1830/1147
f 1826/1826/1148 1827/1827/1148 1784/1784/1148 1778/1778/1148
f 1827/1827/1149 1828/1828/1149 1790/1790/1149 1784/1784/1149
f 1828/1828/1150 1829/1829/1150 1796/1796/1150 1790/1790/1150
f 1829/1829/1151 1830/1830/1151 1802/1802/1151 1796/1796/1151
f 1830/1830/1152 1831/1831/1152 1773/1773/1152 1802/1802/1152
f 1743/1743/1153 1832/1832/1153 1838/1838/1153 1837/1837/1153
f 1832/1832/1154 1833/1833/1154 1839/1839/1154 1838/1838/1154
f 1833/1833/1155 1834/1834/1155 1840/1840/1155 1839/1839/1155
f 1834/1834/1156 1835/1835/1156 1841/1841/1156 1840/1840/1156
f 1835/1835/1157 1836/1836/1157 1842/1842/1157 1841/1841/1157
f 1837/1837/1158 1838/1838/1158 1844/1844/1158 1843/1843/1158
f 1838/1838/1159 1839/1839/1159 1845/1845/1159 1844/1844/1159
f 1839/1839/1160 1840/1840/1160 1846/1846/1160 1845/1845/1160
f 1840/1840/1161 1841/1841/1161 1847/1847/1161 1846/1846/1161
f 1841/1841/1162 1842/1842/1162 1848/1848/1162 1847/1847/1162
f 1843/1843/1163 1844/1844/1163 1850/1850/1163 1849/1849/1163
f 1844/1844/1164 1845/1845/1164 1851/1851/1164 1850/1850/1164
f 1845/1845/1165 1846/1846/1165 1852/1852/1165 1851/1851/1165
f 1846/1846/1166 1847/1847/1166 1853/1853/1166 1852/1852/1166
f 1847/1847/1167 1848/1848/1167 1854/1854/1167 1853/1853/1167
f 1849/1849/1168 1850/1850/1168 1856/1856/1168 1855/1855/1168
f 1850/1850/1169 1851/1851/1169 1857/1857/1169 1856/1856/1169
f 1851/1851/1170 1852/1852/1170 1858/1858/1170 1857/1857/1170
f 1852/1852/1171 1853/1853/1171 1859/1859/1171 1858/1858/1171
f 1853/1853/1172 1854/1854/1172 1860/1860/1172 1859/1859/1172
f 1855/1855/1173 1856/1856/1173 1813/1813/1173 1807/1807/1173
f 1856/1856/1174 1857/1857/1174 1819/1819/1174 1813/1813/1174
f 1857/1857/1175 1858/1858/1175 1825/1825/1175 1819/1819/1175
f 1858/1858/1176 1859/1859/1176 1831/1831/1176 1825/1825/1176
f 1859/1859/1177 1860/1860/1177 1773/1773/1177 1831/1831/1177
f 1861/1861/1178 1865/1865/1178 1871/1871/1178 1870/1870/1178
f 1865/1865/1179 1866/1866/1179 1872/1872/1179 1871/1871/1179
f 1866/1866/1180 1867/1867/1180 1873/1873/1180 1872/1872/1180
f 1867/1867/1181 1868/1868/1181 1874/1874/1181 1873/1873/1181
f 1868/1868/1182 1869/1869/1182 1875/1875/1182 1874/1874/1182
f 1870/1870/1183 1871/1871/1183 1877/1877/1183 1876/1876/1183
f 1871/1871/1184 1872/1872/1184 1878/1878/1184 1877/1877/1184
f 1872/1872/1185 1873/1873/1185 1879/1879/1185 1878/1878/1185
f 1873/1873/1186 1874/1874/1186 1880/1880/1186 1879/1879/1186
f 1874/1874/1187 1875/1875/1187 1881/1881/1187 1880/1880/1187
f 1876/1876/1188 1877/1877/1188 1883/1883/1188 1882/1882/1188
f 1877/1877/1189 1878/1878/1189 1884/1884/1189 1883/1883/1189
f 1878/1878/1190 1879/1879/1190 1885/1885/1190 1884/1884/1190
f 1879/1879/1191 1880/1880/1191 1886/1886/1191 1885/1885/1191
f 1880/1880/1192 1881/1881/1192 1887/1887/1192 1886/1886/1192
f 1882/1882/1193 1883/1883/1193 1889/1889/1193 1888/1888/1193
f 1883/1883/1194 1884/1884/1194 1890/1890/1194 1889/1889/1194
f 1884/1884/1195 1885/1885/1195 1891/1891/1195 1890/1890/1195
f 1885/1885/1196 1886/1886/1196 1892/1892/1196 1891/1891/1196
f 1886/1886/1197 1887/1887/1197 1893/1893/1197 1892/1892/1197
f 1888/1888/1198 1889/1889/1198 1963/1963/1198 1957/1957/1198
f 1889/1889/1199 1890/1890/1199 1969/1969/1199 1963/1963/1199
f 1890/1890/1200 1891/1891/1200 1975/1975/1200 1969/1969/1200
f 1891/1891/1201 1892/1892/1201 1981/1981/1201 1975/1975/1201
f 1892/1892/1202 1893/1893/1202 1894/1894/1202 1981/1981/1202
f 1862/1862/1203 1895/1895/1203 1901/1901/1203 1900/1900/1203
f 1895/1895/1204 1896/1896/1204 1902/1902/1204 1901/1901/1204
f 1896/1896/1205 1897/1897/1205 1903/1903/1205 1902/1902/1205
f 1897/1897/1206 1898/1898/1206 1904/1904/1206 1903/1903/1206
f 1898/1898/1207 1899/1899/1207 1905/1905/1207 1904/1904/1207
f 1900/1900/1208 1901/1901/1208 1907/1907/1208 1906/1906/1208
f 1901/1901/1209 1902/1902/1209 1908/1908/1209 1907/1907/1209
f 1902/1902/1210 1903/1903/1210 1909/1909/1210 1908/1908/1210
f 1903/1903/1211 1904/1904/1211 1910/1910/1211 1909/1909/1211
f 1904/1904/1212 1905/1905/1212 1911/1911/1212 1910/1910/1212
f 1906/1906/1213 1907/1907/1213 1913/1913/1213 1912/1912/1213
f 1907/1907/1214 1908/1908/1214 1914/1914/1214 1913/1913/1214
f 1908/1908/1215 1909/1909/1215 1915/1915/1215 1914/1914/1215
f 1909/1909/1216 1910/1910/1216 1916/1916/1216 1915/1915/1216
f 1910/1910/1217 1911/1911/1217 1917/1917/1217 1916/1916/1217
f 1912/1912/1218 1913/1913/1218 1919/1919/1218 1918/1918/1218
f 1913/1913/1219 1914/1914/1219 1920/1920/1219 1919/1919/1219
f 1914/1914/1220 1915/1915/1220 1921/1921/1220 1920/1920/1220
f 1915/1915/1221 1916/1916/1221 1922/1922/1221 1921/1921/1221
f 1916/1916/1222 1917/1917/1222 1923/1923/1222 1922/1922/1222
f 1918/1918/1223 1919/1919/1223 1875/1875/1223 1869/1869/1223
f 1919/1919/1224 1920/1920/1224 1881/1881/1224 1875/1875/1224
f 1920/1920/1225 1921/1921/1225 1887/1887/1225 1881/1881/1225
f 1921/1921/1226 1922/1922/1226 1893/1893/1226 1887/1887/1226
f 1922/1922/1227 1923/1923/1227 1894/1894/1227 1893/1893/1227
f 1863/1863/1228 1924/1924/1228 1930/1930/1228 1929/1929/1228
f 1924/1924/1229 1925/1925/1229 1931/1931/1229 1930/1930/1229
f 1925/1925/1230 1926/1926/1230 1932/1932/1230 1931/1931/1230
f 1926/1926/1231 1927/1927/1231 1933/1933/1231 1932/1932/1231
f 1927/1927/1232 1928/1928/1232 1934/1934/1232 1933/1933/1232
f 1929/1929/1233 1930/1930/1233 1936/1936/1233 1935/1935/1233
f 1930/1930/1234 1931/1931/1234 1937/1937/1234 1936/1936/1234
f 1931/1931/1235 1932/1932/1235 1938/1938/1235 1937/1937/1235
f 1932/1932/1236 1933/1933/1236 1939/1939/1236 1938/1938/1236
f 1933/1933/1237 1934/1934/1237 1940/1940/1237 1939/1939/1237
f 1935/1935/1238 1936/1936/1238 1942/1942/1238 1941/1941/1238
f 1936/1936/1239 1937/1937/1239 1943/1943/1239 1942/1942/1239
f 1937/1937/1240 1938/1938/1240 1944/1944/1240 1943/1943/1240
f 1938/1938/1241 1939/1939/1241 1945/1945/1241 1944/1944/1241
f 1939/1939/1242 1940/1940/1242 1946/1946/1242 1945/1945/1242
f 1941/1941/1243 1942/1942/1243 1948/1948/1243 1947/1947/1243
f 1942/1942/1244 1943/1943/1244 1949/1949/1244 1948/1948/1244
f 1943/1943/1245 1944/1944/1245 1950/1950/1245 1949/1949/1245
f 1944/1944/1246 1945/1945/1246 1951/1951/1246 1950/1950/1246
f 1945/1945/1247 1946/1946/1247 1952/1952/1247 1951/1951/1247
f 1947/1947/1248 1948/1948/1248 1905/1905/1248 1899/1899/1248
f 1948/1948/1249 1949/1949/1249 1911/1911/1249 1905/1905/1249
f 1949/1949/1250 1950/1950/1250 1917/1917/1250 1911/1911/1250
f 1950/1950/1251 1951/1951/1251 1923/1923/1251 1917/1917/1251
f 1951/1951/1252 1952/1952/1252 1894/1894/1252 1923/1923/1252
f 1864/1864/1253 1953/1953/1253 1959/1959/1253 1958/1958/1253
f 1953/1953/1254 1954/1954/1254 1960/1960/1254 1959/1959/1254
f 1954/1954/1255 1955/1955/1255 1961/1961/1255 1960/1960/1255
f 1955/1955/1256 1956/1956/1256 1962/1962/1256 1961/1961/1256
f 1956/1956/1257 1957/1957/1257 1963/1963/1257 1962/1962/1257
f 1958/1958/1258 1959/1959/1258 1965/1965/1258 1964/1964/1258
f 1959/1959/1259 1960/1960/1259 1966/1966/1259 1965/1965/1259
f 1960/1960/1260 1961/1961/1260 1967/1967/1260 1966/1966/1260
f 1961/1961/1261 1962/1962/1261 1968/1968/1261 1967/1967/1261
f 1962/1962/1262 1963/1963/1262 1969/1969/1262 1968/1968/1262
f 1964/1964/1263 1965/1965/1263 1971/1971/1263 1970/1970/1263
f 1965/1965/1264 1966/1966/1264 1972/1972/1264 1971/1971/1264
f 1966/1966/1265 1967/1967/1265 1973/1973/1265 1972/1972/1265
f 1967/1967/1266 1968/1968/1266 1974/1974/1266 1973/1973/1266
f 1968/1968/1267 1969/1969/1267 1975/1975/1267 1974/1974/1267
f 1970/1970/1268 1971/1971/1268 1977/1977/1268 1976/1976/1268
f 1971/1971/1269 1972/1972/1269 1978/1978/1269 1977/1977/1269
f 1972/1972/1270 1973/1973/1270 1979/1979/1270 1978/1978/1270
f 1973/1973/1271 1974/1974/1271 1980/1980/1271 1979/1979/1271
f 1974/1974/1272 1975/1975/1272 1981/1981/1272 1980/1980/1272
f 1976/1976/1273 1977/1977/1273 1934/1934/1273 1928/1928/1273
f 1977/1977/1274 1978/1978/1274 1940/1940/1274 1934/1934/1274
f 1978/1978/1275 1979/1979/1275 1946/1946/1275 1940/1940/1275
f 1979/1979/1276 1980/1980/1276 1952/1952/1276 1946/1946/1276
f 1980/1980/1277 1981/1981/1277 1894/1894/1277 1952/1952/1277
f 1982/1982/1278 1986/1986/1278 1992/1992/1278 1991/1991/1278
f 1986/1986/1279 1987/1987/1279 1993/1993/1279 1992/1992/1279
f 1987/1987/1280 1988/1988/1280 1994/1994/1280 1993/1993/1280
f 1988/1988/1281 1989/1989/1281 1995/1995/1281 1994/1994/1281
f 1989/1989/1282 1990/1990/1282 1996/1996/1282 1995/1995/1282
f 1991/1991/1283 1992/1992/1283 1998/1998/1283 1997/1997/1283
f 1992/1992/1284 1993/1993/1284 1999/1999/1284 1998/1998/1284
f 1993/1993/1285 1994/1994/1285 2000/2000/1285 1999/1999/1285
f 1994/1994/1286 1995/1995/1286 2001/2001/1286 2000/2000/1286
f 1995/1995/1287 1996/1996/1287 2002/2002/1287 2001/2001/1287
f 1997/1997/1288 1998/1998/1288 2004/2004/1288 2003/2003/1288
f 1998/1998/1289 1999/1999/1289 2005/2005/1289 2004/2004/1289
f 1999/1999/1290 2000/2000/1290 2006/2006/1290 2005/2005/1290
f 2000/2000/1291 2001/2001/1291 2007/2007/1291 2006/2006/1291
f 2001/2001/1292 2002/2002/1292 2008/2008/1292 2007/2007/1292
f 2003/2003/1293 2004/2004/1293 2010/2010/1293 2009/2009/1293
f 2004/2004/1294 2005/2005/1294 2011/2011/1294 2010/2010/1294
f 2005/2005/1295 2006/2006/1295 2012/2012/1295 2011/2011/1295
f 2006/2006/1296 2007/2007/1296 2013/2013/1296 2012/2012/1296
f 2007/2007/1297 2008/2008/1297 2014/2014/1297 2013/2013/1297
f 2009/2009/1298 2010/2010/1298 2084/2084/1298 2078/2078/1298
f 2010/2010/1299 2011/2011/1299 2090/2090/1299 2084/2084/1299
f 2011/2011/1300 2012/2012/1300 2096/2096/1300 2090/2090/1300
f 2012/2012/1301 2013/2013/1301 2102/2102/1301 2096/2096/1301
f 2013/2013/1302 2014/2014/1302 2015/2015/1302 2102/2102/1302
f 1983/1983/1303 2016/2016/1303 2022/2022/1303 2021/2021/1303
f 2016/2016/1304 2017/2017/1304 2023/2023/1304 2022/2022/1304
f 2017/2017/1305 2018/2018/1305 2024/2024/1305 2023/2023/1305
f 2018/2018/1306 2019/2019/1306 2025/2025/1306 2024/2024/1306
f 2019/2019/1307 2020/2020/1307 2026/2026/1307 2025/2025/1307
f 2021/2021/1308 2022/2022/1308 2028/2028/1308 2027/2027/1308
f 2022/2022/1309 2023/2023/1309 2029/2029/1309 2028/2028/1309
f 2023/2023/1310 2024/2024/1310 2030/2030/1310 2029/2029/1310
f 2024/2024/1311 2025/2025/1311 2031/2031/1311 2030/2030/1311
f 2025/2025/1312 2026/2026/1312 2032/2032/1312 2031/2031/1312
f 2027/2027/1313 2028/2028/1313 2034/2034/1313 2033/2033/1313
f 2028/2028/1314 2029/2029/1314 2035/2035/1314 2034/2034/1314
f 2029/2029/1315 2030/2030/1315 2036/2036/1315 2035/2035/1315
f 2030/2030/1316 2031/2031/1316 2037/2037/1316 2036/2036/1316
f 2031/2031/1317 2032/2032/1317 2038/2038/1317 2037/2037/1317
f 2033/2033/1318 2034/2034/1318 2040/2040/1318 2039/2039/1318
f 2034/2034/1319 2035/2035/1319 2041/2041/1319 2040/2040/1319
f 2035/2035/1320 2036/2036/1320 2042/2042/1320 2041/2041/1320
f 2036/2036/1321 2037/2037/1321 2043/2043/1321 2042/2042/1321
f 2037/2037/1322 2038/2038/1322 2044/2044/1322 2043/2043/1322
f 2039/2039/1323 2040/2040/1323 1996/1996/1323 1990/1990/1323
f 2040/2040/1324 2041/2041/1324 2002/2002/1324 1996/1996/1324
f 2041/2041/1325 2042/2042/1325 2008/2008/1325 2002/2002/1325
f 2042/2042/1326 2043/2043/1326 2014/2014/1326 2008/2008/1326
f 2043/2043/1327 2044/2044/1327 2015/2015/1327 2014/2014/1327
f 1984/1984/1328 2045/2045/1328 2051/2051/1328 2050/2050/1328
f 2045/2045/1329 2046/2046/1329 2052/2052/1329 2051/2051/1329
f 2046/2046/1330 2047/2047/1330 2053/2053/1330 2052/2052/1330
f 2047/2047/1331 2048/2048/1331 2054/2054/1331 2053/2053/1331
f 2048/2048/1332 2049/2049/1332 2055/2055/1332 2054/2054/1332
f 2050/2050/1333 2051/2051/1333 2057/2057/1333 2056/2056/1333
f 2051/2051/1334 2052/2052/1334 2058/2058/1334 2057/2057/1334
f 2052/2052/1335 2053/2053/1335 2059/2059/1335 2058/2058/1335
f 2053/2053/1336 2054/2054/1336 2060/2060/1336 2059/2059/1336
f 2054/2054/1337 2055/2055/1337 2061/2061/1337 2060/2060/1337
f 2056/2056/1338 2057/2057/1338 2063/2063/1338 2062/2062/1338
f 2057/2057/1339 2058/2058/1339 2064/2064/1339 2063/2063/1339
f 2058/2058/1340 2059/2059/1340 2065/2065/1340 2064/2064/1340
f 2059/2059/1341 2060/2060/1341 2066/2066/1341 2065/2065/1341
f 2060/2060/1342 2061/2061/1342 2067/2067/1342 2066/2066/1342
f 2062/2062/1343 2063/2063/1343 2069/2069/1343 2068/2068/1343
f 2063/2063/1344 2064/2064/1344 2070/2070/1344 2069/2069/1344
f 2064/2064/1345 2065/2065/1345 2071/2071/1345 2070/2070/1345
f 2065/2065/1346 2066/2066/1346 2072/2072/1346 2071/2071/1346
f 2066/2066/1347 2067/2067/1347 2073/2073/1347 2072/2072/1347
f 2068/2068/1348 2069/2069/1348 2026/2026/1348 2020/2020/1348
f 2069/2069/1349 2070/2070/1349 2032/2032/1349 2026/2026/1349
f 2070/2070/1350 2071/2071/1350 2038/2038/1350 2032/2032/1350
f 2071/2071/1351 2072/2072/1351 2044/2044/1351 2038/2038/1351
f 2072/2072/1352 2073/2073/1352 2015/2015/1352 2044/2044/1352
f 1985/1985/1353 2074/2074/1353 2080/2080/1353 2079/2079/1353
f 2074/2074/1354 2075/2075/1354 2081/2081/1354 2080/2080/1354
f 2075/2075/1355 2076/2076/1355 2082/2082/1355 2081/2081/1355
f 2076/2076/1356 2077/2077/1356 2083/2083/1356 2082/2082/1356
f 2077/2077/1357 2078/2078/1357 2084/2084/1357 2083/2083/1357
f 2079/2079/1358 2080/2080/1358 2086/2086/1358 2085/2085/1358
f 2080/2080/1359 2081/2081/1359 2087/2087/1359 2086/2086/1359
f 2081/2081/1360 2082/2082/1360 2088/2088/1360 2087/2087/1360
f 2082/2082/1361 2083/2083/1361 2089/2089/1361 2088/2088/1361
f 2083/2083/1362 2084/2084/1362 2090/2090/1362 2089/2089/1362
f 2085/2085/1363 2086/2086/1363 2092/2092/1363 2091/2091/1363
f 2086/2086/1364 2087/2087/1364 2093/2093/1364 2092/2092/1364
f 2087/2087/1365 2088/2088/1365 2094/2094/1365 2093/2093/1365
f 2088/2088/1366 2089/2089/1366 2095/2095/1366 2094/2094/1366
f 2089/2089/1367 2090/2090/1367 2096/2096/1367 2095/2095/1367
f 2091/2091/1368 2092/2092/1368 2098/2098/1368 2097/2097/1368
f 2092/2092/1369 2093/2093/1369 2099/2099/1369 2098/2098/1369
f 2093/2093/1370 2094/2094/1370 2100/2100/1370 2099/2099/1370
f 2094/2094/1371 2095/2095/1371 2101/2101/1371 2100/2100/1371
f 2095/2095/1372 2096/2096/1372 2102/2102/1372 2101/2101/1372
f 2097/2097/1373 2098/2098/1373 2055/2055/1373 2049/2049/1373
f 2098/2098/1374 2099/2099/1374 2061/2061/1374 2055/2055/1374
f 2099/2099/1375 2100/2100/1375 2067/2067/1375 2061/2061/1375
f 2100/2100/1376 2101/2101/1376 2073/2073/1376 2067/2067/1376
f 2101/2101/1377 2102/2102/1377 2015/2015/1377 2073/2073/1377
f 2103/2103/1378 2107/2107/1378 2113/2113/1378 2112/2112/1378
f 2107/2107/1379 2108/2108/1379 2114/2114/1379 2113/2113/1379
f 2108/2108/1380 2109/2109/1380 2115/2115/1380 2114/2114/1380
f 2109/2109/1381 2110/2110/1381 2116/2116/1381 2115/2115/1381
f 2110/2110/1382 2111/2111/1382 2117/2117/1382 2116/2116/1382
f 2112/2112/1383 2113/2113/1383 2119/2119/1383 2118/2118/1383
f 2113/2113/1384 2114/2114/1384 2120/2120/1384 2119/2119/1384
f 2114/2114/1385 2115/2115/1385 2121/2121/1385 2120/2120/1385
f 2115/2115/1386 2116/2116/1386 2122/2122/1386 2121/2121/1386
f 2116/2116/1387 2117/2117/1387 2123/2123/1387 2122/2122/1387
f 2118/2118/1388 2119/2119/1388 2125/2125/1388 2124/2124/1388
f 2119/2119/1389 2120/2120/1389 2126/2126/1389 2125/2125/1389
f 2120/2120/1390 2121/2121/1390 2127/2127/1390 2126/2126/1390
f 2121/2121/1391 2122/2122/1391 2128/2128/1391 2127/2127/1391
f 2122/2122/1392 2123/2123/1392 2129/2129/1392 2128/2128/1392
f 2124/2124/1393 2125/2125/1393 2131/2131/1393 2130/2130/1393
f 2125/2125/1394 2126/2126/1394 2132/2132/1394 2131/2131/1394
f 2126/2126/1395 2127/2127/1395 2133/2133/1395 2132/2132/1395
f 2127/2127/1396 2128/2128/1396 2134/2134/1396 2133/2133/1396
f 2128/2128/1397 2129/2129/1397 2135/2135/1397 2134/2134/1397
f 2130/2130/1398 2131/2131/1398 2205/2205/1398 2199/2199/1398
f 2131/2131/1399 2132/2132/1399 2211/2211/1399 2205/2205/1399
f 2132/2132/1400 2133/2133/1400 2217/2217/1400 2211/2211/1400
f 2133/2133/1401 2134/2134/1401 2223/2223/1401 2217/2217/1401
f 2134/2134/1402 2135/2135/1402 2136/2136/1402 2223/2223/1402
f 2104/2104/1403 2137/2137/1403 2143/2143/1403 2142/2142/1403
f 2137/2137/1404 2138/2138/1404 2144/2144/1404 2143/2143/1404
f 2138/2138/1405 2139/2139/1405 2145/2145/1405 2144/2144/1405
f 2139/2139/1406 2140/2140/1406 2146/2146/1406 2145/2145/1406
f 2140/2140/1407 2141/2141/1407 2147/2147/1407 2146/2146/1407
f 2142/2142/1408 2143/2143/1408 2149/2149/1408 2148/2148/1408
f 2143/2143/1409 2144/2144/1409 2150/2150/1409 2149/2149/1409
f 2144/2144/1410 2145/2145/1410 2151/2151/1410 2150/2150/1410
f 2145/2145/1411 2146/2146/1411 2152/2152/1411 2151/2151/1411
f 2146/2146/1412 2147/2147/1412 2153/2153/1412 2152/2152/1412
f 2148/2148/1413 2149/2149/1413 2155/2155/1413 2154/2154/1413
f 2149/2149/1414 2150/2150/1414 2156/2156/1414 2155/2155/1414
f 2150/2150/1415 2151/2151/1415 2157/2157/1415 2156/2156/1415
f 2151/2151/1416 2152/2152/1416 2158/2158/1416 2157/2157/1416
f 2152/2152/1417 2153/2153/1417 2159/2159/1417 2158/2158/1417
f 2154/2154/1418 2155/2155/1418 2161/2161/1418 2160/2160/1418
f 2155/2155/1419 2156/2156/1419 2162/2162/1419 2161/2161/1419
f 2156/2156/1420 2157/2157/1420 2163/2163/1420 2162/2162/1420
f 2157/2157/1421 2158/2158/1421 2164/2164/1421 2163/2163/1421
f 2158/2158/1422 2159/2159/1422 2165/2165/1422 2164/2164/1422
f 2160/2160/1423 2161/2161/1423 2117/2117/1423 2111/2111/1423
f 2161/2161/1424 2162/2162/1424 2123/2123/1424 2117/2117/1424
f 2162/2162/1425 2163/2163/1425 2129/2129/1425 2123/2123/1425
f 2163/2163/1426 2164/2164/1426 2135/2135/1426 2129/2129/1426
f 2164/2164/1427 2165/2165/1427 2136/2136/1427 2135/2135/1427
f 2105/2105/1428 2166/2166/1428 2172/2172/1428 2171/2171/1428
f 2166/2166/1429 2167/2167/1429 2173/2173/1429 2172/2172/1429
f 2167/2167/1430 2168/2168/1430 2174/2174/1430 2173/2173/1430
f 2168/2168/1431 2169/2169/1431 2175/2175/1431 2174/2174/1431
f 2169/2169/1432 2170/2170/1432 2176/2176/1432 2175/2175/1432
f 2171/2171/1433 2172/2172/1433 2178/2178/1433 2177/2177/1433
f 2172/2172/1434 2173/2173/1434 2179/2179/1434 2178/2178/1434
f 2173/2173/1435 2174/2174/1435 2180/2180/1435 2179/2179/1435
f 2174/2174/1436 2175/2175/1436 2181/2181/1436 2180/2180/1436
f 2175/2175/1437 2176/2176/1437 2182/2182/1437 2181/2181/1437
f 2177/2177/1438 2178/2178/1438 2184/2184/1438 2183/2183/1438
f 2178/2178/1439 2179/2179/1439 2185/2185/1439 2184/2184/1439
f 2179/2179/1440 2180/2180/1440 2186/2186/1440 2185/2185/1440
f 2180/2180/1441 2181/2181/1441 2187/2187/1441 2186/2186/1441
f 2181/2181/1442 2182/2182/1442 2188/2188/1442 2187/2187/1442
f 2183/2183/1443 2184/2184/1443 2190/2190/1443 2189/2189/1443
f 2184/2184/1444 2185/2185/1444 2191/2191/1444 2190/2190/1444
f 2185/2185/1445 2186/2186/1445 2192/2192/1445 2191/2191/1445
f 2186/2186/1446 2187/2187/1446 2193/2193/1446 2192/2192/1446
f 2187/2187/1447 2188/2188/1447 2194/2194/1447 2193/2193/1447
f 2189/2189/1448 2190/2190/1448 2147/2147/1448 2141/2141/1448
f 2190/2190/1449 2191/2191/1449 2153/2153/1449 2147/2147/1449
f 2191/2191/1450 2192/2192/1450 2159/2159/1450 2153/2153/1450
f 2192/2192/1451 2193/2193/1451 2165/2165/1451 2159/2159/1451
f 2193/2193/1452 2194/2194/1452 2136/2136/1452 2165/2165/1452
f 2106/2106/1453 2195/2195/1453 2201/2201/1453 2200/2200/1453
f 2195/2195/1454 2196/2196/1454 2202/2202/1454 2201/2201/1454
f 2196/2196/1455 2197/2197/1455 2203/2203/1455 2202/2202/1455
f 2197/2197/1456 2198/2198/1456 2204/2204/1456 2203/2203/1456
f 2198/2198/1457 2199/2199/1457 2205/2205/1457 2204/2204/1457
f 2200/2200/1458 2201/2201/1458 2207/2207/1458 2206/2206/1458
f 2201/2201/1459 2202/2202/1459 2208/2208/1459 2207/2207/1459
f 2202/2202/1460 2203/2203/1460 2209/2209/1460 2208/2208/1460
f 2203/2203/1461 2204/2204/1461 2210/2210/1461 2209/2209/1461
f 2204/2204/1462 2205/2205/1462 2211/2211/1462 2210/2210/1462
f 2206/2206/1463 2207/2207/1463 2213/2213/1463 2212/2212/1463
f 2207/2207/1464 2208/2208/1464 2214/2214/1464 2213/2213/1464
f 2208/2208/1465 2209/2209/1465 2215/2215/1465 2214/2214/1465
f 2209/2209/1466 2210/2210/1466 2216/2216/1466 2215/2215/1466
f 2210/2210/1467 2211/2211/1467 2217/2217/1467 2216/2216/1467
f 2212/2212/1468 2213/2213/1468 2219/2219/1468 2218/2218/1468
f 2213/2213/1469 2214/2214/1469 2220/2220/1469 2219/2219/1469
f 2214/2214/1470 2215/2215/1470 2221/2221/1470 2220/2220/1470
f 2215/2215/1471 2216/2216/1471 2222/2222/1471 2221/2221/1471
f 2216/2216/1472 2217/2217/1472 2223/2223/1472 2222/2222/1472
f 2218/2218/1473 2219/2219/1473 2176/2176/1473 2170/2170/1473
f 2219/2219/1474 2220/2220/1474 2182/2182/1474 2176/2176/1474
f 2220/2220/1475 2221/2221/1475 2188/2188/1475 2182/2182/1475
f 2221/2221/1476 2222/2222/1476 2194/2194/1476 2188/2188/1476
f 2222/2222/1477 2223/2223/1477 2136/2136/1477 2194/2194/1477
f 2224/2224/1478 2228/2228/1478 2234/2234/1478 2233/2233/1478
f 2228/2228/1479 2229/2229/1479 2235/2235/1479 2234/2234/1479
f 2229/2229/1480 2230/2230/1480 2236/2236/1480 2235/2235/1480
f 2230/2230/1481 2231/2231/1481 2237/2237/1481 2236/2236/1481
f 2231/2231/1482 2232/2232/1482 2238/2238/1482 2237/2237/1482
f 2233/2233/1483 2234/2234/1483 2240/2240/1483 2239/2239/1483
f 2234/2234/1484 2235/2235/1484 2241/2241/1484 2240/2240/1484
f 2235/2235/1485 2236/2236/1485 2242/2242/1485 2241/2241/1485
f 2236/2236/1486 2237/2237/1486 2243/2243/1486 2242/2242/1486
f 2237/2237/1487 2238/2238/1487 2244/2244/1487 2243/2243/1487
f 2239/2239/1488 2240/2240/1488 2246/2246/1488 2245/2245/1488
f 2240/2240/1489 2241/2241/1489 2247/2247/1489 2246/2246/1489
f 2241/2241/1490 2242/2242/1490 2248/2248/1490 2247/2247/1490
f 2242/2242/1491 2243/2243/1491 2249/2249/1491 2248/2248/1491
f 2243/2243/1492 2244/2244/1492 2250/2250/1492 2249/2249/1492
f 2245/2245/1493 2246/2246/1493 2252/2252/1493 2251/2251/1493
f 2246/2246/1494 2247/2247/1494 2253/2253/1494 2252/2252/1494
f 2247/2247/1495 2248/2248/1495 2254/2254/1495 2253/2253/1495
f 2248/2248/1496 2249/2249/1496 2255/2255/1496 2254/2254/1496
f 2249/2249/1497 2250/2250/1497 2256/2256/1497 2255/2255/1497
f 2251/2251/1498 2252/2252/1498 2326/2326/1498 2320/2320/1498
f 2252/2252/1499 2253/2253/1499 2332/2332/1499 2326/2326/1499
f 2253/2253/1500 2254/2254/1500 2338/2338/1500 2332/2332/1500
f 2254/2254/1501 2255/2255/1501 2344/2344/1501 2338/2338/1501
f 2255/2255/1502 2256/2256/1502 2257/2257/1502 2344/2344/1502
f 2225/2225/1503 2258/2258/1503 2264/2264/1503 2263/2263/1503
f 2258/2258/1504 2259/2259/1504 2265/2265/1504 2264/2264/1504
f 2259/2259/1505 2260/2260/1505 2266/2266/1505 2265/2265/1505
f 2260/2260/1506 2261/2261/1506 2267/2267/1506 2266/2266/1506
f 2261/2261/1507 2262/2262/1507 2268/2268/1507 2267/2267/1507
f 2263/2263/1508 2264/2264/1508 2270/2270/1508 2269/2269/1508
f 2264/2264/1509 2265/2265/1509 2271/2271/1509 2270/2270/1509
f 2265/2265/1510 2266/2266/1510 2272/2272/1510 2271/2271/1510
f 2266/2266/1511 2267/2267/1511 2273/2273/1511 2272/2272/1511
f 2267/2267/1512 2268/2268/1512 2274/2274/1512 2273/2273/1512
f 2269/2269/1513 2270/2270/1513 2276/2276/1513 2275/2275/1513
f 2270/2270/1514 2271/2271/1514 2277/2277/1514 2276/2276/1514
f 2271/2271/1515 2272/2272/1515 2278/2278/1515 2277/2277/1515
f 2272/2272/1516 2273/2273/1516 2279/2279/1516 2278/2278/1516
f 2273/2273/1517 2274/2274/1517 2280/2280/1517 2279/2279/1517
f 2275/2275/1518 2276/2276/1518 2282/2282/1518 2281/2281/1518
f 2276/2276/1519 2277/2277/1519 2283/2283/1519 2282/2282/1519
f 2277/2277/1520 2278/2278/1520 2284/2284/1520 2283/2283/1520
f 2278/2278/1521 2279/2279/1521 2285/2285/1521 2284/2284/1521
f 2279/2279/1522 2280/2280/1522 2286/2286/1522 2285/2285/1522
f 2281/2281/1523 2282/2282/1523 2238/2238/1523 2232/2232/1523
f 2282/2282/1524 2283/2283/1524 2244/2244/1524 2238/2238/1524
f 2283/2283/1525 2284/2284/1525 2250/2250/1525 2244/2244/1525
f 2284/2284/1526 2285/2285/1526 2256/2256/1526 2250/2250/1526
f 2285/2285/1527 2286/2286/1527 2257/2257/1527 2256/2256/1527
f 2226/2226/1528 2287/2287/1528 2293/2293/1528 2292/2292/1528
f 2287/2287/1529 2288/2288/1529 2294/2294/1529 2293/2293/1529
f 2288/2288/1530 2289/2289/1530 2295/2295/1530 2294/2294/1530
f 2289/2289/1531 2290/2290/1531 2296/2296/1531 2295/2295/1531
f 2290/2290/1532 2291/2291/1532 2297/2297/1532 2296/2296/1532
f 2292/2292/1533 2293/2293/1533 2299/2299/1533 2298/2298/1533
f 2293/2293/1534 2294/2294/1534 2300/2300/1534 2299/2299/1534
f 2294/2294/1535 2295/2295/1535 2301/2301/1535 2300/2300/1535
f 2295/2295/1536 2296/2296/1536 2302/2302/1536 2301/2301/1536
f 2296/2296/1537 2297/2297/1537 2303/2303/1537 2302/2302/1537
f 2298/2298/1538 2299/2299/1538 2305/2305/1538 2304/2304/1538
f 2299/2299/1539 2300/2300/1539 2306/2306/1539 2305/2305/1539
f 2300/2300/1540 2301/2301/1540 2307/2307/1540 2306/2306/1540
f 2301/2301/1541 2302/2302/1541 2308/2308/1541 2307/2307/1541
f 2302/2302/1542 2303/2303/1542 2309/2309/1542 2308/2308/1542
f 2304/2304/1543 2305/2305/1543 2311/2311/1543 2310/2310/1543
f 2305/2305/1544 2306/2306/1544 2312/2312/1544 2311/2311/1544
f 2306/2306/1545 2307/2307/1545 2313/2313/1545 2312/2312/1545
f 2307/2307/1546 2308/2308/1546 2314/2314/1546 2313/2313/1546
f 2308/2308/1547 2309/2309/1547 2315/2315/1547 2314/2314/1547
f 2310/2310/1548 2311/2311/1548 2268/2268/1548 2262/2262/1548
f 2311/2311/1549 2312/2312/1549 2274/2274/1549 2268/2268/1549
f 2312/2312/1550 2313/2313/1550 2280/2280/1550 2274/2274/1550
f 2313/2313/1551 2314/2314/1551 2286/2286/1551 2280/2280/1551
f 2314/2314/1552 2315/2315/1552 2257/2257/1552 2286/2286/1552
f 2227/2227/1553 2316/2316/1553 2322/2322/1553 2321/2321/1553
f 2316/2316/1554 2317/2317/1554 2323/2323/1554 2322/2322/1554
f 2317/2317/1555 2318/2318/1555 2324/2324/1555 2323/2323/1555
f 2318/2318/1556 2319/2319/1556 2325/2325/1556 2324/2324/1556
f 2319/2319/1557 2320/2320/1557 2326/2326/1557 2325/2325/1557
f 2321/2321/1558 2322/2322/1558 2328/2328/1558 2327/2327/1558
f 2322/2322/1559 2323/2323/1559 2329/2329/1559 2328/2328/1559
f 2323/2323/1560 2324/2324/1560 2330/2330/1560 2329/2329/1560
f 2324/2324/1561 2325/2325/1561 2331/2331/1561 2330/2330/1561
f 2325/2325/1562 2326/2326/1562 2332/2332/1562 2331/2331/1562
f 2327/2327/1563 2328/2328/1563 2334/2334/1563 2333/2333/1563
f 2328/2328/1564 2329/2329/1564 2335/2335/1564 2334/2334/1564
f 2329/2329/1565 2330/2330/1565 2336/2336/1565 2335/2335/1565
f 2330/2330/1566 2331/2331/1566 2337/2337/1566 2336/2336/1566
f 2331/2331/1567 2332/2332/1567 2338/2338/1567 2337/2337/1567
f 2333/2333/1568 2334/2334/1568 2340/2340/1568 2339/2339/1568
f 2334/2334/1569 2335/2335/1569 2341/2341/1569 2340/2340/1569
f 2335/2335/1570 2336/2336/1570 2342/2342/1570 2341/2341/1570
f 2336/2336/1571 2337/2337/1571 2343/2343/1571 2342/2342/1571
f 2337/2337/1572 2338/2338/1572 2344/2344/1572 2343/2343/1572
f 2339/2339/1573 2340/2340/1573 2297/2297/1573 2291/2291/1573
f 2340/2340/1574 2341/2341/1574 2303/2303/1574 2297/2297/1574
f 2341/2341/1575 2342/2342/1575 2309/2309/1575 2303/2303/1575
f 2342/2342/1576 2343/2343/1576 2315/2315/1576 2309/2309/1576
f 2343/2343/1577 2344/2344/1577 2257/2257/1577 2315/2315/1577
f 2345/2345/1578 2349/2349/1578 2355/2355/1578 2354/2354/1578
f 2349/2349/1579 2350/2350/1579 2356/2356/1579 2355/2355/1579
f 2350/2350/1580 2351/2351/1580 2357/2357/1580 2356/2356/1580
f 2351/2351/1581 2352/2352/1581 2358/2358/1581 2357/2357/1581
f 2352/2352/1582 2353/2353/1582 2359/2359/1582 2358/2358/1582
f 2354/2354/1583 2355/2355/1583 2361/2361/1583 2360/2360/1583
f 2355/2355/1584 2356/2356/1584 2362/2362/1584 2361/2361/1584
f 2356/2356/1585 2357/2357/1585 2363/2363/1585 2362/2362/1585
f 2357/2357/1586 2358/2358/1586 2364/2364/1586 2363/2363/1586
f 2358/2358/1587 2359/2359/1587 2365/2365/1587 2364/2364/1587
f 2360/2360/1588 2361/2361/1588 2367/2367/1588 2366/2366/1588
f 2361/2361/1589 2362/2362/1589 2368/2368/1589 2367/2367/1589
f 2362/2362/1590 2363/2363/1590 2369/2369/1590 2368/2368/1590
f 2363/2363/1591 2364/2364/1591 2370/2370/1591 2369/2369/1591
f 2364/2364/1592 2365/2365/1592 2371/2371/1592 2370/2370/1592
f 2366/2366/1593 2367/2367/1593 2373/2373/1593 2372/2372/1593
f 2367/2367/1594 2368/2368/1594 2374/2374/1594 2373/2373/1594
f 2368/2368/1595 2369/2369/1595 2375/2375/1595 2374/2374/1595
f 2369/2369/1596 2370/2370/1596 2376/2376/1596 2375/2375/1596
f 2370/2370/1597 2371/2371/1597 2377/2377/1597 2376/2376/1597
f 2372/2372/1598 2373/2373/1598 2447/2447/1598 2441/2441/1598
f 2373/2373/1599 2374/2374/1599 2453/2453/1599 2447/2447/1599
f 2374/2374/1600 2375/2375/1600 2459/2459/1600 2453/2453/1600
f 2375/2375/1601 2376/2376/1601 2465/2465/1601 2459/2459/1601
f 2376/2376/1602 2377/2377/1602 2378/2378/1602 2465/2465/1602
f 2346/2346/1603 2379/2379/1603 2385/2385/1603 2384/2384/1603
f 2379/2379/1604 2380/2380/1604 2386/2386/1604 2385/2385/1604
f 2380/2380/1605 2381/2381/1605 2387/2387/1605 2386/2386/1605
f 2381/2381/1606 2382/2382/1606 2388/2388/1606 2387/2387/1606
f 2382/2382/1607 2383/2383/1607 2389/2389/1607 2388/2388/1607
f 2384/2384/1608 2385/2385/1608 2391/2391/1608 2390/2390/1608
f 2385/2385/1609 2386/2386/1609 2392/2392/1609 2391/2391/1609
f 2386/2386/1610 2387/2387/1610 2393/2393/1610 2392/2392/1610
f 2387/2387/1611 2388/2388/1611 2394/2394/1611 2393/2393/1611
f 2388/2388/1612 2389/2389/1612 2395/2395/1612 2394/2394/1612
f 2390/2390/1613 2391/2391/1613 2397/2397/1613 2396/2396/1613
f 2391/2391/1614 2392/2392/1614 2398/2398/1614 2397/2397/1614
f 2392/2392/1615 2393/2393/1615 2399/2399/1615 2398/2398/1615
f 2393/2393/1616 2394/2394/1616 2400/2400/1616 2399/2399/1616
f 2394/2394/1617 2395/2395/1617 2401/2401/1617 2400/2400/1617
f 2396/2396/1618 2397/2397/1618 2403/2403/1618 2402/2402/1618
f 2397/2397/1619 2398/2398/1619 2404/2404/1619 2403/2403/1619
f 2398/2398/1620 2399/2399/1620 2405/2405/1620 2404/2404/1620
f 2399/2399/1621 2400/2400/1621 2406/2406/1621 2405/2405/1621
f 2400/2400/1622 2401/2401/1622 2407/2407/1622 2406/2406/1622
f 2402/2402/1623 2403/2403/1623 2359/2359/1623 2353/2353/1623
f 2403/2403/1624 2404/2404/1624 2365/2365/1624 2359/2359/1624
f 2404/2404/1625 2405/2405/1625 2371/2371/1625 2365/2365/1625
f 2405/2405/1626 2406/2406/1626 2377/2377/1626 2371/2371/1626
f 2406/2406/1627 2407/2407/1627 2378/2378/1627 2377/2377/1627
f 2347/2347/1628 2408/2408/1628 2414/2414/1628 2413/2413/1628
f 2408/2408/1629 2409/2409/1629 2415/2415/1629 2414/2414/1629
f 2409/2409/1630 2410/2410/1630 2416/2416/1630 2415/2415/1630
f 2410/2410/1631 2411/2411/1631 2417/2417/1631 2416/2416/1631
f 2411/2411/1632 2412/2412/1632 2418/2418/1632 2417/2417/1632
f 2413/2413/1633 2414/2414/1633 2420/2420/1633 2419/2419/1633
f 2414/2414/1634 2415/2415/1634 2421/2421/1634 2420/2420/1634
f 2415/2415/1635 2416/2416/1635 2422/2422/1635 2421/2421/1635
f 2416/2416/1636 2417/2417/1636 2423/2423/1636 2422/2422/1636
f 2417/2417/1637 2418/2418/1637 2424/2424/1637 2423/2423/1637
f 2419/2419/1638 2420/2420/1638 2426/2426/1638 2425/2425/1638
f 2420/2420/1639 2421/2421/1639 2427/2427/1639 2426/2426/1639
f 2421/2421/1640 2422/2422/1640 2428/2428/1640 2427/2427/1640
f 2422/2422/1641 2423/2423/1641 2429/2429/1641 2428/2428/1641
f 2423/2423/1642 2424/2424/1642 2430/2430/1642 2429/2429/1642
f 2425/2425/1643 2426/2426/1643 2432/2432/1643 2431/2431/1643
f 2426/2426/1644 2427/2427/1644 2433/2433/1644 2432/2432/1644
f 2427/2427/1645 2428/2428/1645 2434/2434/1645 2433/2433/1645
f 2428/2428/1646 2429/2429/1646 2435/2435/1646 2434/2434/1646
f 2429/2429/1647 2430/2430/1647 2436/2436/1647 2435/2435/1647
f 2431/2431/1648 2432/2432/1648 2389/2389/1648 2383/2383/1648
f 2432/2432/1649 2433/2433/1649 2395/2395/1649 2389/2389/1649
f 2433/2433/1650 2434/2434/1650 2401/2401/1650 2395/2395/1650
f 2434/2434/1651 2435/2435/1651 2407/2407/1651 2401/2401/1651
f 2435/2435/1652 2436/2436/1652 2378/2378/1652 2407/2407/1652
f 2348/2348/1653 2437/2437/1653 2443/2443/1653 2442/2442/1653
f 2437/2437/1654 2438/2438/1654 2444/2444/1654 2443/2443/1654
f 2438/2438/1655 2439/2439/1655 2445/2445/1655 2444/2444/1655
f 2439/2439/1656 2440/2440/1656 2446/2446/1656 2445/2445/1656
f 2440/2440/1657 2441/2441/1657 2447/2447/1657 2446/2446/1657
f 2442/2442/1658 2443/2443/1658 2449/2449/1658 2448/2448/1658
f 2443/2443/1659 2444/2444/1659 2450/2450/1659 2449/2449/1659
f 2444/2444/1660 2445/2445/1660 2451/2451/1660 2450/2450/1660
f 2445/2445/1661 2446/2446/1661 2452/2452/1661 2451/2451/1661
f 2446/2446/1662 2447/2447/1662 2453/2453/1662 2452/2452/1662
f 2448/2448/1663 2449/2449/1663 2455/2455/1663 2454/2454/1663
f 2449/2449/1664 2450/2450/1664 2456/2456/1664 2455/2455/1664
f 2450/2450/1665 2451/2451/1665 2457/2457/1665 2456/2456/1665
f 2451/2451/1666 2452/2452/1666 2458/2458/1666 2457/2457/1666
f 2452/2452/1667 2453/2453/1667 2459/2459/1667 2458/2458/1667
f 2454/2454/1668 2455/2455/1668 2461/2461/1668 2460/2460/1668
f 2455/2455/1669 2456/2456/1669 2462/2462/1669 2461/2461/1669
f 2456/2456/1670 2457/2457/1670 2463/2463/1670 2462/2462/1670
f 2457/2457/1671 2458/2458/1671 2464/2464/1671 2463/2463/1671
f 2458/2458/1672 2459/2459/1672 2465/2465/1672 2464/2464/1672
f 2460/2460/1673 2461/2461/1673 2418/2418/1673 2412/2412/1673
f 2461/2461/1674 2462/2462/1674 2424/2424/1674 2418/2418/1674
f 2462/2462/1675 2463/2463/1675 2430/2430/1675 2424/2424/1675
f 2463/2463/1676 2464/2464/1676 2436/2436/1676 2430/2430/1676
f 2464/2464/1677 2465/2465/1677 2378/2378/1677 2436/2436/1677
f 2466/2466/1678 2470/2470/1678 2476/2476/1678 2475/2475/1678
f 2470/2470/1679 2471/2471/1679 2477/2477/1679 2476/2476/1679
f 2471/2471/1680 2472/2472/1680 2478/2478/1680 2477/2477/1680
f 2472/2472/1681 2473/2473/1681 2479/2479/1681 2478/2478/1681
f 2473/2473/1682 2474/2474/1682 2480/2480/1682 2479/2479/1682
f 2475/2475/1683 2476/2476/1683 2482/2482/1683 2481/2481/1683
f 2476/2476/1684 2477/2477/1684 2483/2483/1684 2482/2482/1684
f 2477/2477/1685 2478/2478/1685 2484/2484/1685 2483/2483/1685
f 2478/2478/1686 2479/2479/1686 2485/2485/1686 2484/2484/1686
f 2479/2479/1687 2480/2480/1687 2486/2486/1687 2485/2485/1687
f 2481/2481/1688 2482/2482/1688 2488/2488/1688 2487/2487/1688
f 2482/2482/1689 2483/2483/1689 2489/2489/1689 2488/2488/1689
f 2483/2483/1690 2484/2484/1690 2490/2490/1690 2489/2489/1690
f 2484/2484/1691 2485/2485/1691 2491/2491/1691 2490/2490/1691
f 2485/2485/1692 2486/2486/1692 2492/2492/1692 2491/2491/1692
f 2487/2487/1693 2488/2488/1693 2494/2494/1693 2493/2493/1693
f 2488/2488/1694 2489/2489/1694 2495/2495/1694 2494/2494/1694
f 2489/2489/1695 2490/2490/1695 2496/2496/1695 2495/2495/1695
f 2490/2490/1696 2491/2491/1696 2497/2497/1696 2496/2496/1696
f 2491/2491/1697 2492/2492/1697 2498/2498/1697 2497/2497/1697
f 2493/2493/1698 2494/2494/1698 2568/2568/1698 2562/2562/1698
f 2494/2494/1699 2495/2495/1699 2574/2574/1699 2568/2568/1699
f 2495/2495/1700 2496/2496/1700 2580/2580/1700 2574/2574/1700
f 2496/2496/1701 2497/2497/1701 2586/2586/1701 2580/2580/1701
f 2497/2497/1702 2498/2498/1702 2499/2499/1702 2586/2586/1702
f 2467/2467/1703 2500/2500/1703 2506/2506/1703 2505/2505/1703
f 2500/2500/1704 2501/2501/1704 2507/2507/1704 2506/2506/1704
f 2501/2501/1705 2502/2502/1705 2508/2508/1705 2507/2507/1705
f 2502/2502/1706 2503/2503/1706 2509/2509/1706 2508/2508/1706
f 2503/2503/1707 2504/2504/1707 2510/2510/1707 2509/2509/1707
f 2505/2505/1708 2506/2506/1708 2512/2512/1708 2511/2511/1708
f 2506/2506/1709 2507/2507/1709 2513/2513/1709 2512/2512/1709
f 2507/2507/1710 2508/2508/1710 2514/2514/1710 2513/2513/1710
f 2508/2508/1711 2509/2509/1711 2515/2515/1711 2514/2514/1711
f 2509/2509/1712 2510/2510/1712 2516/2516/1712 2515/2515/1712
f 2511/2511/1713 2512/2512/1713 2518/2518/1713 2517/2517/1713
f 2512/2512/1714 2513/2513/1714 2519/2519/1714 2518/2518/1714
f 2513/2513/1715 2514/2514/1715 2520/2520/1715 2519/2519/1715
f 2514/2514/1716 2515/2515/1716 2521/2521/1716 2520/2520/1716
f 2515/2515/1717 2516/2516/1717 2522/2522/1717 2521/2521/1717
f 2517/2517/1718 2518/2518/1718 2524/2524/1718 2523/2523/1718
f 2518/2518/1719 2519/2519/1719 2525/2525/1719 2524/2524/1719
f 2519/2519/1720 2520/2520/1720 2526/2526/1720 2525/2525/1720
f 2520/2520/1721 2521/2521/1721 2527/2527/1721 2526/2526/1721
f 2521/2521/1722 2522/2522/1722 2528/2528/1722 2527/2527/1722
f 2523/2523/1723 2524/2524/1723 2480/2480/1723 2474/2474/1723
f 2524/2524/1724 2525/2525/1724 2486/2486/1724 2480/2480/1724
f 2525/2525/1725 2526/2526/1725 2492/2492/1725 2486/2486/1725
f 2526/2526/1726 2527/2527/1726 2498/2498/1726 2492/2492/1726
f 2527/2527/1727 2528/2528/1727 2499/2499/1727 2498/2498/1727
f 2468/2468/1728 2529/2529/1728 2535/2535/1728 2534/2534/1728
f 2529/2529/1729 2530/2530/1729 2536/2536/1729 2535/2535/1729
f 2530/2530/1730 2531/2531/1730 2537/2537/1730 2536/2536/1730
f 2531/2531/1731 2532/2532/1731 2538/2538/1731 2537/2537/1731
f 2532/2532/1732 2533/2533/1732 2539/2539/1732 2538/2538/1732
f 2534/2534/1733 2535/2535/1733 2541/2541/1733 2540/2540/1733
f 2535/2535/1734 2536/2536/1734 2542/2542/1734 2541/2541/1734
f 2536/2536/1735 2537/2537/1735 2543/2543/1735 2542/2542/1735
f 2537/2537/1736 2538/2538/1736 2544/2544/1736 2543/2543/1736
f 2538/2538/1737 2539/2539/1737 2545/2545/1737 2544/2544/1737
f 2540/2540/1738 2541/2541/1738 2547/2547/1738 2546/2546/1738
f 2541/2541/1739 2542/2542/1739 2548/2548/1739 2547/2547/1739
f 2542/2542/1740 2543/2543/1740 2549/2549/1740 2548/2548/1740
f 2543/2543/1741 2544/2544/1741 2550/2550/1741 2549/2549/1741
f 2544/2544/1742 2545/2545/1742 2551/2551/1742 2550/2550/1742
f 2546/2546/1743 2547/2547/1743 2553/2553/1743 2552/2552/1743
f 2547/2547/1744 2548/2548/1744 2554/2554/1744 2553/2553/1744
f 2548/2548/1745 2549/2549/1745 2555/2555/1745 2554/2554/1745
f 2549/2549/1746 2550/2550/1746 2556/2556/1746 2555/2555/1746
f 2550/2550/1747 2551/2551/1747 2557/2557/1747 2556/2556/1747
f 2552/2552/1748 2553/2553/1748 2510/2510/1748 2504/2504/1748
f 2553/2553/1749 2554/2554/1749 2516/2516/1749 2510/2510/1749
f 2554/2554/1750 2555/2555/1750 2522/2522/1750 2516/2516/1750
f 2555/2555/1751 2556/2556/1751 2528/2528/1751 2522/2522/1751
f 2556/2556/1752 2557/2557/1752 2499/2499/1752 2528/2528/1752
f 2469/2469/1753 2558/2558/1753 2564/2564/1753 2563/2563/1753
f 2558/2558/1754 2559/2559/1754 2565/2565/1754 2564/2564/1754
f 2559/2559/1755 2560/2560/1755 2566/2566/1755 2565/2565/1755
f 2560/2560/1756 2561/2561/1756 2567/2567/1756 2566/2566/1756
f 2561/2561/1757 2562/2562/1757 2568/2568/1757 2567/2567/1757
f 2563/2563/1758 2564/2564/1758 2570/2570/1758 2569/2569/1758
f 2564/2564/1759 2565/2565/1759 2571/2571/1759 2570/2570/1759
f 2565/2565/1760 2566/2566/1760 2572/2572/1760 2571/2571/1760
f 2566/2566/1761 2567/2567/1761 2573/2573/1761 2572/2572/1761
f 2567/2567/1762 2568/2568/1762 2574/2574/1762 2573/2573/1762
f 2569/2569/1763 2570/2570/1763 2576/2576/1763 2575/2575/1763
f 2570/2570/1764 2571/2571/1764 2577/2577/1764 2576/2576/1764
f 2571/2571/1765 2572/2572/1765 2578/2578/1765 2577/2577/1765
f 2572/2572/1766 2573/2573/1766 2579/2579/1766 2578/2578/1766
f 2573/2573/1767 2574/2574/1767 2580/2580/1767 2579/2579/1767
f 2575/2575/1768 2576/2576/1768 2582/2582/1768 2581/2581/1768
f 2576/2576/1769 2577/2577/1769 2583/2583/1769 2582/2582/1769
f 2577/2577/1770 2578/2578/1770 2584/2584/1770 2583/2583/1770
f 2578/2578/1771 2579/2579/1771 2585/2585/1771 2584/2584/1771
f 2579/2579/1772 2580/2580/1772 2586/2586/1772 2585/2585/1772
f 2581/2581/1773 2582/2582/1773 2539/2539/1773 2533/2533/1773
f 2582/2582/1774 2583/2583/1774 2545/2545/1774 2539/2539/1774
f 2583/2583/1775 2584/2584/1775 2551/2551/1775 2545/2545/1775
f 2584/2584/1776 2585/2585/1776 2557/2557/1776 2551/2551/1776
f 2585/2585/1777 2586/2586/1777 2499/2499/1777 2557/2557/1777
f 2587/2587/1778 2591/2591/1778 2597/2597/1778 2596/2596/1778
f 2591/2591/1779 2592/2592/1779 2598/2598/1779 2597/2597/1779
f 2592/2592/1780 2593/2593/1780 2599/2599/1780 2598/2598/1780
f 2593/2593/1781 2594/2594/1781 2600/2600/1781 2599/2599/1781
f 2594/2594/1782 2595/2595/1782 2601/2601/1782 2600/2600/1782
f 2596/2596/1783 2597/2597/1783 2603/2603/1783 2602/2602/1783
f 2597/2597/1784 2598/2598/1784 2604/2604/1784 2603/2603/1784
f 2598/2598/1785 2599/2599/1785 2605/2605/1785 2604/2604/1785
f 2599/2599/1786 2600/2600/1786 2606/2606/1786 2605/2605/1786
f 2600/2600/1787 2601/2601/1787 2607/2607/1787 2606/2606/1787
f 2602/2602/1788 2603/2603/1788 2609/2609/1788 2608/2608/1788
f 2603/2603/1789 2604/2604/1789 2610/2610/1789 2609/2609/1789
f 2604/2604/1790 2605/2605/1790 2611/2611/1790 2610/2610/1790
f 2605/2605/1791 2606/2606/1791 2612/2612/1791 2611/2611/1791
f 2606/2606/1792 2607/2607/1792 2613/2613/1792 2612/2612/1792
f 2608/2608/1793 2609/2609/1793 2615/2615/1793 2614/2614/1793
f 2609/2609/1794 2610/2610/1794 2616/2616/1794 2615/2615/1794
f 2610/2610/1795 2611/2611/1795 2617/2617/1795 2616/2616/1795
f 2611/2611/1796 2612/2612/1796 2618/2618/1796 2617/2617/1796
f 2612/2612/1797 2613/2613/1797 2619/2619/1797 2618/2618/1797
f 2614/2614/1798 2615/2615/1798 2689/2689/1798 2683/2683/1798
f 2615/2615/1799 2616/2616/1799 2695/2695/1799 2689/2689/1799
f 2616/2616/1800 2617/2617/1800 2701/2701/1800 2695/2695/1800
f 2617/2617/1801 2618/2618/1801 2707/2707/1801 2701/2701/1801
f 2618/2618/1802 2619/2619/1802 2620/2620/1802 2707/2707/1802
f 2588/2588/1803 2621/2621/1803 2627/2627/1803 2626/2626/1803
f 2621/2621/1804 2622/2622/1804 2628/2628/1804 2627/2627/1804
f 2622/2622/1805 2623/2623/1805 2629/2629/1805 2628/2628/1805
f 2623/2623/1806 2624/2624/1806 2630/2630/1806 2629/2629/1806
f 2624/2624/1807 2625/2625/1807 2631/2631/1807 2630/2630/1807
f 2626/2626/1808 2627/2627/1808 2633/2633/1808 2632/2632/1808
f 2627/2627/1809 2628/2628/1809 2634/2634/1809 2633/2633/1809
f 2628/2628/1810 2629/2629/1810 2635/2635/1810 2634/2634/1810
f 2629/2629/1811 2630/2630/1811 2636/2636/1811 2635/2635/1811
f 2630/2630/1812 2631/2631/1812 2637/2637/1812 2636/2636/1812
f 2632/2632/1813 2633/2633/1813 2639/2639/1813 2638/2638/1813
f 2633/2633/1814 2634/2634/1814 2640/2640/1814 2639/2639/1814
f 2634/2634/1815 2635/2635/1815 2641/2641/1815 2640/2640/1815
f 2635/2635/1816 2636/2636/1816 2642/2642/1816 2641/2641/1816
f 2636/2636/1817 2637/2637/1817 2643/2643/1817 2642/2642/1817
f 2638/2638/1818 2639/2639/1818 2645/2645/1818 2644/2644/1818
f 2639/2639/1819 2640/2640/1819 2646/2646/1819 2645/2645/1819
f 2640/2640/1820 2641/2641/1820 2647/2647/1820 2646/2646/1820
f 2641/2641/1821 2642/2642/1821 2648/2648/1821 2647/2647/1821
f 2642/2642/1822 2643/2643/1822 2649/2649/1822 2648/2648/1822
f 2644/2644/1823 2645/2645/1823 2601/2601/1823 2595/2595/1823
f 2645/2645/1824 2646/2646/1824 2607/2607/1824 2601/2601/1824
f 2646/2646/1825 2647/2647/1825 2613/2613/1825 2607/2607/1825
f 2647/2647/1826 2648/2648/1826 2619/2619/1826 2613/2613/1826
f 2648/2648/1827 2649/2649/1827 2620/2620/1827 2619/2619/1827
f 2589/2589/1828 2650/2650/1828 2656/2656/1828 2655/2655/1828
f 2650/2650/1829 2651/2651/1829 2657/2657/1829 2656/2656/1829
f 2651/2651/1830 2652/2652/1830 2658/2658/1830 2657/2657/1830
f 2652/2652/1831 2653/2653/1831 2659/2659/1831 2658/2658/1831
f 2653/2653/1832 2654/2654/1832 2660/2660/1832 2659/2659/1832
f 2655/2655/1833 2656/2656/1833 2662/2662/1833 2661/2661/1833
f 2656/2656/1834 2657/2657/1834 2663/2663/1834 2662/2662/1834
f 2657/2657/1835 2658/2658/1835 2664/2664/1835 2663/2663/1835
f 2658/2658/1836 2659/2659/1836 2665/2665/1836 2664/2664/1836
f 2659/2659/1837 2660/2660/1837 2666/2666/1837 2665/2665/1837
f 2661/2661/1838 2662/2662/1838 2668/2668/1838 2667/2667/1838
f 2662/2662/1839 2663/2663/1839 2669/2669/1839 2668/2668/1839
f 2663/2663/1840 2664/2664/1840 2670/2670/1840 2669/2669/1840
f 2664/2664/1841 2665/2665/1841 2671/2671/1841 2670/2670/1841
f 2665/2665/1842 2666/2666/1842 2672/2672/1842 2671/2671/1842
f 2667/2667/1843 2668/2668/1843 2674/2674/1843 2673/2673/1843
f 2668/2668/1844 2669/2669/1844 2675/2675/1844 2674/2674/1844
f 2669/2669/1845 2670/2670/1845 2676/2676/1845 2675/2675/1845
f 2670/2670/1846 2671/2671/1846 2677/2677/1846 2676/2676/1846
f 2671/2671/1847 2672/2672/1847 2678/2678/1847 2677/2677/1847
f 2673/2673/1848 2674/2674/1848 2631/2631/1848 2625/2625/1848
f 2674/2674/1849 2675/2675/1849 2637/2637/1849 2631/2631/1849
f 2675/2675/1850 2676/2676/1850 2643/2643/1850 2637/2637/1850
f 2676/2676/1851 2677/2677/1851 2649/2649/1851 2643/2643/1851
f 2677/2677/1852 2678/2678/1852 2620/2620/1852 2649/2649/1852
f 2590/2590/1853 2679/2679/1853 2685/2685/1853 2684/2684/1853
f 2679/2679/1854 2680/2680/1854 2686/2686/1854 2685/2685/1854
f 2680/2680/1855 2681/2681/1855 2687/2687/1855 2686/2686/1855
f 2681/2681/1856 2682/2682/1856 2688/2688/1856 2687/2687/1856
f 2682/2682/1857 2683/2683/1857 2689/2689/1857 2688/2688/1857
f 2684/2684/1858 2685/2685/1858 2691/2691/1858 2690/2690/1858
f 2685/2685/1859 2686/2686/1859 2692/2692/1859 2691/2691/1859
f 2686/2686/1860 2687/2687/1860 2693/2693/1860 2692/2692/1860
f 2687/2687/1861 2688/2688/1861 2694/2694/1861 2693/2693/1861
f 2688/2688/1862 2689/2689/1862 2695/2695/1862 2694/2694/1862
f 2690/2690/1863 2691/2691/1863 2697/2697/1863 2696/2696/1863
f 2691/2691/1864 2692/2692/1864 2698/2698/1864 2697/2697/1864
f 2692/2692/1865 2693/2693/1865 2699/2699/1865 2698/2698/1865
f 2693/2693/1866 2694/2694/1866 2700/2700/1866 2699/2699/1866
f 2694/2694/1867 2695/2695/1867 2701/2701/1867 2700/2700/1867
f 2696/2696/1868 2697/2697/1868 2703/2703/1868 2702/2702/1868
f 2697/2697/1869 2698/2698/1869 2704/2704/1869 2703/2703/1869
f 2698/2698/1870 2699/2699/1870 2705/2705/1870 2704/2704/1870
f 2699/2699/1871 2700/2700/1871 2706/2706/1871 2705/2705/1871
f 2700/2700/1872 2701/2701/1872 2707/2707/1872 2706/2706/1872
f 2702/2702/1873 2703/2703/1873 2660/2660/1873 2654/2654/1873
f 2703/2703/1874 2704/2704/1874 2666/2666/1874 2660/2660/1874
f 2704/2704/1875 2705/2705/1875 2672/2672/1875 2666/2666/1875
f 2705/2705/1876 2706/2706/1876 2678/2678/1876 2672/2672/1876
f 2706/2706/1877 2707/2707/1877 2620/2620/1877 2678/2678/1877
f 2708/2708/1878 2712/2712/1878 2718/2718/1878 2717/2717/1878
f 2712/2712/1879 2713/2713/1879 2719/2719/1879 2718/2718/1879
f 2713/2713/1880 2714/2714/1880 2720/2720/1880 2719/2719/1880
f 2714/2714/1881 2715/2715/1881 2721/2721/1881 2720/2720/1881
f 2715/2715/1882 2716/2716/1882 2722/2722/1882 2721/2721/1882
f 2717/2717/1883 2718/2718/1883 2724/2724/1883 2723/2723/1883
f 2718/2718/1884 2719/2719/1884 2725/2725/1884 2724/2724/1884
f 2719/2719/1885 2720/2720/1885 2726/2726/1885 2725/2725/1885
f 2720/2720/1886 2721/2721/1886 2727/2727/1886 2726/2726/1886
f 2721/2721/1887 2722/2722/1887 2728/2728/1887 2727/2727/1887
f 2723/2723/1888 2724/2724/1888 2730/2730/1888 2729/2729/1888
f 2724/2724/1889 2725/2725/1889 2731/2731/1889 2730/2730/1889
f 2725/2725/1890 2726/2726/1890 2732/2732/1890 2731/2731/1890
f 2726/2726/1891 2727/2727/1891 2733/2733/1891 2732/2732/1891
f 2727/2727/1892 2728/2728/1892 2734/2734/1892 2733/2733/1892
f 2729/2729/1893 2730/2730/1893 2736/2736/1893 2735/2735/1893
f 2730/2730/1894 2731/2731/1894 2737/2737/1894 2736/2736/1894
f 2731/2731/1895 2732/2732/1895 2738/2738/1895 2737/2737/1895
f 2732/2732/1896 2733/2733/1896 2739/2739/1896 2738/2738/1896
f 2733/2733/1897 2734/2734/1897 2740/2740/1897 2739/2739/1897
f 2735/2735/1898 2736/2736/1898 2810/2810/1898 2804/2804/1898
f 2736/2736/1899 2737/2737/1899 2816/2816/1899 2810/2810/1899
f 2737/2737/1900 2738/2738/1900 2822/2822/1900 2816/2816/1900
f 2738/2738/1901 2739/2739/1901 2828/2828/1901 2822/2822/1901
f 2739/2739/1902 2740/2740/1902 2741/2741/1902 2828/2828/1902
f 2709/2709/1903 2742/2742/1903 2748/2748/1903 2747/2747/1903
f 2742/2742/1904 2743/2743/1904 2749/2749/1904 2748/2748/1904
f 2743/2743/1905 2744/2744/1905 2750/2750/1905 2749/2749/1905
f 2744/2744/1906 2745/2745/1906 2751/2751/1906 2750/2750/1906
f 2745/2745/1907 2746/2746/1907 2752/2752/1907 2751/2751/1907
f 2747/2747/1908 2748/2748/1908 2754/2754/1908 2753/2753/1908
f 2748/2748/1909 2749/2749/1909 2755/2755/1909 2754/2754/1909
f 2749/2749/1910 2750/2750/1910 2756/2756/1910 2755/2755/1910
f 2750/2750/1911 2751/2751/1911 2757/2757/1911 2756/2756/1911
f 2751/2751/1912 2752/2752/1912 2758/2758/1912 2757/2757/1912
f 2753/2753/1913 2754/2754/1913 2760/2760/1913 2759/2759/1913
f 2754/2754/1914 2755/2755/1914 2761/2761/1914 2760/2760/1914
f 2755/2755/1915 2756/2756/1915 2762/2762/1915 2761/2761/1915
f 2756/2756/1916 2757/2757/1916 2763/2763/1916 2762/2762/1916
f 2757/2757/1917 2758/2758/1917 2764/2764/1917 2763/2763/1917
f 2759/2759/1918 2760/2760/1918 2766/2766/1918 2765/2765/1918
f 2760/2760/1919 2761/2761/1919 2767/2767/1919 2766/2766/1919
f 2761/2761/1920 2762/2762/1920 2768/2768/1920 2767/2767/1920
f 2762/2762/1921 2763/2763/1921 2769/2769/1921 2768/2768/1921
f 2763/2763/1922 2764/2764/1922 2770/2770/1922 2769/2769/1922
f 2765/2765/1923 2766/2766/1923 2722/2722/1923 2716/2716/1923
f 2766/2766/1924 2767/2767/1924 2728/2728/1924 2722/2722/1924
f 2767/2767/1925 2768/2768/1925 2734/2734/1925 2728/2728/1925
f 2768/2768/1926 2769/2769/1926 2740/2740/1926 2734/2734/1926
f 2769/2769/1927 2770/2770/1927 2741/2741/1927 2740/2740/1927
f 2710/2710/1928 2771/2771/1928 2777/2777/1928 2776/2776/1928
f 2771/2771/1929 2772/2772/1929 2778/2778/1929 2777/2777/1929
f 2772/2772/1930 2773/2773/1930 2779/2779/1930 2778/2778/1930
f 2773/2773/1931 2774/2774/1931 2780/2780/1931 2779/2779/1931
f 2774/2774/1932 2775/2775/1932 2781/2781/1932 2780/2780/1932
f 2776/2776/1933 2777/2777/1933 2783/2783/1933 2782/2782/1933
f 2777/2777/1934 2778/2778/1934 2784/2784/1934 2783/2783/1934
f 2778/2778/1935 2779/2779/1935 2785/2785/1935 2784/2784/1935
f 2779/2779/1936 2780/2780/1936 2786/2786/1936 2785/2785/1936
f 2780/2780/1937 2781/2781/1937 2787/2787/1937 2786/2786/1937
f 2782/2782/1938 2783/2783/1938 2789/2789/1938 2788/2788/1938
f 2783/2783/1939 2784/2784/1939 2790/2790/1939 2789/2789/1939
f 2784/2784/1940 2785/2785/1940 2791/2791/1940 2790/2790/1940
f 2785/2785/1941 2786/2786/1941 2792/2792/1941 2791/2791/1941
f 2786/2786/1942 2787/2787/1942 2793/2793/1942 2792/2792/1942
f 2788/2788/1943 2789/2789/1943 2795/2795/1943 2794/2794/1943
f 2789/2789/1944 2790/2790/1944 2796/2796/1944 2795/2795/1944
f 2790/2790/1945 2791/2791/1945 2797/2797/1945 2796/2796/1945
f 2791/2791/1946 2792/2792/1946 2798/2798/1946 2797/2797/1946
f 2792/2792/1947 2793/2793/1947 2799/2799/1947 2798/2798/1947
f 2794/2794/1948 2795/2795/1948 2752/2752/1948 2746/2746/1948
f 2795/2795/1949 2796/2796/1949 2758/2758/1949 2752/2752/1949
f 2796/2796/1950 2797/2797/1950 2764/2764/1950 2758/2758/1950
f 2797/2797/1951 2798/2798/1951 2770/2770/1951 2764/2764/1951
f 2798/2798/1952 2799/2799/1952 2741/2741/1952 2770/2770/1952
f 2711/2711/1953 2800/2800/1953 2806/2806/1953 2805/2805/1953
f 2800/2800/1954 2801/2801/1954 2807/2807/1954 2806/2806/1954
f 2801/2801/1955 2802/2802/1955 2808/2808/1955 2807/2807/1955
f 2802/2802/1956 2803/2803/1956 2809/2809/1956 2808/2808/1956
f 2803/2803/1957 2804/2804/1957 2810/2810/1957 2809/2809/1957
f 2805/2805/1958 2806/2806/1958 2812/2812/1958 2811/2811/1958
f 2806/2806/1959 2807/2807/1959 2813/2813/1959 2812/2812/1959
f 2807/2807/1960 2808/2808/1960 2814/2814/1960 2813/2813/1960
f 2808/2808/1961 2809/2809/1961 2815/2815/1961 2814/2814/1961
f 2809/2809/1962 2810/2810/1962 2816/2816/1962 2815/2815/1962
f 2811/2811/1963 2812/2812/1963 2818/2818/1963 2817/2817/1963
f 2812/2812/1964 2813/2813/1964 2819/2819/1964 2818/2818/1964
f 2813/2813/1965 2814/2814/1965 2820/2820/1965 2819/2819/1965
f 2814/2814/1966 2815/2815/1966 2821/2821/1966 2820/2820/1966
f 2815/2815/1967 2816/2816/1967 2822/2822/1967 2821/2821/1967
f 2817/2817/1968 2818/2818/1968 2824/2824/1968 2823/2823/1968
f 2818/2818/1969 2819/2819/1969 2825/2825/1969 2824/2824/1969
f 2819/2819/1970 2820/2820/1970 2826/2826/1970 2825/2825/1970
f 2820/2820/1971 2821/2821/1971 2827/2827/1971 2826/2826/1971
f 2821/2821/1972 2822/2822/1972 2828/2828/1972 2827/2827/1972
f 2823/2823/1973 2824/2824/1973 2781/2781/1973 2775/2775/1973
f 2824/2824/1974 2825/2825/1974 2787/2787/1974 2781/2781/1974
f 2825/2825/1975 2826/2826/1975 2793/2793/1975 2787/2787/1975
f 2826/2826/1976 2827/2827/1976 2799/2799/1976 2793/2793/1976
f 2827/2827/1977 2828/2828/1977 2741/2741/1977 2799/2799/1977
f 48/48/1978 167/167/1978 205/205/1978 137/137/1978
f 137/137/1979 205/205/1979 211/211/1979 138/138/1979
f 138/138/1980 211/211/1980 217/217/1980 139/139/1980
f 139/139/1981 217/217/1981 223/223/1981 140/140/1981
f 140/140/1982 223/223/1982 174/174/1982 141/141/1982
f 141/141/1983 174/174/1983 173/173/1983 72/72/1983
f 72/72/1984 173/173/1984 172/172/1984 66/66/1984
f 66/66/1985 172/172/1985 171/171/1985 60/60/1985
f 60/60/1986 171/171/1986 170/170/1986 54/54/1986
f 54/54/1987 170/170/1987 166/166/1987 45/45/1987
f 287/287/1988 408/408/1988 417/417/1988 291/291/1988
f 291/291/1989 417/417/1989 423/423/1989 292/292/1989
f 292/292/1990 423/423/1990 429/429/1990 293/293/1990
f 293/293/1991 429/429/1991 435/435/1991 294/294/1991
f 294/294/1992 435/435/1992 504/504/1992 295/295/1992
f 295/295/1993 504/504/1993 503/503/1993 344/344/1993
f 344/344/1994 503/503/1994 502/502/1994 338/338/1994
f 338/338/1995 502/502/1995 501/501/1995 332/332/1995
f 332/332/1996 501/501/1996 500/500/1996 326/326/1996
f 326/326/1997 500/500/1997 411/411/1997 288/288/1997
f 409/409/1998 169/169/1998 263/263/1998 442/442/1998
f 442/442/1999 263/263/1999 269/269/1999 443/443/1999
f 443/443/2000 269/269/2000 275/275/2000 444/444/2000
f 444/444/2001 275/275/2001 281/281/2001 445/445/2001
f 445/445/2002 281/281/2002 233/233/2002 446/446/2002
f 446/446/2003 233/233/2003 232/232/2003 494/494/2003
f 494/494/2004 232/232/2004 231/231/2004 488/488/2004
f 488/488/2005 231/231/2005 230/230/2005 482/482/2005
f 482/482/2006 230/230/2006 229/229/2006 476/476/2006
f 476/476/2007 229/229/2007 168/168/2007 410/410/2007
f 289/289/2008 47/47/2008 113/113/2008 350/350/2008
f 350/350/2009 113/113/2009 119/119/2009 351/351/2009
f 351/351/2010 119/119/2010 125/125/2010 352/352/2010
f 352/352/2011 125/125/2011 131/131/2011 353/353/2011
f 353/353/2012 131/131/2012 83/83/2012 354/354/2012
f 354/354/2013 83/83/2013 82/82/2013 402/402/2013
f 402/402/2014 82/82/2014 81/81/2014 396/396/2014
f 396/396/2015 81/81/2015 80/80/2015 390/390/2015
f 390/390/2016 80/80/2016 79/79/2016 384/384/2016
f 384/384/2017 79/79/2017 46/46/2017 290/290/2017
f 23/23/2018 411/411/2018 505/505/2018 25/25/2018
f 25/25/2019 505/505/2019 511/511/2019 26/26/2019
f 26/26/2020 511/511/2020 517/517/2020 27/27/2020
f 27/27/2021 517/517/2021 523/523/2021 28/28/2021
f 28/28/2022 523/523/2022 475/475/2022 29/29/2022
f 29/29/2023 475/475/2023 474/474/2023 30/30/2023
f 30/30/2024 474/474/2024 473/473/2024 31/31/2024
f 31/31/2025 473/473/2025 472/472/2025 32/32/2025
f 32/32/2026 472/472/2026 471/471/2026 33/33/2026
f 33/33/2027 471/471/2027 410/410/2027 24/24/2027
f 167/167/2028 13/13/2028 22/22/2028 200/200/2028
f 200/200/2029 22/22/2029 21/21/2029 201/201/2029
f 201/201/2030 21/21/2030 20/20/2030 202/202/2030
f 202/202/2031 20/20/2031 19/19/2031 203/203/2031
f 203/203/2032 19/19/2032 18/18/2032 204/204/2032
f 204/204/2033 18/18/2033 17/17/2033 252/252/2033
f 252/252/2034 17/17/2034 16/16/2034 246/246/2034
f 246/246/2035 16/16/2035 15/15/2035 240/240/2035
f 240/240/2036 15/15/2036 14/14/2036 234/234/2036
f 234/234/2037 14/14/2037 12/12/2037 168/168/2037
f 47/47/2038 2/2/2038 11/11/2038 108/108/2038
f 108/108/2039 11/11/2039 10/10/2039 109/109/2039
f 109/109/2040 10/10/2040 9/9/2040 110/110/2040
f 110/110/2041 9/9/2041 8/8/2041 111/111/2041
f 111/111/2042 8/8/2042 7/7/2042 112/112/2042
f 112/112/2043 7/7/2043 6/6/2043 160/160/2043
f 160/160/2044 6/6/2044 5/5/2044 154/154/2044
f 154/154/2045 5/5/2045 4/4/2045 148/148/2045
f 148/148/2046 4/4/2046 3/3/2046 142/142/2046
f 142/142/2047 3/3/2047 1/1/2047 48/48/2047
f 288/288/2048 35/35/2048 44/44/2048 321/321/2048
f 321/321/2049 44/44/2049 43/43/2049 322/322/2049
f 322/322/2050 43/43/2050 42/42/2050 323/323/2050
f 323/323/2051 42/42/2051 41/41/2051 324/324/2051
f 324/324/2052 41/41/2052 40/40/2052 325/325/2052
f 325/325/2053 40/40/2053 39/39/2053 373/373/2053
f 373/373/2054 39/39/2054 38/38/2054 367/367/2054
f 367/367/2055 38/38/2055 37/37/2055 361/361/2055
f 361/361/2056 37/37/2056 36/36/2056 355/355/2056
f 355/355/2057 36/36/2057 34/34/2057 289/289/2057
f 529/529/2058 620/620/2058 628/628/2058 532/532/2058
f 532/532/2059 628/628/2059 634/634/2059 533/533/2059
f 533/533/2060 634/634/2060 640/640/2060 534/534/2060
f 534/534/2061 640/640/2061 646/646/2061 535/535/2061
f 535/535/2062 646/646/2062 686/686/2062 536/536/2062
f 536/536/2063 686/686/2063 685/685/2063 585/585/2063
f 585/585/2064 685/685/2064 684/684/2064 579/579/2064
f 579/579/2065 684/684/2065 683/683/2065 573/573/2065
f 573/573/2066 683/683/2066 682/682/2066 567/567/2066
f 567/567/2067 682/682/2067 622/622/2067 530/530/2067
f 713/713/2068 803/803/2068 840/840/2068 773/773/2068
f 773/773/2069 840/840/2069 846/846/2069 774/774/2069
f 774/774/2070 846/846/2070 852/852/2070 775/775/2070
f 775/775/2071 852/852/2071 858/858/2071 776/776/2071
f 776/776/2072 858/858/2072 809/809/2072 777/777/2072
f 777/777/2073 809/809/2073 808/808/2073 737/737/2073
f 737/737/2074 808/808/2074 807/807/2074 731/731/2074
f 731/731/2075 807/807/2075 806/806/2075 725/725/2075
f 725/725/2076 806/806/2076 805/805/2076 719/719/2076
f 719/719/2077 805/805/2077 802/802/2077 711/711/2077
f 803/803/2078 622/622/2078 687/687/2078 835/835/2078
f 835/835/2079 687/687/2079 693/693/2079 836/836/2079
f 836/836/2080 693/693/2080 699/699/2080 837/837/2080
f 837/837/2081 699/699/2081 705/705/2081 838/838/2081
f 838/838/2082 705/705/2082 657/657/2082 839/839/2082
f 839/839/2083 657/657/2083 656/656/2083 887/887/2083
f 887/887/2084 656/656/2084 655/655/2084 881/881/2084
f 881/881/2085 655/655/2085 654/654/2085 875/875/2085
f 875/875/2086 654/654/2086 653/653/2086 869/869/2086
f 869/869/2087 653/653/2087 621/621/2087 804/804/2087
f 712/712/2088 531/531/2088 596/596/2088 744/744/2088
f 744/744/2089 596/596/2089 602/602/2089 745/745/2089
f 745/745/2090 602/602/2090 608/608/2090 746/746/2090
f 746/746/2091 608/608/2091 614/614/2091 747/747/2091
f 747/747/2092 614/614/2092 566/566/2092 748/748/2092
f 748/748/2093 566/566/2093 565/565/2093 796/796/2093
f 796/796/2094 565/565/2094 564/564/2094 790/790/2094
f 790/790/2095 564/564/2095 563/563/2095 784/784/2095
f 784/784/2096 563/563/2096 562/562/2096 778/778/2096
f 778/778/2097 562/562/2097 530/530/2097 713/713/2097
f 1017/1017/2098 802/802/2098 810/810/2098 1106/1106/2098
f 1106/1106/2099 810/810/2099 816/816/2099 1107/1107/2099
f 1107/1107/2100 816/816/2100 822/822/2100 1108/1108/2100
f 1108/1108/2101 822/822/2101 828/828/2101 1109/1109/2101
f 1109/1109/2102 828/828/2102 868/868/2102 1110/1110/2102
f 1110/1110/2103 868/868/2103 867/867/2103 1041/1041/2103
f 1041/1041/2104 867/867/2104 866/866/2104 1035/1035/2104
f 1035/1035/2105 866/866/2105 865/865/2105 1029/1029/2105
f 1029/1029/2106 865/865/2106 864/864/2106 1023/1023/2106
f 1023/1023/2107 864/864/2107 804/804/2107 1014/1014/2107
f 1259/1259/2108 166/166/2108 175/175/2108 1348/1348/2108
f 1348/1348/2109 175/175/2109 181/181/2109 1349/1349/2109
f 1349/1349/2110 181/181/2110 187/187/2110 1350/1350/2110
f 1350/1350/2111 187/187/2111 193/193/2111 1351/1351/2111
f 1351/1351/2112 193/193/2112 262/262/2112 1352/1352/2112
f 1352/1352/2113 262/262/2113 261/261/2113 1283/1283/2113
f 1283/1283/2114 261/261/2114 260/260/2114 1277/1277/2114
f 1277/1277/2115 260/260/2115 259/259/2115 1271/1271/2115
f 1271/1271/2116 259/259/2116 258/258/2116 1265/1265/2116
f 1265/1265/2117 258/258/2117 169/169/2117 1256/1256/2117
f 1501/1501/2118 46/46/2118 84/84/2118 1590/1590/2118
f 1590/1590/2119 84/84/2119 90/90/2119 1591/1591/2119
f 1591/1591/2120 90/90/2120 96/96/2120 1592/1592/2120
f 1592/1592/2121 96/96/2121 102/102/2121 1593/1593/2121
f 1593/1593/2122 102/102/2122 53/53/2122 1594/1594/2122
f 1594/1594/2123 53/53/2123 52/52/2123 1525/1525/2123
f 1525/1525/2124 52/52/2124 51/51/2124 1519/1519/2124
f 1519/1519/2125 51/51/2125 50/50/2125 1513/1513/2125
f 1513/1513/2126 50/50/2126 49/49/2126 1507/1507/2126
f 1507/1507/2127 49/49/2127 45/45/2127 1498/1498/2127
f 1743/1743/2128 287/287/2128 296/296/2128 1832/1832/2128
f 1832/1832/2129 296/296/2129 302/302/2129 1833/1833/2129
f 1833/1833/2130 302/302/2130 308/308/2130 1834/1834/2130
f 1834/1834/2131 308/308/2131 314/314/2131 1835/1835/2131
f 1835/1835/2132 314/314/2132 383/383/2132 1836/1836/2132
f 1836/1836/2133 383/383/2133 382/382/2133 1767/1767/2133
f 1767/1767/2134 382/382/2134 381/381/2134 1761/1761/2134
f 1761/1761/2135 381/381/2135 380/380/2135 1755/1755/2135
f 1755/1755/2136 380/380/2136 379/379/2136 1749/1749/2136
f 1749/1749/2137 379/379/2137 290/290/2137 1740/1740/2137
f 408/408/2138 894/894/2138 932/932/2138 412/412/2138
f 412/412/2139 932/932/2139 938/938/2139 413/413/2139
f 413/413/2100 938/938/2100 944/944/2100 414/414/2100
f 414/414/2140 944/944/2140 950/950/2140 415/415/2140
f 415/415/2102 950/950/2102 901/901/2102 416/416/2102
f 416/416/2141 901/901/2141 900/900/2141 465/465/2141
f 465/465/2104 900/900/2104 899/899/2104 459/459/2104
f 459/459/2105 899/899/2105 898/898/2105 453/453/2105
f 453/453/2106 898/898/2106 897/897/2106 447/447/2106
f 447/447/2107 897/897/2107 893/893/2107 409/409/2107
f 1861/1861/2142 896/896/2142 990/990/2142 1865/1865/2142
f 1865/1865/2143 990/990/2143 996/996/2143 1866/1866/2143
f 1866/1866/2144 996/996/2144 1002/1002/2144 1867/1867/2144
f 1867/1867/10 1002/1002/10 1008/1008/10 1868/1868/10
f 1868/1868/2145 1008/1008/2145 960/960/2145 1869/1869/2145
f 1869/1869/2146 960/960/2146 959/959/2146 1918/1918/2146
f 1918/1918/2147 959/959/2147 958/958/2147 1912/1912/2147
f 1912/1912/2148 958/958/2148 957/957/2148 1906/1906/2148
f 1906/1906/2149 957/957/2149 956/956/2149 1900/1900/2149
f 1900/1900/2150 956/956/2150 895/895/2150 1862/1862/2150
f 620/620/2151 1136/1136/2151 1174/1174/2151 623/623/2151
f 623/623/2152 1174/1174/2152 1180/1180/2152 624/624/2152
f 624/624/2110 1180/1180/2110 1186/1186/2110 625/625/2110
f 625/625/2111 1186/1186/2111 1192/1192/2111 626/626/2111
f 626/626/2112 1192/1192/2112 1143/1143/2112 627/627/2112
f 627/627/2153 1143/1143/2153 1142/1142/2153 676/676/2153
f 676/676/2154 1142/1142/2154 1141/1141/2154 670/670/2154
f 670/670/2115 1141/1141/2115 1140/1140/2115 664/664/2115
f 664/664/2116 1140/1140/2116 1139/1139/2116 658/658/2116
f 658/658/2155 1139/1139/2155 1135/1135/2155 621/621/2155
f 2711/2711/2156 1742/1742/2156 1808/1808/2156 2800/2800/2156
f 2800/2800/2157 1808/1808/2157 1814/1814/2157 2801/2801/2157
f 2801/2801/2158 1814/1814/2158 1820/1820/2158 2802/2802/2158
f 2802/2802/10 1820/1820/10 1826/1826/10 2803/2803/10
f 2803/2803/2159 1826/1826/2159 1778/1778/2159 2804/2804/2159
f 2804/2804/10 1778/1778/10 1777/1777/10 2735/2735/10
f 2735/2735/2160 1777/1777/2160 1776/1776/2160 2729/2729/2160
f 2729/2729/2161 1776/1776/2161 1775/1775/2161 2723/2723/2161
f 2723/2723/2162 1775/1775/2162 1774/1774/2162 2717/2717/2162
f 2717/2717/2163 1774/1774/2163 1741/1741/2163 2708/2708/2163
f 531/531/2164 1378/1378/2164 1416/1416/2164 591/591/2164
f 591/591/2165 1416/1416/2165 1422/1422/2165 592/592/2165
f 592/592/2120 1422/1422/2120 1428/1428/2120 593/593/2120
f 593/593/2166 1428/1428/2166 1434/1434/2166 594/594/2166
f 594/594/2167 1434/1434/2167 1385/1385/2167 595/595/2167
f 595/595/2123 1385/1385/2123 1384/1384/2123 555/555/2123
f 555/555/2124 1384/1384/2124 1383/1383/2124 549/549/2124
f 549/549/2125 1383/1383/2125 1382/1382/2125 543/543/2125
f 543/543/2168 1382/1382/2168 1381/1381/2168 537/537/2168
f 537/537/2169 1381/1381/2169 1377/1377/2169 529/529/2169
f 2469/2469/2170 1500/1500/2170 1566/1566/2170 2558/2558/2170
f 2558/2558/2171 1566/1566/2171 1572/1572/2171 2559/2559/2171
f 2559/2559/2172 1572/1572/2172 1578/1578/2172 2560/2560/2172
f 2560/2560/2 1578/1578/2 1584/1584/2 2561/2561/2
f 2561/2561/2 1584/1584/2 1536/1536/2 2562/2562/2
f 2562/2562/2173 1536/1536/2173 1535/1535/2173 2493/2493/2173
f 2493/2493/2174 1535/1535/2174 1534/1534/2174 2487/2487/2174
f 2487/2487/2 1534/1534/2 1533/1533/2 2481/2481/2
f 2481/2481/2175 1533/1533/2175 1532/1532/2175 2475/2475/2175
f 2475/2475/2 1532/1532/2 1499/1499/2 2466/2466/2
f 711/711/2176 1620/1620/2176 1658/1658/2176 714/714/2176
f 714/714/2177 1658/1658/2177 1664/1664/2177 715/715/2177
f 715/715/2178 1664/1664/2178 1670/1670/2178 716/716/2178
f 716/716/2131 1670/1670/2131 1676/1676/2131 717/717/2131
f 717/717/2132 1676/1676/2132 1627/1627/2132 718/718/2132
f 718/718/2179 1627/1627/2179 1626/1626/2179 767/767/2179
f 767/767/2180 1626/1626/2180 1625/1625/2180 761/761/2180
f 761/761/2135 1625/1625/2135 1624/1624/2135 755/755/2135
f 755/755/2181 1624/1624/2181 1623/1623/2181 749/749/2181
f 749/749/2182 1623/1623/2182 1619/1619/2182 712/712/2182
f 1257/1257/2183 2224/2224/2183 2233/2233/2183 1290/1290/2183
f 1290/1290/2184 2233/2233/2184 2239/2239/2184 1291/1291/2184
f 1291/1291/2185 2239/2239/2185 2245/2245/2185 1292/1292/2185
f 1292/1292/2186 2245/2245/2186 2251/2251/2186 1293/1293/2186
f 1293/1293/2 2251/2251/2 2320/2320/2 1294/1294/2
f 1294/1294/2187 2320/2320/2187 2319/2319/2187 1342/1342/2187
f 1342/1342/2188 2319/2319/2188 2318/2318/2188 1336/1336/2188
f 1336/1336/2 2318/2318/2 2317/2317/2 1330/1330/2
f 1330/1330/2189 2317/2317/2189 2316/2316/2189 1324/1324/2189
f 1324/1324/2190 2316/2316/2190 2227/2227/2190 1258/1258/2190
f 1742/1742/2191 895/895/2191 961/961/2191 1803/1803/2191
f 1803/1803/2192 961/961/2192 967/967/2192 1804/1804/2192
f 1804/1804/2193 967/967/2193 973/973/2193 1805/1805/2193
f 1805/1805/2194 973/973/2194 979/979/2194 1806/1806/2194
f 1806/1806/2195 979/979/2195 931/931/2195 1807/1807/2195
f 1807/1807/2196 931/931/2196 930/930/2196 1855/1855/2196
f 1855/1855/2197 930/930/2197 929/929/2197 1849/1849/2197
f 1849/1849/2198 929/929/2198 928/928/2198 1843/1843/2198
f 1843/1843/2199 928/928/2199 927/927/2199 1837/1837/2199
f 1837/1837/2200 927/927/2200 894/894/2200 1743/1743/2200
f 1620/1620/1988 1017/1017/1988 1111/1111/1988 1653/1653/1988
f 1653/1653/1989 1111/1111/1989 1117/1117/1989 1654/1654/1989
f 1654/1654/1990 1117/1117/1990 1123/1123/1990 1655/1655/1990
f 1655/1655/1991 1123/1123/1991 1129/1129/1991 1656/1656/1991
f 1656/1656/1992 1129/1129/1992 1081/1081/1992 1657/1657/1992
f 1657/1657/1993 1081/1081/1993 1080/1080/1993 1705/1705/1993
f 1705/1705/1994 1080/1080/1994 1079/1079/1994 1699/1699/1994
f 1699/1699/1995 1079/1079/1995 1078/1078/1995 1693/1693/1995
f 1693/1693/1996 1078/1078/1996 1077/1077/1996 1687/1687/1996
f 1687/1687/1997 1077/1077/1997 1016/1016/1997 1621/1621/1997
f 1500/1500/2201 1741/1741/2201 1779/1779/2201 1561/1561/2201
f 1561/1561/2202 1779/1779/2202 1785/1785/2202 1562/1562/2202
f 1562/1562/2203 1785/1785/2203 1791/1791/2203 1563/1563/2203
f 1563/1563/2204 1791/1791/2204 1797/1797/2204 1564/1564/2204
f 1564/1564/2205 1797/1797/2205 1748/1748/2205 1565/1565/2205
f 1565/1565/2206 1748/1748/2206 1747/1747/2206 1613/1613/2206
f 1613/1613/2207 1747/1747/2207 1746/1746/2207 1607/1607/2207
f 1607/1607/2208 1746/1746/2208 1745/1745/2208 1601/1601/2208
f 1601/1601/2209 1745/1745/2209 1744/1744/2209 1595/1595/2209
f 1595/1595/2210 1744/1744/2210 1740/1740/2210 1501/1501/2210
f 1378/1378/2017 1619/1619/2017 1628/1628/2017 1411/1411/2017
f 1411/1411/2016 1628/1628/2016 1634/1634/2016 1412/1412/2016
f 1412/1412/2015 1634/1634/2015 1640/1640/2015 1413/1413/2015
f 1413/1413/2014 1640/1640/2014 1646/1646/2014 1414/1414/2014
f 1414/1414/2013 1646/1646/2013 1715/1715/2013 1415/1415/2013
f 1415/1415/2012 1715/1715/2012 1714/1714/2012 1463/1463/2012
f 1463/1463/2011 1714/1714/2011 1713/1713/2011 1457/1457/2011
f 1457/1457/2211 1713/1713/2211 1712/1712/2211 1451/1451/2211
f 1451/1451/2009 1712/1712/2009 1711/1711/2009 1445/1445/2009
f 1445/1445/2008 1711/1711/2008 1622/1622/2008 1379/1379/2008
f 1258/1258/2212 1499/1499/2212 1537/1537/2212 1319/1319/2212
f 1319/1319/2213 1537/1537/2213 1543/1543/2213 1320/1320/2213
f 1320/1320/2214 1543/1543/2214 1549/1549/2214 1321/1321/2214
f 1321/1321/2215 1549/1549/2215 1555/1555/2215 1322/1322/2215
f 1322/1322/2216 1555/1555/2216 1506/1506/2216 1323/1323/2216
f 1323/1323/2217 1506/1506/2217 1505/1505/2217 1371/1371/2217
f 1371/1371/2218 1505/1505/2218 1504/1504/2218 1365/1365/2218
f 1365/1365/2219 1504/1504/2219 1503/1503/2219 1359/1359/2219
f 1359/1359/2220 1503/1503/2220 1502/1502/2220 1353/1353/2220
f 1353/1353/2221 1502/1502/2221 1498/1498/2221 1259/1259/2221
f 1136/1136/1987 1377/1377/1987 1386/1386/1987 1169/1169/1987
f 1169/1169/1986 1386/1386/1986 1392/1392/1986 1170/1170/1986
f 1170/1170/1985 1392/1392/1985 1398/1398/1985 1171/1171/1985
f 1171/1171/1984 1398/1398/1984 1404/1404/1984 1172/1172/1984
f 1172/1172/1983 1404/1404/1983 1473/1473/1983 1173/1173/1983
f 1173/1173/1982 1473/1473/1982 1472/1472/1982 1221/1221/1982
f 1221/1221/1981 1472/1472/1981 1471/1471/1981 1215/1215/1981
f 1215/1215/1980 1471/1471/1980 1470/1470/1980 1209/1209/1980
f 1209/1209/1979 1470/1470/1979 1469/1469/1979 1203/1203/1979
f 1203/1203/1978 1469/1469/1978 1380/1380/1978 1137/1137/1978
f 896/896/2222 1257/1257/2222 1295/1295/2222 985/985/2222
f 985/985/2223 1295/1295/2223 1301/1301/2223 986/986/2223
f 986/986/2224 1301/1301/2224 1307/1307/2224 987/987/2224
f 987/987/2225 1307/1307/2225 1313/1313/2225 988/988/2225
f 988/988/2226 1313/1313/2226 1264/1264/2226 989/989/2226
f 989/989/2227 1264/1264/2227 1263/1263/2227 920/920/2227
f 920/920/2228 1263/1263/2228 1262/1262/2228 914/914/2228
f 914/914/2229 1262/1262/2229 1261/1261/2229 908/908/2229
f 908/908/2230 1261/1261/2230 1260/1260/2230 902/902/2230
f 902/902/2231 1260/1260/2231 1256/1256/2231 893/893/2231
f 1014/1014/1998 1135/1135/1998 1144/1144/1998 1018/1018/1998
f 1018/1018/1999 1144/1144/1999 1150/1150/1999 1019/1019/1999
f 1019/1019/2000 1150/1150/2000 1156/1156/2000 1020/1020/2000
f 1020/1020/2001 1156/1156/2001 1162/1162/2001 1021/1021/2001
f 1021/1021/2002 1162/1162/2002 1231/1231/2002 1022/1022/2002
f 1022/1022/2232 1231/1231/2232 1230/1230/2232 1071/1071/2232
f 1071/1071/2004 1230/1230/2004 1229/1229/2004 1065/1065/2004
f 1065/1065/2233 1229/1229/2233 1228/1228/2233 1059/1059/2233
f 1059/1059/2006 1228/1228/2006 1227/1227/2006 1053/1053/2006
f 1053/1053/2007 1227/1227/2007 1138/1138/2007 1015/1015/2007
f 1863/1863/2098 1983/1983/2098 2021/2021/2098 1924/1924/2098
f 1924/1924/2234 2021/2021/2234 2027/2027/2234 1925/1925/2234
f 1925/1925/2100 2027/2027/2100 2033/2033/2100 1926/1926/2100
f 1926/1926/2101 2033/2033/2101 2039/2039/2101 1927/1927/2101
f 1927/1927/2102 2039/2039/2102 1990/1990/2102 1928/1928/2102
f 1928/1928/2141 1990/1990/2141 1989/1989/2141 1976/1976/2141
f 1976/1976/2235 1989/1989/2235 1988/1988/2235 1970/1970/2235
f 1970/1970/2105 1988/1988/2105 1987/1987/2105 1964/1964/2105
f 1964/1964/2106 1987/1987/2106 1986/1986/2106 1958/1958/2106
f 1958/1958/2107 1986/1986/2107 1982/1982/2107 1864/1864/2107
f 2106/2106/2108 2226/2226/2108 2292/2292/2108 2195/2195/2108
f 2195/2195/2236 2292/2292/2236 2298/2298/2236 2196/2196/2236
f 2196/2196/2110 2298/2298/2110 2304/2304/2110 2197/2197/2110
f 2197/2197/2111 2304/2304/2111 2310/2310/2111 2198/2198/2111
f 2198/2198/2112 2310/2310/2112 2262/2262/2112 2199/2199/2112
f 2199/2199/2153 2262/2262/2153 2261/2261/2153 2130/2130/2153
f 2130/2130/2114 2261/2261/2114 2260/2260/2114 2124/2124/2114
f 2124/2124/2115 2260/2260/2115 2259/2259/2115 2118/2118/2115
f 2118/2118/2237 2259/2259/2237 2258/2258/2237 2112/2112/2237
f 2112/2112/2117 2258/2258/2117 2225/2225/2117 2103/2103/2117
f 2348/2348/2164 2468/2468/2164 2534/2534/2164 2437/2437/2164
f 2437/2437/2165 2534/2534/2165 2540/2540/2165 2438/2438/2165
f 2438/2438/2120 2540/2540/2120 2546/2546/2120 2439/2439/2120
f 2439/2439/2238 2546/2546/2238 2552/2552/2238 2440/2440/2238
f 2440/2440/2167 2552/2552/2167 2504/2504/2167 2441/2441/2167
f 2441/2441/2123 2504/2504/2123 2503/2503/2123 2372/2372/2123
f 2372/2372/2124 2503/2503/2124 2502/2502/2124 2366/2366/2124
f 2366/2366/2125 2502/2502/2125 2501/2501/2125 2360/2360/2125
f 2360/2360/2168 2501/2501/2168 2500/2500/2168 2354/2354/2168
f 2354/2354/2239 2500/2500/2239 2467/2467/2239 2345/2345/2239
f 2590/2590/2128 2710/2710/2128 2776/2776/2128 2679/2679/2128
f 2679/2679/2240 2776/2776/2240 2782/2782/2240 2680/2680/2240
f 2680/2680/2178 2782/2782/2178 2788/2788/2178 2681/2681/2178
f 2681/2681/2131 2788/2788/2131 2794/2794/2131 2682/2682/2131
f 2682/2682/2132 2794/2794/2132 2746/2746/2132 2683/2683/2132
f 2683/2683/2133 2746/2746/2133 2745/2745/2133 2614/2614/2133
f 2614/2614/2241 2745/2745/2241 2744/2744/2241 2608/2608/2241
f 2608/2608/2135 2744/2744/2135 2743/2743/2135 2602/2602/2135
f 2602/2602/2136 2743/2743/2136 2742/2742/2136 2596/2596/2136
f 2596/2596/2137 2742/2742/2137 2709/2709/2137 2587/2587/2137
f 2710/2710/2242 1863/1863/2242 1929/1929/2242 2771/2771/2242
f 2771/2771/2243 1929/1929/2243 1935/1935/2243 2772/2772/2243
f 2772/2772/2244 1935/1935/2244 1941/1941/2244 2773/2773/2244
f 2773/2773/2245 1941/1941/2245 1947/1947/2245 2774/2774/2245
f 2774/2774/2246 1947/1947/2246 1899/1899/2246 2775/2775/2246
f 2775/2775/2247 1899/1899/2247 1898/1898/2247 2823/2823/2247
f 2823/2823/2248 1898/1898/2248 1897/1897/2248 2817/2817/2248
f 2817/2817/2249 1897/1897/2249 1896/1896/2249 2811/2811/2249
f 2811/2811/2250 1896/1896/2250 1895/1895/2250 2805/2805/2250
f 2805/2805/2251 1895/1895/2251 1862/1862/2251 2711/2711/2251
f 2589/2589/1997 1984/1984/1997 2050/2050/1997 2650/2650/1997
f 2650/2650/2252 2050/2050/2252 2056/2056/2252 2651/2651/2252
f 2651/2651/1995 2056/2056/1995 2062/2062/1995 2652/2652/1995
f 2652/2652/1994 2062/2062/1994 2068/2068/1994 2653/2653/1994
f 2653/2653/1993 2068/2068/1993 2020/2020/1993 2654/2654/1993
f 2654/2654/1992 2020/2020/1992 2019/2019/1992 2702/2702/1992
f 2702/2702/1991 2019/2019/1991 2018/2018/1991 2696/2696/1991
f 2696/2696/1990 2018/2018/1990 2017/2017/1990 2690/2690/1990
f 2690/2690/1989 2017/2017/1989 2016/2016/1989 2684/2684/1989
f 2684/2684/1988 2016/2016/1988 1983/1983/1988 2590/2590/1988
f 2468/2468/2253 2709/2709/2253 2747/2747/2253 2529/2529/2253
f 2529/2529/2254 2747/2747/2254 2753/2753/2254 2530/2530/2254
f 2530/2530/2255 2753/2753/2255 2759/2759/2255 2531/2531/2255
f 2531/2531/2256 2759/2759/2256 2765/2765/2256 2532/2532/2256
f 2532/2532/2257 2765/2765/2257 2716/2716/2257 2533/2533/2257
f 2533/2533/2258 2716/2716/2258 2715/2715/2258 2581/2581/2258
f 2581/2581/2259 2715/2715/2259 2714/2714/2259 2575/2575/2259
f 2575/2575/2260 2714/2714/2260 2713/2713/2260 2569/2569/2260
f 2569/2569/2261 2713/2713/2261 2712/2712/2261 2563/2563/2261
f 2563/2563/2201 2712/2712/2201 2708/2708/2201 2469/2469/2201
f 2347/2347/2008 2588/2588/2008 2626/2626/2008 2408/2408/2008
f 2408/2408/2262 2626/2626/2262 2632/2632/2262 2409/2409/2262
f 2409/2409/2010 2632/2632/2010 2638/2638/2010 2410/2410/2010
f 2410/2410/2011 2638/2638/2011 2644/2644/2011 2411/2411/2011
f 2411/2411/2012 2644/2644/2012 2595/2595/2012 2412/2412/2012
f 2412/2412/2013 2595/2595/2013 2594/2594/2013 2460/2460/2013
f 2460/2460/2014 2594/2594/2014 2593/2593/2014 2454/2454/2014
f 2454/2454/2015 2593/2593/2015 2592/2592/2015 2448/2448/2015
f 2448/2448/2263 2592/2592/2263 2591/2591/2263 2442/2442/2263
f 2442/2442/2017 2591/2591/2017 2587/2587/2017 2348/2348/2017
f 2226/2226/2264 2467/2467/2264 2505/2505/2264 2287/2287/2264
f 2287/2287/2265 2505/2505/2265 2511/2511/2265 2288/2288/2265
f 2288/2288/2266 2511/2511/2266 2517/2517/2266 2289/2289/2266
f 2289/2289/2267 2517/2517/2267 2523/2523/2267 2290/2290/2267
f 2290/2290/2268 2523/2523/2268 2474/2474/2268 2291/2291/2268
f 2291/2291/2269 2474/2474/2269 2473/2473/2269 2339/2339/2269
f 2339/2339/2270 2473/2473/2270 2472/2472/2270 2333/2333/2270
f 2333/2333/2271 2472/2472/2271 2471/2471/2271 2327/2327/2271
f 2327/2327/2272 2471/2471/2272 2470/2470/2272 2321/2321/2272
f 2321/2321/2273 2470/2470/2273 2466/2466/2273 2227/2227/2273
f 2105/2105/2274 2346/2346/2274 2384/2384/2274 2166/2166/2274
f 2166/2166/2275 2384/2384/2275 2390/2390/2275 2167/2167/2275
f 2167/2167/1980 2390/2390/1980 2396/2396/1980 2168/2168/1980
f 2168/2168/1981 2396/2396/1981 2402/2402/1981 2169/2169/1981
f 2169/2169/1982 2402/2402/1982 2353/2353/1982 2170/2170/1982
f 2170/2170/1983 2353/2353/1983 2352/2352/1983 2218/2218/1983
f 2218/2218/1984 2352/2352/1984 2351/2351/1984 2212/2212/1984
f 2212/2212/1985 2351/2351/1985 2350/2350/1985 2206/2206/1985
f 2206/2206/1986 2350/2350/1986 2349/2349/1986 2200/2200/1986
f 2200/2200/1987 2349/2349/1987 2345/2345/1987 2106/2106/1987
f 1864/1864/2276 2225/2225/2276 2263/2263/2276 1953/1953/2276
f 1953/1953/2277 2263/2263/2277 2269/2269/2277 1954/1954/2277
f 1954/1954/2278 2269/2269/2278 2275/2275/2278 1955/1955/2278
f 1955/1955/2279 2275/2275/2279 2281/2281/2279 1956/1956/2279
f 1956/1956/2280 2281/2281/2280 2232/2232/2280 1957/1957/2280
f 1957/1957/2281 2232/2232/2281 2231/2231/2281 1888/1888/2281
f 1888/1888/2282 2231/2231/2282 2230/2230/2282 1882/1882/2282
f 1882/1882/2283 2230/2230/2283 2229/2229/2283 1876/1876/2283
f 1876/1876/2284 2229/2229/2284 2228/2228/2284 1870/1870/2284
f 1870/1870/2222 2228/2228/2222 2224/2224/2222 1861/1861/2222
f 1985/1985/2007 2104/2104/2007 2142/2142/2007 2074/2074/2007
f 2074/2074/2285 2142/2142/2285 2148/2148/2285 2075/2075/2285
f 2075/2075/2233 2148/2148/2233 2154/2154/2233 2076/2076/2233
f 2076/2076/2004 2154/2154/2004 2160/2160/2004 2077/2077/2004
f 2077/2077/2232 2160/2160/2232 2111/2111/2232 2078/2078/2232
f 2078/2078/2002 2111/2111/2002 2110/2110/2002 2009/2009/2002
f 2009/2009/2001 2110/2110/2001 2109/2109/2001 2003/2003/2001
f 2003/2003/2000 2109/2109/2000 2108/2108/2000 1997/1997/2000
f 1997/1997/1999 2108/2108/1999 2107/2107/1999 1991/1991/1999
f 1991/1991/1998 2107/2107/1998 2103/2103/1998 1982/1982/1998
f 1137/1137/2156 2105/2105/2156 2171/2171/2156 1198/1198/2156
f 1198/1198/2286 2171/2171/2286 2177/2177/2286 1199/1199/2286
f 1199/1199/2287 2177/2177/2287 2183/2183/2287 1200/1200/2287
f 1200/1200/2288 2183/2183/2288 2189/2189/2288 1201/1201/2288
f 1201/1201/2289 2189/2189/2289 2141/2141/2289 1202/1202/2289
f 1202/1202/2290 2141/2141/2290 2140/2140/2290 1250/1250/2290
f 1250/1250/2291 2140/2140/2291 2139/2139/2291 1244/1244/2291
f 1244/1244/2292 2139/2139/2292 2138/2138/2292 1238/1238/2292
f 1238/1238/2293 2138/2138/2293 2137/2137/2293 1232/1232/2293
f 1232/1232/10 2137/2137/10 2104/2104/10 1138/1138/10
f 1984/1984/2294 1016/1016/2294 1082/1082/2294 2045/2045/2294
f 2045/2045/2295 1082/1082/2295 1088/1088/2295 2046/2046/2295
f 2046/2046/2296 1088/1088/2296 1094/1094/2296 2047/2047/2296
f 2047/2047/2297 1094/1094/2297 1100/1100/2297 2048/2048/2297
f 2048/2048/2298 1100/1100/2298 1052/1052/2298 2049/2049/2298
f 2049/2049/2299 1052/1052/2299 1051/1051/2299 2097/2097/2299
f 2097/2097/2300 1051/1051/2300 1050/1050/2300 2091/2091/2300
f 2091/2091/2172 1050/1050/2172 1049/1049/2172 2085/2085/2172
f 2085/2085/2 1049/1049/2 1048/1048/2 2079/2079/2
f 2079/2079/2 1048/1048/2 1015/1015/2 1985/1985/2
f 1379/1379/10 2347/2347/10 2413/2413/10 1440/1440/10
f 1440/1440/2301 2413/2413/2301 2419/2419/2301 1441/1441/2301
f 1441/1441/2302 2419/2419/2302 2425/2425/2302 1442/1442/2302
f 1442/1442/2303 2425/2425/2303 2431/2431/2303 1443/1443/2303
f 1443/1443/10 2431/2431/10 2383/2383/10 1444/1444/10
f 1444/1444/10 2383/2383/10 2382/2382/10 1492/1492/10
f 1492/1492/2304 2382/2382/2304 2381/2381/2304 1486/1486/2304
f 1486/1486/2305 2381/2381/2305 2380/2380/2305 1480/1480/2305
f 1480/1480/2306 2380/2380/2306 2379/2379/2306 1474/1474/2306
f 1474/1474/2150 2379/2379/2150 2346/2346/2150 1380/1380/2150
f 1621/1621/2307 2589/2589/2307 2655/2655/2307 1682/1682/2307
f 1682/1682/2 2655/2655/2 2661/2661/2 1683/1683/2
f 1683/1683/2 2661/2661/2 2667/2667/2 1684/1684/2
f 1684/1684/2308 2667/2667/2308 2673/2673/2308 1685/1685/2308
f 1685/1685/2309 2673/2673/2309 2625/2625/2309 1686/1686/2309
f 1686/1686/2310 2625/2625/2310 2624/2624/2310 1734/1734/2310
f 1734/1734/2311 2624/2624/2311 2623/2623/2311 1728/1728/2311
f 1728/1728/2312 2623/2623/2312 2622/2622/2312 1722/1722/2312
f 1722/1722/2313 2622/2622/2313 2621/2621/2313 1716/1716/2313
f 1716/1716/2 2621/2621/2 2588/2588/2 1622/1622/2
f 1/1/10 13/13/10 167/167/10 48/48/10
